ds,trend,yhat_lower,yhat_upper,trend_lower,trend_upper,Ano_Novo,Ano_Novo_lower,Ano_Novo_upper,Black_Friday,Black_Friday_lower,Black_Friday_upper,Carnaval,Carnaval_lower,Carnaval_upper,Criancas,Criancas_lower,Criancas_upper,Cyber_Monday,Cyber_Monday_lower,Cyber_Monday_upper,Dia_dos_Pais,Dia_dos_Pais_lower,Dia_dos_Pais_upper,Independencia,Independencia_lower,Independencia_upper,Labour_Day,Labour_Day_lower,Labour_Day_upper,Namorados,Namorados_lower,Namorados_upper,Natal,Natal_lower,Natal_upper,Pascoa,Pascoa_lower,Pascoa_upper,Tiradentes,Tiradentes_lower,Tiradentes_upper,additive_terms,additive_terms_lower,additive_terms_upper,holidays,holidays_lower,holidays_upper,monthly,monthly_lower,monthly_upper,weekly,weekly_lower,weekly_upper,yearly,yearly_lower,yearly_upper,multiplicative_terms,multiplicative_terms_lower,multiplicative_terms_upper,yhat
2017-01-01,840.5869934940798,-21900.291246265642,-8164.501290538727,840.5869934940798,840.5869934940798,-6894.5499187980795,-6894.5499187980795,-6894.5499187980795,0.0,0.0,0.0,0.0,0.0,0.0,0.0,0.0,0.0,0.0,0.0,0.0,0.0,0.0,0.0,0.0,0.0,0.0,0.0,0.0,0.0,0.0,0.0,0.0,0.0,0.0,0.0,0.0,0.0,0.0,0.0,0.0,0.0,-15646.883411462122,-15646.883411462122,-15646.883411462122,-6894.5499187980795,-6894.5499187980795,-6894.5499187980795,1094.2714922881707,1094.2714922881707,1094.2714922881707,-4335.859526208424,-4335.859526208424,-4335.859526208424,-5510.7454587437915,-5510.7454587437915,-5510.7454587437915,0.0,0.0,0.0,-14806.296417968042
2017-01-02,957.1562820721688,-6316.977541012861,6572.173588812193,957.1562820721688,957.1562820721688,-1592.562361878656,-1592.562361878656,-1592.562361878656,0.0,0.0,0.0,0.0,0.0,0.0,0.0,0.0,0.0,0.0,0.0,0.0,0.0,0.0,0.0,0.0,0.0,0.0,0.0,0.0,0.0,0.0,0.0,0.0,0.0,0.0,0.0,0.0,0.0,0.0,0.0,0.0,0.0,-669.9207060493752,-669.9207060493752,-669.9207060493752,-1592.562361878656,-1592.562361878656,-1592.562361878656,1361.3279878895598,1361.3279878895598,1361.3279878895598,4203.53998451388,4203.53998451388,4203.53998451388,-4642.226316574159,-4642.226316574159,-4642.226316574159,0.0,0.0,0.0,287.23557602279357
2017-01-03,1073.7255706502576,-4511.08427975509,8899.331740357462,1073.7255706502576,1073.7255706502576,0.0,0.0,0.0,0.0,0.0,0.0,0.0,0.0,0.0,0.0,0.0,0.0,0.0,0.0,0.0,0.0,0.0,0.0,0.0,0.0,0.0,0.0,0.0,0.0,0.0,0.0,0.0,0.0,0.0,0.0,0.0,0.0,0.0,0.0,0.0,0.0,1187.0571601326335,1187.0571601326335,1187.0571601326335,0.0,0.0,0.0,1577.6733750092164,1577.6733750092164,1577.6733750092164,3347.897897521556,3347.897897521556,3347.897897521556,-3738.514112398139,-3738.514112398139,-3738.514112398139,0.0,0.0,0.0,2260.782730782891
2017-01-04,1190.2948592283465,-3943.287473731885,8802.312333079693,1190.2948592283465,1190.2948592283465,0.0,0.0,0.0,0.0,0.0,0.0,0.0,0.0,0.0,0.0,0.0,0.0,0.0,0.0,0.0,0.0,0.0,0.0,0.0,0.0,0.0,0.0,0.0,0.0,0.0,0.0,0.0,0.0,0.0,0.0,0.0,0.0,0.0,0.0,0.0,0.0,1122.0917707939216,1122.0917707939216,1122.0917707939216,0.0,0.0,0.0,1461.284965942874,1461.284965942874,1461.284965942874,2476.4677993013875,2476.4677993013875,2476.4677993013875,-2815.66099445034,-2815.66099445034,-2815.66099445034,0.0,0.0,0.0,2312.386630022268
2017-01-05,1306.8641478064353,-4501.060808543139,8372.227404521049,1306.8641478064353,1306.8641478064353,0.0,0.0,0.0,0.0,0.0,0.0,0.0,0.0,0.0,0.0,0.0,0.0,0.0,0.0,0.0,0.0,0.0,0.0,0.0,0.0,0.0,0.0,0.0,0.0,0.0,0.0,0.0,0.0,0.0,0.0,0.0,0.0,0.0,0.0,0.0,0.0,311.4197125742977,311.4197125742977,311.4197125742977,0.0,0.0,0.0,980.8996075558524,980.8996075558524,980.8996075558524,1219.9357873478384,1219.9357873478384,1219.9357873478384,-1889.4156823293927,-1889.4156823293927,-1889.4156823293927,0.0,0.0,0.0,1618.2838603807331
2017-01-06,1423.4334363845244,-6737.328716305178,6604.304786805275,1423.4334363845244,1423.4334363845244,0.0,0.0,0.0,0.0,0.0,0.0,0.0,0.0,0.0,0.0,0.0,0.0,0.0,0.0,0.0,0.0,0.0,0.0,0.0,0.0,0.0,0.0,0.0,0.0,0.0,0.0,0.0,0.0,0.0,0.0,0.0,0.0,0.0,0.0,0.0,0.0,-1530.034080913928,-1530.034080913928,-1530.034080913928,0.0,0.0,0.0,410.5828798355706,410.5828798355706,410.5828798355706,-965.6856366720502,-965.6856366720502,-965.6856366720502,-974.9313240774485,-974.9313240774485,-974.9313240774485,0.0,0.0,0.0,-106.60064452940355
2017-01-07,1540.002724962613,-11138.02368042058,2363.5628937714882,1540.002724962613,1540.002724962613,0.0,0.0,0.0,0.0,0.0,0.0,0.0,0.0,0.0,0.0,0.0,0.0,0.0,0.0,0.0,0.0,0.0,0.0,0.0,0.0,0.0,0.0,0.0,0.0,0.0,0.0,0.0,0.0,0.0,0.0,0.0,0.0,0.0,0.0,0.0,0.0,-5953.284488779026,-5953.284488779026,-5953.284488779026,0.0,0.0,0.0,79.50456088520266,79.50456088520266,79.50456088520266,-5946.296305797819,-5946.296305797819,-5946.296305797819,-86.49274386641194,-86.49274386641194,-86.49274386641194,0.0,0.0,0.0,-4413.281763816413
2017-01-08,1656.572013540702,-8292.721320789053,4779.944064511905,1656.572013540702,1656.572013540702,0.0,0.0,0.0,0.0,0.0,0.0,0.0,0.0,0.0,0.0,0.0,0.0,0.0,0.0,0.0,0.0,0.0,0.0,0.0,0.0,0.0,0.0,0.0,0.0,0.0,0.0,0.0,0.0,0.0,0.0,0.0,0.0,0.0,0.0,0.0,0.0,-3493.756135920271,-3493.756135920271,-3493.756135920271,0.0,0.0,0.0,79.3717143544207,79.3717143544207,79.3717143544207,-4335.85952620444,-4335.85952620444,-4335.85952620444,762.7316759297479,762.7316759297479,762.7316759297479,0.0,0.0,0.0,-1837.1841223795689
2017-01-09,1773.141302118791,1506.928652000759,14773.359629474327,1773.141302118791,1773.141302118791,0.0,0.0,0.0,0.0,0.0,0.0,0.0,0.0,0.0,0.0,0.0,0.0,0.0,0.0,0.0,0.0,0.0,0.0,0.0,0.0,0.0,0.0,0.0,0.0,0.0,0.0,0.0,0.0,0.0,0.0,0.0,0.0,0.0,0.0,0.0,0.0,5991.618531781066,5991.618531781066,5991.618531781066,0.0,0.0,0.0,227.16970438897528,227.16970438897528,227.16970438897528,4203.539984515746,4203.539984515746,4203.539984515746,1560.9088428763444,1560.9088428763444,1560.9088428763444,0.0,0.0,0.0,7764.759833899857
2017-01-10,1889.7105906968795,1122.7189897650965,14726.740670699144,1889.7105906968795,1889.7105906968795,0.0,0.0,0.0,0.0,0.0,0.0,0.0,0.0,0.0,0.0,0.0,0.0,0.0,0.0,0.0,0.0,0.0,0.0,0.0,0.0,0.0,0.0,0.0,0.0,0.0,0.0,0.0,0.0,0.0,0.0,0.0,0.0,0.0,0.0,0.0,0.0,5956.1239998332,5956.1239998332,5956.1239998332,0.0,0.0,0.0,310.499504161894,310.499504161894,310.499504161894,3347.897897525388,3347.897897525388,3347.897897525388,2297.7265981459177,2297.7265981459177,2297.7265981459177,0.0,0.0,0.0,7845.834590530079
2017-01-11,2006.2798792749686,1518.2532233945333,14251.669754994602,2006.2798792749686,2006.2798792749686,0.0,0.0,0.0,0.0,0.0,0.0,0.0,0.0,0.0,0.0,0.0,0.0,0.0,0.0,0.0,0.0,0.0,0.0,0.0,0.0,0.0,0.0,0.0,0.0,0.0,0.0,0.0,0.0,0.0,0.0,0.0,0.0,0.0,0.0,0.0,0.0,5785.73480275412,5785.73480275412,5785.73480275412,0.0,0.0,0.0,344.72400559635594,344.72400559635594,344.72400559635594,2476.467799298942,2476.467799298942,2476.467799298942,2964.5429978588245,2964.5429978588245,2964.5429978588245,0.0,0.0,0.0,7792.014682029088
2017-01-12,2122.8491678530577,1121.0236892452465,14579.441806942523,2122.8491678530577,2122.8491678530577,0.0,0.0,0.0,0.0,0.0,0.0,0.0,0.0,0.0,0.0,0.0,0.0,0.0,0.0,0.0,0.0,0.0,0.0,0.0,0.0,0.0,0.0,0.0,0.0,0.0,0.0,0.0,0.0,0.0,0.0,0.0,0.0,0.0,0.0,0.0,0.0,5327.5145630130255,5327.5145630130255,5327.5145630130255,0.0,0.0,0.0,553.0818662082548,553.0818662082548,553.0818662082548,1219.935787349295,1219.935787349295,1219.935787349295,3554.4969094554767,3554.4969094554767,3554.4969094554767,0.0,0.0,0.0,7450.363730866084
2017-01-13,2239.4184564311463,-435.69020819993017,12656.068449330789,2239.4184564311463,2239.4184564311463,0.0,0.0,0.0,0.0,0.0,0.0,0.0,0.0,0.0,0.0,0.0,0.0,0.0,0.0,0.0,0.0,0.0,0.0,0.0,0.0,0.0,0.0,0.0,0.0,0.0,0.0,0.0,0.0,0.0,0.0,0.0,0.0,0.0,0.0,0.0,0.0,4166.109719941892,4166.109719941892,4166.109719941892,0.0,0.0,0.0,1069.2168818321288,1069.2168818321288,1069.2168818321288,-965.685636677509,-965.685636677509,-965.685636677509,4062.5784747872726,4062.5784747872726,4062.5784747872726,0.0,0.0,0.0,6405.528176373038
2017-01-14,2355.9877450092354,-3247.638757084118,9334.882104599224,2355.9877450092354,2355.9877450092354,0.0,0.0,0.0,0.0,0.0,0.0,0.0,0.0,0.0,0.0,0.0,0.0,0.0,0.0,0.0,0.0,0.0,0.0,0.0,0.0,0.0,0.0,0.0,0.0,0.0,0.0,0.0,0.0,0.0,0.0,0.0,0.0,0.0,0.0,0.0,0.0,207.95327737968964,207.95327737968964,207.95327737968964,0.0,0.0,0.0,1668.590697584568,1668.590697584568,1668.590697584568,-5946.296305804409,-5946.296305804409,-5946.296305804409,4485.65888559953,4485.65888559953,4485.65888559953,0.0,0.0,0.0,2563.941022388925
2017-01-15,2472.5570335873244,-2373.738909464531,11043.47896774838,2472.5570335873244,2472.5570335873244,0.0,0.0,0.0,0.0,0.0,0.0,0.0,0.0,0.0,0.0,0.0,0.0,0.0,0.0,0.0,0.0,0.0,0.0,0.0,0.0,0.0,0.0,0.0,0.0,0.0,0.0,0.0,0.0,0.0,0.0,0.0,0.0,0.0,0.0,0.0,0.0,2328.7926042411004,2328.7926042411004,2328.7926042411004,0.0,0.0,0.0,1842.1723199206942,1842.1723199206942,1842.1723199206942,-4335.859526195764,-4335.859526195764,-4335.859526195764,4822.479810516171,4822.479810516171,4822.479810516171,0.0,0.0,0.0,4801.349637828425
2017-01-16,2589.126322165413,6005.73493685843,19201.965604270954,2589.126322165413,2589.126322165413,0.0,0.0,0.0,0.0,0.0,0.0,0.0,0.0,0.0,0.0,0.0,0.0,0.0,0.0,0.0,0.0,0.0,0.0,0.0,0.0,0.0,0.0,0.0,0.0,0.0,0.0,0.0,0.0,0.0,0.0,0.0,0.0,0.0,0.0,0.0,0.0,10481.49921078274,10481.49921078274,10481.49921078274,0.0,0.0,0.0,1204.3555406328403,1204.3555406328403,1204.3555406328403,4203.539984509848,4203.539984509848,4203.539984509848,5073.6036856400515,5073.6036856400515,5073.6036856400515,0.0,0.0,0.0,13070.625532948154
2017-01-17,2705.6956107435017,4588.5107157155935,17369.169120005525,2705.6956107435017,2705.6956107435017,0.0,0.0,0.0,0.0,0.0,0.0,0.0,0.0,0.0,0.0,0.0,0.0,0.0,0.0,0.0,0.0,0.0,0.0,0.0,0.0,0.0,0.0,0.0,0.0,0.0,0.0,0.0,0.0,0.0,0.0,0.0,0.0,0.0,0.0,0.0,0.0,8469.718339307887,8469.718339307887,8469.718339307887,0.0,0.0,0.0,-119.50647245534061,-119.50647245534061,-119.50647245534061,3347.8978975231676,3347.8978975231676,3347.8978975231676,5241.326914240061,5241.326914240061,5241.326914240061,0.0,0.0,0.0,11175.413950051388
2017-01-18,2822.2648993215903,1978.3836193771633,15438.43008702751,2822.2648993215903,2822.2648993215903,0.0,0.0,0.0,0.0,0.0,0.0,0.0,0.0,0.0,0.0,0.0,0.0,0.0,0.0,0.0,0.0,0.0,0.0,0.0,0.0,0.0,0.0,0.0,0.0,0.0,0.0,0.0,0.0,0.0,0.0,0.0,0.0,0.0,0.0,0.0,0.0,6300.397214824721,6300.397214824721,6300.397214824721,0.0,0.0,0.0,-1505.629380924329,-1505.629380924329,-1505.629380924329,2476.467799300569,2476.467799300569,2476.467799300569,5329.558796448479,5329.558796448479,5329.558796448479,0.0,0.0,0.0,9122.662114146311
2017-01-19,2938.83418789968,651.5254641570943,13951.858301848151,2938.83418789968,2938.83418789968,0.0,0.0,0.0,0.0,0.0,0.0,0.0,0.0,0.0,0.0,0.0,0.0,0.0,0.0,0.0,0.0,0.0,0.0,0.0,0.0,0.0,0.0,0.0,0.0,0.0,0.0,0.0,0.0,0.0,0.0,0.0,0.0,0.0,0.0,0.0,0.0,4284.1730056911765,4284.1730056911765,4284.1730056911765,0.0,0.0,0.0,-2279.432492278424,-2279.432492278424,-2279.432492278424,1219.935787350361,1219.935787350361,1219.935787350361,5343.669710619239,5343.669710619239,5343.669710619239,0.0,0.0,0.0,7223.007193590856
2017-01-20,3055.4034819296885,-1278.341942390551,11446.390074589224,3055.4034819296885,3055.4034819296885,0.0,0.0,0.0,0.0,0.0,0.0,0.0,0.0,0.0,0.0,0.0,0.0,0.0,0.0,0.0,0.0,0.0,0.0,0.0,0.0,0.0,0.0,0.0,0.0,0.0,0.0,0.0,0.0,0.0,0.0,0.0,0.0,0.0,0.0,0.0,0.0,2094.8070214372883,2094.8070214372883,2094.8070214372883,0.0,0.0,0.0,-2229.8200209113384,-2229.8200209113384,-2229.8200209113384,-965.6856366766252,-965.6856366766252,-965.6856366766252,5290.312679025252,5290.312679025252,5290.312679025252,0.0,0.0,0.0,5150.210503366977
2017-01-21,3171.9727759596976,-5913.900176137575,6742.55660454882,3171.9727759596976,3171.9727759596976,0.0,0.0,0.0,0.0,0.0,0.0,0.0,0.0,0.0,0.0,0.0,0.0,0.0,0.0,0.0,0.0,0.0,0.0,0.0,0.0,0.0,0.0,0.0,0.0,0.0,0.0,0.0,0.0,0.0,0.0,0.0,0.0,0.0,0.0,0.0,0.0,-2510.507180232338,-2510.507180232338,-2510.507180232338,0.0,0.0,0.0,-1741.4338336537103,-1741.4338336537103,-1741.4338336537103,-5946.296305793627,-5946.296305793627,-5946.296305793627,5177.222959214998,5177.222959214998,5177.222959214998,0.0,0.0,0.0,661.4655957273594
2017-01-22,3288.5420699897068,-3975.021304239836,9376.344288912045,3288.5420699897068,3288.5420699897068,0.0,0.0,0.0,0.0,0.0,0.0,0.0,0.0,0.0,0.0,0.0,0.0,0.0,0.0,0.0,0.0,0.0,0.0,0.0,0.0,0.0,0.0,0.0,0.0,0.0,0.0,0.0,0.0,0.0,0.0,0.0,0.0,0.0,0.0,0.0,0.0,-750.1855808846709,-750.1855808846709,-750.1855808846709,0.0,0.0,0.0,-1427.3267526842096,-1427.3267526842096,-1427.3267526842096,-4335.859526228985,-4335.859526228985,-4335.859526228985,5013.000698028523,5013.000698028523,5013.000698028523,0.0,0.0,0.0,2538.356489105036
2017-01-23,3405.1113640197154,4463.7818205282165,17353.007954018627,3405.1113640197154,3405.1113640197154,0.0,0.0,0.0,0.0,0.0,0.0,0.0,0.0,0.0,0.0,0.0,0.0,0.0,0.0,0.0,0.0,0.0,0.0,0.0,0.0,0.0,0.0,0.0,0.0,0.0,0.0,0.0,0.0,0.0,0.0,0.0,0.0,0.0,0.0,0.0,0.0,7421.331370233806,7421.331370233806,7421.331370233806,0.0,0.0,0.0,-1589.0905747925276,-1589.0905747925276,-1589.0905747925276,4203.539984514044,4203.539984514044,4203.539984514044,4806.881960512291,4806.881960512291,4806.881960512291,0.0,0.0,0.0,10826.442734253522
2017-01-24,3521.6806580497237,2993.3925828773736,15750.158267947685,3521.6806580497237,3521.6806580497237,0.0,0.0,0.0,0.0,0.0,0.0,0.0,0.0,0.0,0.0,0.0,0.0,0.0,0.0,0.0,0.0,0.0,0.0,0.0,0.0,0.0,0.0,0.0,0.0,0.0,0.0,0.0,0.0,0.0,0.0,0.0,0.0,0.0,0.0,0.0,0.0,5935.816543025221,5935.816543025221,5935.816543025221,0.0,0.0,0.0,-1980.5849502158394,-1980.5849502158394,-1980.5849502158394,3347.8978975214395,3347.8978975214395,3347.8978975214395,4568.503595719621,4568.503595719621,4568.503595719621,0.0,0.0,0.0,9457.497201074944
2017-01-25,3638.249952079733,2001.6857529978183,14872.291698170224,3638.249952079733,3638.249952079733,0.0,0.0,0.0,0.0,0.0,0.0,0.0,0.0,0.0,0.0,0.0,0.0,0.0,0.0,0.0,0.0,0.0,0.0,0.0,0.0,0.0,0.0,0.0,0.0,0.0,0.0,0.0,0.0,0.0,0.0,0.0,0.0,0.0,0.0,0.0,0.0,4715.481973496542,4715.481973496542,4715.481973496542,0.0,0.0,0.0,-2068.6532496378186,-2068.6532496378186,-2068.6532496378186,2476.467799302196,2476.467799302196,2476.467799302196,4307.667423832164,4307.667423832164,4307.667423832164,0.0,0.0,0.0,8353.731925576274
2017-01-26,3754.819246109742,1133.1259536718276,14441.60779207833,3754.819246109742,3754.819246109742,0.0,0.0,0.0,0.0,0.0,0.0,0.0,0.0,0.0,0.0,0.0,0.0,0.0,0.0,0.0,0.0,0.0,0.0,0.0,0.0,0.0,0.0,0.0,0.0,0.0,0.0,0.0,0.0,0.0,0.0,0.0,0.0,0.0,0.0,0.0,0.0,3720.1998288184345,3720.1998288184345,3720.1998288184345,0.0,0.0,0.0,-1533.845083662526,-1533.845083662526,-1533.845083662526,1219.9357873465117,1219.9357873465117,1219.9357873465117,4034.109125134449,4034.109125134449,4034.109125134449,0.0,0.0,0.0,7475.019074928176
2017-01-27,3871.3885401397506,-55.33517875089065,13038.855613339918,3871.3885401397506,3871.3885401397506,0.0,0.0,0.0,0.0,0.0,0.0,0.0,0.0,0.0,0.0,0.0,0.0,0.0,0.0,0.0,0.0,0.0,0.0,0.0,0.0,0.0,0.0,0.0,0.0,0.0,0.0,0.0,0.0,0.0,0.0,0.0,0.0,0.0,0.0,0.0,0.0,2239.798968617618,2239.798968617618,2239.798968617618,0.0,0.0,0.0,-551.792379803391,-551.792379803391,-551.792379803391,-965.685636671028,-965.685636671028,-965.685636671028,3757.276985092037,3757.276985092037,3757.276985092037,0.0,0.0,0.0,6111.187508757368
2017-01-28,3987.9578341697597,-4404.491881245231,8406.921274718576,3987.9578341697597,3987.9578341697597,0.0,0.0,0.0,0.0,0.0,0.0,0.0,0.0,0.0,0.0,0.0,0.0,0.0,0.0,0.0,0.0,0.0,0.0,0.0,0.0,0.0,0.0,0.0,0.0,0.0,0.0,0.0,0.0,0.0,0.0,0.0,0.0,0.0,0.0,0.0,0.0,-2079.0323862890964,-2079.0323862890964,-2079.0323862890964,0.0,0.0,0.0,381.13861164107385,381.13861164107385,381.13861164107385,-5946.296305800218,-5946.296305800218,-5946.296305800218,3486.1253078700465,3486.1253078700465,3486.1253078700465,0.0,0.0,0.0,1908.9254478806633
2017-01-29,4104.527128199768,-2544.625002385767,10518.01663058482,4104.527128199768,4104.527128199768,0.0,0.0,0.0,0.0,0.0,0.0,0.0,0.0,0.0,0.0,0.0,0.0,0.0,0.0,0.0,0.0,0.0,0.0,0.0,0.0,0.0,0.0,0.0,0.0,0.0,0.0,0.0,0.0,0.0,0.0,0.0,0.0,0.0,0.0,0.0,0.0,-219.5622235527099,-219.5622235527099,-219.5622235527099,0.0,0.0,0.0,887.3704401830053,887.3704401830053,887.3704401830053,-4335.85952622031,-4335.85952622031,-4335.85952622031,3228.9268624845954,3228.9268624845954,3228.9268624845954,0.0,0.0,0.0,3884.9649046470586
2017-01-30,4221.096422229778,5503.2436625291075,18725.330006440265,4221.096422229778,4221.096422229778,0.0,0.0,0.0,0.0,0.0,0.0,0.0,0.0,0.0,0.0,0.0,0.0,0.0,0.0,0.0,0.0,0.0,0.0,0.0,0.0,0.0,0.0,0.0,0.0,0.0,0.0,0.0,0.0,0.0,0.0,0.0,0.0,0.0,0.0,0.0,0.0,8191.010110109942,8191.010110109942,8191.010110109942,0.0,0.0,0.0,994.3619423557171,994.3619423557171,994.3619423557171,4203.53998451824,4203.53998451824,4203.53998451824,2993.1081832359823,2993.1081832359823,2993.1081832359823,0.0,0.0,0.0,12412.10653233972
2017-01-31,4337.665716259786,5093.42030779947,17971.26196609979,4337.665716259786,4337.665716259786,0.0,0.0,0.0,0.0,0.0,0.0,0.0,0.0,0.0,0.0,0.0,0.0,0.0,0.0,0.0,0.0,0.0,0.0,0.0,0.0,0.0,0.0,0.0,0.0,0.0,0.0,0.0,0.0,0.0,0.0,0.0,0.0,0.0,0.0,0.0,0.0,7154.816855075136,7154.816855075136,7154.816855075136,0.0,0.0,0.0,1021.808034497622,1021.808034497622,1021.808034497622,3347.897897519219,3347.897897519219,3347.897897519219,2785.110923058295,2785.110923058295,2785.110923058295,0.0,0.0,0.0,11492.482571334922
2017-02-01,4454.235010289794,4470.437205084216,17324.213776479322,4454.235010289794,4454.235010289794,0.0,0.0,0.0,0.0,0.0,0.0,0.0,0.0,0.0,0.0,0.0,0.0,0.0,0.0,0.0,0.0,0.0,0.0,0.0,0.0,0.0,0.0,0.0,0.0,0.0,0.0,0.0,0.0,0.0,0.0,0.0,0.0,0.0,0.0,0.0,0.0,6301.508406122407,6301.508406122407,6301.508406122407,0.0,0.0,0.0,1214.7588362830734,1214.7588362830734,1214.7588362830734,2476.467799299751,2476.467799299751,2476.467799299751,2610.281770539583,2610.281770539583,2610.281770539583,0.0,0.0,0.0,10755.743416412202
2017-02-02,4570.804304319803,3437.532254850193,16496.57557086737,4570.804304319803,4570.804304319803,0.0,0.0,0.0,0.0,0.0,0.0,0.0,0.0,0.0,0.0,0.0,0.0,0.0,0.0,0.0,0.0,0.0,0.0,0.0,0.0,0.0,0.0,0.0,0.0,0.0,0.0,0.0,0.0,0.0,0.0,0.0,0.0,0.0,0.0,0.0,0.0,5189.049648728334,5189.049648728334,5189.049648728334,0.0,0.0,0.0,1496.3211553843482,1496.3211553843482,1496.3211553843482,1219.9357873528834,1219.9357873528834,1219.9357873528834,2472.792705991102,2472.792705991102,2472.792705991102,0.0,0.0,0.0,9759.853953048138
2017-02-03,4687.373598349812,1208.5608490374316,14303.25299821829,4687.373598349812,4687.373598349812,0.0,0.0,0.0,0.0,0.0,0.0,0.0,0.0,0.0,0.0,0.0,0.0,0.0,0.0,0.0,0.0,0.0,0.0,0.0,0.0,0.0,0.0,0.0,0.0,0.0,0.0,0.0,0.0,0.0,0.0,0.0,0.0,0.0,0.0,0.0,0.0,2981.225388683342,2981.225388683342,2981.225388683342,0.0,0.0,0.0,1571.318418570518,1571.318418570518,1571.318418570518,-965.6856366764865,-965.6856366764865,-965.6856366764865,2375.5926067893106,2375.5926067893106,2375.5926067893106,0.0,0.0,0.0,7668.598987033154
2017-02-04,4803.942892379821,-4040.6240259477026,9039.802057290482,4803.942892379821,4803.942892379821,0.0,0.0,0.0,0.0,0.0,0.0,0.0,0.0,0.0,0.0,0.0,0.0,0.0,0.0,0.0,0.0,0.0,0.0,0.0,0.0,0.0,0.0,0.0,0.0,0.0,0.0,0.0,0.0,0.0,0.0,0.0,0.0,0.0,0.0,0.0,0.0,-2371.1344804262026,-2371.1344804262026,-2371.1344804262026,0.0,0.0,0.0,1254.7713890679388,1254.7713890679388,1254.7713890679388,-5946.296305800686,-5946.296305800686,-5946.296305800686,2320.3904363065453,2320.3904363065453,2320.3904363065453,0.0,0.0,0.0,2432.808411953619
2017-02-05,4920.51218640983,-3346.6680038617847,9698.087376458354,4920.51218640983,4920.51218640983,0.0,0.0,0.0,0.0,0.0,0.0,0.0,0.0,0.0,0.0,0.0,0.0,0.0,0.0,0.0,0.0,0.0,0.0,0.0,0.0,0.0,0.0,0.0,0.0,0.0,0.0,0.0,0.0,0.0,0.0,0.0,0.0,0.0,0.0,0.0,0.0,-1344.6015642004795,-1344.6015642004795,-1344.6015642004795,0.0,0.0,0.0,683.5884794624116,683.5884794624116,683.5884794624116,-4335.859526216325,-4335.859526216325,-4335.859526216325,2307.6694825534337,2307.6694825534337,2307.6694825534337,0.0,0.0,0.0,3575.9106222093505
2017-02-06,5037.081480439839,5138.3571915630155,17946.245549458443,5037.081480439839,5037.081480439839,0.0,0.0,0.0,0.0,0.0,0.0,0.0,0.0,0.0,0.0,0.0,0.0,0.0,0.0,0.0,0.0,0.0,0.0,0.0,0.0,0.0,0.0,0.0,0.0,0.0,0.0,0.0,0.0,0.0,0.0,0.0,0.0,0.0,0.0,0.0,0.0,6741.968071161406,6741.968071161406,6741.968071161406,0.0,0.0,0.0,201.69671595511602,201.69671595511602,201.69671595511602,4203.539984510012,4203.539984510012,4203.539984510012,2336.7313706962786,2336.7313706962786,2336.7313706962786,0.0,0.0,0.0,11779.049551601245
2017-02-07,5153.6507744698465,4572.803783877714,17080.95278264378,5153.6507744698465,5153.6507744698465,0.0,0.0,0.0,0.0,0.0,0.0,0.0,0.0,0.0,0.0,0.0,0.0,0.0,0.0,0.0,0.0,0.0,0.0,0.0,0.0,0.0,0.0,0.0,0.0,0.0,0.0,0.0,0.0,0.0,0.0,0.0,0.0,0.0,0.0,0.0,0.0,5798.670301814593,5798.670301814593,5798.670301814593,0.0,0.0,0.0,45.004528778263925,45.004528778263925,45.004528778263925,3347.8978975225573,3347.8978975225573,3347.8978975225573,2405.767875513771,2405.767875513771,2405.767875513771,0.0,0.0,0.0,10952.32107628444
2017-02-08,5270.220057503376,3837.7347507563823,16697.699122743943,5270.220057503376,5270.220057503376,0.0,0.0,0.0,0.0,0.0,0.0,0.0,0.0,0.0,0.0,0.0,0.0,0.0,0.0,0.0,0.0,0.0,0.0,0.0,0.0,0.0,0.0,0.0,0.0,0.0,0.0,0.0,0.0,0.0,0.0,0.0,0.0,0.0,0.0,0.0,0.0,5139.6368583952735,5139.6368583952735,5139.6368583952735,0.0,0.0,0.0,151.21113714134714,151.21113714134714,151.21113714134714,2476.467799303741,2476.467799303741,2476.467799303741,2511.9579219501843,2511.9579219501843,2511.9579219501843,0.0,0.0,0.0,10409.85691589865
2017-02-09,5386.789340536904,3310.626831182195,16181.901480562066,5386.789340536904,5386.789340536904,0.0,0.0,0.0,0.0,0.0,0.0,0.0,0.0,0.0,0.0,0.0,0.0,0.0,0.0,0.0,0.0,0.0,0.0,0.0,0.0,0.0,0.0,0.0,0.0,0.0,0.0,0.0,0.0,0.0,0.0,0.0,0.0,0.0,0.0,0.0,0.0,4154.32690293261,4154.32690293261,4154.32690293261,0.0,0.0,0.0,282.80451655046636,282.80451655046636,282.80451655046636,1219.9357873486435,1219.9357873486435,1219.9357873486435,2651.5865990335005,2651.5865990335005,2651.5865990335005,0.0,0.0,0.0,9541.116243469514
2017-02-10,5503.358623570433,1244.941507951692,13609.037279036784,5503.358623570433,5503.358623570433,0.0,0.0,0.0,0.0,0.0,0.0,0.0,0.0,0.0,0.0,0.0,0.0,0.0,0.0,0.0,0.0,0.0,0.0,0.0,0.0,0.0,0.0,0.0,0.0,0.0,0.0,0.0,0.0,0.0,0.0,0.0,0.0,0.0,0.0,0.0,0.0,2176.510120447301,2176.510120447301,2176.510120447301,0.0,0.0,0.0,322.01321965612925,322.01321965612925,322.01321965612925,-965.6856366819451,-965.6856366819451,-965.6856366819451,2820.1825374731166,2820.1825374731166,2820.1825374731166,0.0,0.0,0.0,7679.868744017735
2017-02-11,5619.927906603961,-3422.047134288349,9699.069045972086,5619.927906603961,5619.927906603961,0.0,0.0,0.0,0.0,0.0,0.0,0.0,0.0,0.0,0.0,0.0,0.0,0.0,0.0,0.0,0.0,0.0,0.0,0.0,0.0,0.0,0.0,0.0,0.0,0.0,0.0,0.0,0.0,0.0,0.0,0.0,0.0,0.0,0.0,0.0,0.0,-2521.206372816027,-2521.206372816027,-2521.206372816027,0.0,0.0,0.0,412.4203082466353,412.4203082466353,412.4203082466353,-5946.296305807278,-5946.296305807278,-5946.296305807278,3012.6696247446175,3012.6696247446175,3012.6696247446175,0.0,0.0,0.0,3098.721533787934
2017-02-12,5736.49718963749,-786.7680371452627,12004.859326213933,5736.49718963749,5736.49718963749,0.0,0.0,0.0,0.0,0.0,0.0,0.0,0.0,0.0,0.0,0.0,0.0,0.0,0.0,0.0,0.0,0.0,0.0,0.0,0.0,0.0,0.0,0.0,0.0,0.0,0.0,0.0,0.0,0.0,0.0,0.0,0.0,0.0,0.0,0.0,0.0,-335.26009470752115,-335.26009470752115,-335.26009470752115,0.0,0.0,0.0,777.0706699856028,777.0706699856028,777.0706699856028,-4335.859526221564,-4335.859526221564,-4335.859526221564,3223.528761528439,3223.528761528439,3223.528761528439,0.0,0.0,0.0,5401.237094929969
2017-02-13,5853.066472671018,8465.647311375136,21838.001843032707,5853.066472671018,5853.066472671018,0.0,0.0,0.0,0.0,0.0,0.0,0.0,0.0,0.0,0.0,0.0,0.0,0.0,0.0,0.0,0.0,0.0,0.0,0.0,0.0,0.0,0.0,0.0,0.0,0.0,0.0,0.0,0.0,0.0,0.0,0.0,0.0,0.0,0.0,0.0,0.0,9037.904488005232,9037.904488005232,9037.904488005232,0.0,0.0,0.0,1387.3992980073651,1387.3992980073651,1387.3992980073651,4203.5399845165375,4203.5399845165375,4203.5399845165375,3446.965205481328,3446.965205481328,3446.965205481328,0.0,0.0,0.0,14890.97096067625
2017-02-14,5969.635755704548,8470.290642690019,21470.47438536334,5969.635755704548,5969.635755704548,0.0,0.0,0.0,0.0,0.0,0.0,0.0,0.0,0.0,0.0,0.0,0.0,0.0,0.0,0.0,0.0,0.0,0.0,0.0,0.0,0.0,0.0,0.0,0.0,0.0,0.0,0.0,0.0,0.0,0.0,0.0,0.0,0.0,0.0,0.0,0.0,8866.351629554563,8866.351629554563,8866.351629554563,0.0,0.0,0.0,1841.3767270702429,1841.3767270702429,1841.3767270702429,3347.89789752083,3347.89789752083,3347.89789752083,3677.07700496349,3677.07700496349,3677.07700496349,0.0,0.0,0.0,14835.987385259112
2017-02-15,6086.205038738076,7632.062176326443,21180.97052355556,6086.205038738076,6086.205038738076,0.0,0.0,0.0,0.0,0.0,0.0,0.0,0.0,0.0,0.0,0.0,0.0,0.0,0.0,0.0,0.0,0.0,0.0,0.0,0.0,0.0,0.0,0.0,0.0,0.0,0.0,0.0,0.0,0.0,0.0,0.0,0.0,0.0,0.0,0.0,0.0,8015.715777797149,8015.715777797149,8015.715777797149,0.0,0.0,0.0,1631.2278820859287,1631.2278820859287,1631.2278820859287,2476.467799298933,2476.467799298933,2476.467799298933,3908.020096412287,3908.020096412287,3908.020096412287,0.0,0.0,0.0,14101.920816535225
2017-02-16,6202.774321771603,5483.513504637718,18441.18306674867,6202.774321771603,6202.774321771603,0.0,0.0,0.0,0.0,0.0,0.0,0.0,0.0,0.0,0.0,0.0,0.0,0.0,0.0,0.0,0.0,0.0,0.0,0.0,0.0,0.0,0.0,0.0,0.0,0.0,0.0,0.0,0.0,0.0,0.0,0.0,0.0,0.0,0.0,0.0,0.0,5951.287625733612,5951.287625733612,5951.287625733612,0.0,0.0,0.0,597.18601709967,597.18601709967,597.18601709967,1219.9357873497097,1219.9357873497097,1219.9357873497097,4134.165821284232,4134.165821284232,4134.165821284232,0.0,0.0,0.0,12154.061947505215
2017-02-17,6319.343604805132,2654.1048303985085,15413.913070044844,6319.343604805132,6319.343604805132,0.0,0.0,0.0,0.0,0.0,0.0,0.0,0.0,0.0,0.0,0.0,0.0,0.0,0.0,0.0,0.0,0.0,0.0,0.0,0.0,0.0,0.0,0.0,0.0,0.0,0.0,0.0,0.0,0.0,0.0,0.0,0.0,0.0,0.0,0.0,0.0,2531.84289055688,2531.84289055688,2531.84289055688,0.0,0.0,0.0,-852.7183789751257,-852.7183789751257,-852.7183789751257,-965.6856366700063,-965.6856366700063,-965.6856366700063,4350.246906202013,4350.246906202013,4350.246906202013,0.0,0.0,0.0,8851.186495362012
2017-02-18,6435.912887838661,-3808.661514120591,9996.48364928994,6435.912887838661,6435.912887838661,0.0,0.0,0.0,0.0,0.0,0.0,0.0,0.0,0.0,0.0,0.0,0.0,0.0,0.0,0.0,0.0,0.0,0.0,0.0,0.0,0.0,0.0,0.0,0.0,0.0,0.0,0.0,0.0,0.0,0.0,0.0,0.0,0.0,0.0,0.0,0.0,-3392.159962059126,-3392.159962059126,-3392.159962059126,0.0,0.0,0.0,-1997.3519908551139,-1997.3519908551139,-1997.3519908551139,-5946.296305802618,-5946.296305802618,-5946.296305802618,4551.488334598605,4551.488334598605,4551.488334598605,0.0,0.0,0.0,3043.752925779535
2017-02-19,6552.48217087219,-1825.7907302508925,10938.85004361362,6552.48217087219,6552.48217087219,0.0,0.0,0.0,0.0,0.0,0.0,0.0,0.0,0.0,0.0,0.0,0.0,0.0,0.0,0.0,0.0,0.0,0.0,0.0,0.0,0.0,0.0,0.0,0.0,0.0,0.0,0.0,0.0,0.0,0.0,0.0,0.0,0.0,0.0,0.0,0.0,-1947.3522255826654,-1947.3522255826654,-1947.3522255826654,0.0,0.0,0.0,-2345.2127083012533,-2345.2127083012533,-2345.2127083012533,-4335.859526212887,-4335.859526212887,-4335.859526212887,4733.720008931477,4733.720008931477,4733.720008931477,0.0,0.0,0.0,4605.129945289525
2017-02-20,6669.0514539057185,7206.812586401089,19856.52200929523,6669.0514539057185,6669.0514539057185,0.0,0.0,0.0,0.0,0.0,0.0,0.0,0.0,0.0,0.0,0.0,0.0,0.0,0.0,0.0,0.0,0.0,0.0,0.0,0.0,0.0,0.0,0.0,0.0,0.0,0.0,0.0,0.0,0.0,0.0,0.0,0.0,0.0,0.0,0.0,0.0,7096.2350216918685,7096.2350216918685,7096.2350216918685,0.0,0.0,0.0,-2000.773609445159,-2000.773609445159,-2000.773609445159,4203.539984518404,4203.539984518404,4203.539984518404,4893.468646618622,4893.468646618622,4893.468646618622,0.0,0.0,0.0,13765.286475597586
2017-02-21,6785.620736939246,6883.921817682953,19926.460385982966,6785.620736939246,6785.620736939246,0.0,0.0,0.0,0.0,0.0,0.0,0.0,0.0,0.0,0.0,0.0,0.0,0.0,0.0,0.0,0.0,0.0,0.0,0.0,0.0,0.0,0.0,0.0,0.0,0.0,0.0,0.0,0.0,0.0,0.0,0.0,0.0,0.0,0.0,0.0,0.0,6844.697987913376,6844.697987913376,6844.697987913376,0.0,0.0,0.0,-1531.2268650772317,-1531.2268650772317,-1531.2268650772317,3347.8978975191017,3347.8978975191017,3347.8978975191017,5028.026955471504,5028.026955471504,5028.026955471504,0.0,0.0,0.0,13630.318724852623
2017-02-22,6902.190019972774,6629.533942702558,19139.501688653938,6902.190019972774,6902.190019972774,0.0,0.0,0.0,0.0,0.0,0.0,0.0,0.0,0.0,0.0,0.0,0.0,0.0,0.0,0.0,0.0,0.0,0.0,0.0,0.0,0.0,0.0,0.0,0.0,0.0,0.0,0.0,0.0,0.0,0.0,0.0,0.0,0.0,0.0,0.0,0.0,6159.878779867714,6159.878779867714,6159.878779867714,0.0,0.0,0.0,-1452.087798959021,-1452.087798959021,-1452.087798959021,2476.467799302924,2476.467799302924,2476.467799302924,5135.498779523813,5135.498779523813,5135.498779523813,0.0,0.0,0.0,13062.068799840488
2017-02-23,7018.7593030063035,4847.098295664187,17994.617838030204,7018.7593030063035,7018.7593030063035,0.0,0.0,0.0,0.0,0.0,0.0,0.0,0.0,0.0,0.0,0.0,0.0,0.0,0.0,0.0,0.0,0.0,0.0,0.0,0.0,0.0,0.0,0.0,0.0,0.0,0.0,0.0,0.0,0.0,0.0,0.0,0.0,0.0,0.0,0.0,0.0,4646.202782569737,4646.202782569737,4646.202782569737,0.0,0.0,0.0,-1788.552581593393,-1788.552581593393,-1788.552581593393,1219.9357873458603,1219.9357873458603,1219.9357873458603,5214.819576817268,5214.819576817268,5214.819576817268,0.0,0.0,0.0,11664.96208557604
2017-02-24,7135.328586039832,2952.449157224647,16131.368933975089,7135.328586039832,7135.328586039832,0.0,0.0,0.0,0.0,0.0,0.0,0.0,0.0,0.0,0.0,0.0,0.0,0.0,0.0,0.0,0.0,0.0,0.0,0.0,0.0,0.0,0.0,0.0,0.0,0.0,0.0,0.0,0.0,0.0,0.0,0.0,0.0,0.0,0.0,0.0,0.0,2207.1559690349054,2207.1559690349054,2207.1559690349054,0.0,0.0,0.0,-2092.9106634458585,-2092.9106634458585,-2092.9106634458585,-965.6856366818068,-965.6856366818068,-965.6856366818068,5265.752269162572,5265.752269162572,5265.752269162572,0.0,0.0,0.0,9342.484555074738
2017-02-25,7251.897869073359,-5017.673765501071,8849.785533915667,7251.897869073359,7251.897869073359,0.0,0.0,0.0,0.0,0.0,0.0,-2688.778235808,-2688.778235808,-2688.778235808,0.0,0.0,0.0,0.0,0.0,0.0,0.0,0.0,0.0,0.0,0.0,0.0,0.0,0.0,0.0,0.0,0.0,0.0,0.0,0.0,0.0,0.0,0.0,0.0,0.0,0.0,0.0,-5226.109800814337,-5226.109800814337,-5226.109800814337,-2688.778235808,-2688.778235808,-2688.778235808,-1879.8944318529918,-1879.8944318529918,-1879.8944318529918,-5946.296305791833,-5946.296305791833,-5946.296305791833,5288.859172638488,5288.859172638488,5288.859172638488,0.0,0.0,0.0,2025.788068259022
2017-02-26,7368.467146317014,-2807.836286434145,10209.251604773688,7368.467146317014,7368.467146317014,0.0,0.0,0.0,0.0,0.0,0.0,-3240.39463693792,-3240.39463693792,-3240.39463693792,0.0,0.0,0.0,0.0,0.0,0.0,0.0,0.0,0.0,0.0,0.0,0.0,0.0,0.0,0.0,0.0,0.0,0.0,0.0,0.0,0.0,0.0,0.0,0.0,0.0,0.0,0.0,-3361.1754565977485,-3361.1754565977485,-3361.1754565977485,-3240.39463693792,-3240.39463693792,-3240.39463693792,-1070.3726526471355,-1070.3726526471355,-1070.3726526471355,-4335.859526213594,-4335.859526213594,-4335.859526213594,5285.451359200901,5285.451359200901,5285.451359200901,0.0,0.0,0.0,4007.291689719266
2017-02-27,7485.036423560668,-853.8811380789533,12316.59579459182,7485.036423560668,7485.036423560668,0.0,0.0,0.0,0.0,0.0,0.0,-10977.268227336319,-10977.268227336319,-10977.268227336319,0.0,0.0,0.0,0.0,0.0,0.0,0.0,0.0,0.0,0.0,0.0,0.0,0.0,0.0,0.0,0.0,0.0,0.0,0.0,0.0,0.0,0.0,0.0,0.0,0.0,0.0,0.0,-1563.923594926579,-1563.923594926579,-1563.923594926579,-10977.268227336319,-10977.268227336319,-10977.268227336319,-47.71274970648221,-47.71274970648221,-47.71274970648221,4203.5399845226,4203.5399845226,4203.5399845226,5257.517397593622,5257.517397593622,5257.517397593622,0.0,0.0,0.0,5921.112828634088
2017-02-28,7601.605700804323,2154.5672192933116,15436.95323858893,7601.605700804323,7601.605700804323,0.0,0.0,0.0,0.0,0.0,0.0,-8195.679610675199,-8195.679610675199,-8195.679610675199,0.0,0.0,0.0,0.0,0.0,0.0,0.0,0.0,0.0,0.0,0.0,0.0,0.0,0.0,0.0,0.0,0.0,0.0,0.0,0.0,0.0,0.0,0.0,0.0,0.0,0.0,0.0,1055.9152346998812,1055.9152346998812,1055.9152346998812,-8195.679610675199,-8195.679610675199,-8195.679610675199,696.0629871060157,696.0629871060157,696.0629871060157,3347.897897521947,3347.897897521947,3347.897897521947,5207.633960747117,5207.633960747117,5207.633960747117,0.0,0.0,0.0,8657.520935504204
2017-03-01,7718.174978047978,10223.892370922997,23261.408211099628,7718.174978047978,7718.174978047978,0.0,0.0,0.0,0.0,0.0,0.0,260.920733237472,260.920733237472,260.920733237472,0.0,0.0,0.0,0.0,0.0,0.0,0.0,0.0,0.0,0.0,0.0,0.0,0.0,0.0,0.0,0.0,0.0,0.0,0.0,0.0,0.0,0.0,0.0,0.0,0.0,0.0,0.0,8849.971825117245,8849.971825117245,8849.971825117245,260.920733237472,260.920733237472,260.920733237472,973.7220397024956,973.7220397024956,973.7220397024956,2476.467799301332,2476.467799301332,2476.467799301332,5138.861252875944,5138.861252875944,5138.861252875944,0.0,0.0,0.0,16568.146803165222
2017-03-02,7834.744255291632,6175.875868689923,18862.03670043629,7834.744255291632,7834.744255291632,0.0,0.0,0.0,0.0,0.0,0.0,-2397.23776955712,-2397.23776955712,-2397.23776955712,0.0,0.0,0.0,0.0,0.0,0.0,0.0,0.0,0.0,0.0,0.0,0.0,0.0,0.0,0.0,0.0,0.0,0.0,0.0,0.0,0.0,0.0,0.0,0.0,0.0,0.0,0.0,4873.893771908642,4873.893771908642,4873.893771908642,-2397.23776955712,-2397.23776955712,-2397.23776955712,996.5691629592176,996.5691629592176,996.5691629592176,1219.9357873416207,1219.9357873416207,1219.9357873416207,5054.626591164923,5054.626591164923,5054.626591164923,0.0,0.0,0.0,12708.638027200273
2017-03-03,7951.313532535286,4080.956757268906,17229.875424025784,7951.313532535286,7951.313532535286,0.0,0.0,0.0,0.0,0.0,0.0,-2421.77995921568,-2421.77995921568,-2421.77995921568,0.0,0.0,0.0,0.0,0.0,0.0,0.0,0.0,0.0,0.0,0.0,0.0,0.0,0.0,0.0,0.0,0.0,0.0,0.0,0.0,0.0,0.0,0.0,0.0,0.0,0.0,0.0,2665.405660710282,2665.405660710282,2665.405660710282,-2421.77995921568,-2421.77995921568,-2421.77995921568,1094.271492287512,1094.271492287512,1094.271492287512,-965.6856366809227,-965.6856366809227,-965.6856366809227,4958.599764319372,4958.599764319372,4958.599764319372,0.0,0.0,0.0,10616.719193245568
2017-03-04,8067.882809778941,1494.6409244029335,14735.643105049636,8067.882809778941,8067.882809778941,0.0,0.0,0.0,0.0,0.0,0.0,0.0,0.0,0.0,0.0,0.0,0.0,0.0,0.0,0.0,0.0,0.0,0.0,0.0,0.0,0.0,0.0,0.0,0.0,0.0,0.0,0.0,0.0,0.0,0.0,0.0,0.0,0.0,0.0,0.0,0.0,269.5956587846405,269.5956587846405,269.5956587846405,0.0,0.0,0.0,1361.3279878880319,1361.3279878880319,1361.3279878880319,-5946.296305792303,-5946.296305792303,-5946.296305792303,4854.563976688911,4854.563976688911,4854.563976688911,0.0,0.0,0.0,8337.478468563582
2017-03-05,8184.452087022594,3554.5167393185175,16703.55532066791,8184.452087022594,8184.452087022594,0.0,0.0,0.0,0.0,0.0,0.0,0.0,0.0,0.0,0.0,0.0,0.0,0.0,0.0,0.0,0.0,0.0,0.0,0.0,0.0,0.0,0.0,0.0,0.0,0.0,0.0,0.0,0.0,0.0,0.0,0.0,0.0,0.0,0.0,0.0,0.0,1988.1001161145662,1988.1001161145662,1988.1001161145662,0.0,0.0,0.0,1577.6733750091676,1577.6733750091676,1577.6733750091676,-4335.859526218832,-4335.859526218832,-4335.859526218832,4746.286267324228,4746.286267324228,4746.286267324228,0.0,0.0,0.0,10172.55220313716
2017-03-06,8301.02136426625,11874.594327783976,25164.62999229609,8301.02136426625,8301.02136426625,0.0,0.0,0.0,0.0,0.0,0.0,0.0,0.0,0.0,0.0,0.0,0.0,0.0,0.0,0.0,0.0,0.0,0.0,0.0,0.0,0.0,0.0,0.0,0.0,0.0,0.0,0.0,0.0,0.0,0.0,0.0,0.0,0.0,0.0,0.0,0.0,10302.21621752301,10302.21621752301,10302.21621752301,0.0,0.0,0.0,1461.2849659422905,1461.2849659422905,1461.2849659422905,4203.539984514372,4203.539984514372,4203.539984514372,4637.3912670663485,4637.3912670663485,4637.3912670663485,0.0,0.0,0.0,18603.23758178926
2017-03-07,8417.590641509903,10930.1874497175,23849.00034897287,8417.590641509903,8417.590641509903,0.0,0.0,0.0,0.0,0.0,0.0,0.0,0.0,0.0,0.0,0.0,0.0,0.0,0.0,0.0,0.0,0.0,0.0,0.0,0.0,0.0,0.0,0.0,0.0,0.0,0.0,0.0,0.0,0.0,0.0,0.0,0.0,0.0,0.0,0.0,0.0,8860.039529376976,8860.039529376976,8860.039529376976,0.0,0.0,0.0,980.8996075559824,980.8996075559824,980.8996075559824,3347.897897525781,3347.897897525781,3347.897897525781,4531.242024295215,4531.242024295215,4531.242024295215,0.0,0.0,0.0,17277.630170886878
2017-03-08,8534.159918753558,9472.85108816582,22340.65695595622,8534.159918753558,8534.159918753558,0.0,0.0,0.0,0.0,0.0,0.0,0.0,0.0,0.0,0.0,0.0,0.0,0.0,0.0,0.0,0.0,0.0,0.0,0.0,0.0,0.0,0.0,0.0,0.0,0.0,0.0,0.0,0.0,0.0,0.0,0.0,0.0,0.0,0.0,0.0,0.0,7317.882074847049,7317.882074847049,7317.882074847049,0.0,0.0,0.0,410.58287983468733,410.58287983468733,410.58287983468733,2476.4677992997413,2476.4677992997413,2476.4677992997413,4430.831395712622,4430.831395712622,4430.831395712622,0.0,0.0,0.0,15852.041993600607
2017-03-09,8650.729195997212,8430.162069053791,20468.261378983254,8650.729195997212,8650.729195997212,0.0,0.0,0.0,0.0,0.0,0.0,0.0,0.0,0.0,0.0,0.0,0.0,0.0,0.0,0.0,0.0,0.0,0.0,0.0,0.0,0.0,0.0,0.0,0.0,0.0,0.0,0.0,0.0,0.0,0.0,0.0,0.0,0.0,0.0,0.0,0.0,5638.12751704583,5638.12751704583,5638.12751704583,0.0,0.0,0.0,79.50456088499801,79.50456088499801,79.50456088499801,1219.9357873479923,1219.9357873479923,1219.9357873479923,4338.687168812839,4338.687168812839,4338.687168812839,0.0,0.0,0.0,14288.856713043042
2017-03-10,8767.298473240866,5799.342006954644,18818.436832181116,8767.298473240866,8767.298473240866,0.0,0.0,0.0,0.0,0.0,0.0,0.0,0.0,0.0,0.0,0.0,0.0,0.0,0.0,0.0,0.0,0.0,0.0,0.0,0.0,0.0,0.0,0.0,0.0,0.0,0.0,0.0,0.0,0.0,0.0,0.0,0.0,0.0,0.0,0.0,0.0,3370.479744554512,3370.479744554512,3370.479744554512,0.0,0.0,0.0,79.37171435397227,79.37171435397227,79.37171435397227,-965.6856366863819,-965.6856366863819,-965.6856366863819,4256.793666886921,4256.793666886921,4256.793666886921,0.0,0.0,0.0,12137.778217795378
2017-03-11,8883.86775048452,641.0290595814974,13682.66204050579,8883.86775048452,8883.86775048452,0.0,0.0,0.0,0.0,0.0,0.0,0.0,0.0,0.0,0.0,0.0,0.0,0.0,0.0,0.0,0.0,0.0,0.0,0.0,0.0,0.0,0.0,0.0,0.0,0.0,0.0,0.0,0.0,0.0,0.0,0.0,0.0,0.0,0.0,0.0,0.0,-1532.5945044915409,-1532.5945044915409,-1532.5945044915409,0.0,0.0,0.0,227.16970438876302,227.16970438876302,227.16970438876302,-5946.296305793765,-5946.296305793765,-5946.296305793765,4186.532096913462,4186.532096913462,4186.532096913462,0.0,0.0,0.0,7351.273245992979
2017-03-12,9000.437027728176,2709.207799872476,15192.141377025477,9000.437027728176,9000.437027728176,0.0,0.0,0.0,0.0,0.0,0.0,0.0,0.0,0.0,0.0,0.0,0.0,0.0,0.0,0.0,0.0,0.0,0.0,0.0,0.0,0.0,0.0,0.0,0.0,0.0,0.0,0.0,0.0,0.0,0.0,0.0,0.0,0.0,0.0,0.0,0.0,103.28132672295948,103.28132672295948,103.28132672295948,0.0,0.0,0.0,310.49950416207366,310.49950416207366,310.49950416207366,-4335.859526214847,-4335.859526214847,-4335.859526214847,4128.641348775733,4128.641348775733,4128.641348775733,0.0,0.0,0.0,9103.718354451135
2017-03-13,9117.00630497183,11523.555366709757,24459.212470761668,9117.00630497183,9117.00630497183,0.0,0.0,0.0,0.0,0.0,0.0,0.0,0.0,0.0,0.0,0.0,0.0,0.0,0.0,0.0,0.0,0.0,0.0,0.0,0.0,0.0,0.0,0.0,0.0,0.0,0.0,0.0,0.0,0.0,0.0,0.0,0.0,0.0,0.0,0.0,0.0,8631.464346257657,8631.464346257657,8631.464346257657,0.0,0.0,0.0,344.72400559738634,344.72400559738634,344.72400559738634,4203.539984516238,4203.539984516238,4203.539984516238,4083.2003561440315,4083.2003561440315,4083.2003561440315,0.0,0.0,0.0,17748.470651229487
2017-03-14,9233.575582215484,10682.126270800542,23692.020163297562,9233.575582215484,9233.575582215484,0.0,0.0,0.0,0.0,0.0,0.0,0.0,0.0,0.0,0.0,0.0,0.0,0.0,0.0,0.0,0.0,0.0,0.0,0.0,0.0,0.0,0.0,0.0,0.0,0.0,0.0,0.0,0.0,0.0,0.0,0.0,0.0,0.0,0.0,0.0,0.0,7950.612264938333,7950.612264938333,7950.612264938333,0.0,0.0,0.0,553.081866209115,553.081866209115,553.081866209115,3347.89789752356,3347.89789752356,3347.89789752356,4049.6325012056586,4049.6325012056586,4049.6325012056586,0.0,0.0,0.0,17184.18784715382
2017-03-15,9350.144859459137,10059.359655156331,23746.881808554706,9350.144859459137,9350.144859459137,0.0,0.0,0.0,0.0,0.0,0.0,0.0,0.0,0.0,0.0,0.0,0.0,0.0,0.0,0.0,0.0,0.0,0.0,0.0,0.0,0.0,0.0,0.0,0.0,0.0,0.0,0.0,0.0,0.0,0.0,0.0,0.0,0.0,0.0,0.0,0.0,7572.416585375945,7572.416585375945,7572.416585375945,0.0,0.0,0.0,1069.2168818320292,1069.2168818320292,1069.2168818320292,2476.4677992981506,2476.4677992981506,2476.4677992981506,4026.731904245766,4026.731904245766,4026.731904245766,0.0,0.0,0.0,16922.561444835083
2017-03-16,9466.714136702793,9887.866976665655,22645.67467758429,9466.714136702793,9466.714136702793,0.0,0.0,0.0,0.0,0.0,0.0,0.0,0.0,0.0,0.0,0.0,0.0,0.0,0.0,0.0,0.0,0.0,0.0,0.0,0.0,0.0,0.0,0.0,0.0,0.0,0.0,0.0,0.0,0.0,0.0,0.0,0.0,0.0,0.0,0.0,0.0,6901.237287359148,6901.237287359148,6901.237287359148,0.0,0.0,0.0,1668.5906975843757,1668.5906975843757,1668.5906975843757,1219.935787344143,1219.935787344143,1219.935787344143,4012.7108024306294,4012.7108024306294,4012.7108024306294,0.0,0.0,0.0,16367.95142406194
2017-03-17,9583.283421551781,8136.9949213498685,20863.63181689018,9583.283421551781,9583.283421551781,0.0,0.0,0.0,0.0,0.0,0.0,0.0,0.0,0.0,0.0,0.0,0.0,0.0,0.0,0.0,0.0,0.0,0.0,0.0,0.0,0.0,0.0,0.0,0.0,0.0,0.0,0.0,0.0,0.0,0.0,0.0,0.0,0.0,0.0,0.0,0.0,4881.753290447741,4881.753290447741,4881.753290447741,0.0,0.0,0.0,1842.1723199216071,1842.1723199216071,1842.1723199216071,-965.6856366744419,-965.6856366744419,-965.6856366744419,4005.2666072005754,4005.2666072005754,4005.2666072005754,0.0,0.0,0.0,14465.036711999523
2017-03-18,9699.852706400769,2612.728777846991,15646.159730053343,9699.852706400769,9699.852706400769,0.0,0.0,0.0,0.0,0.0,0.0,0.0,0.0,0.0,0.0,0.0,0.0,0.0,0.0,0.0,0.0,0.0,0.0,0.0,0.0,0.0,0.0,0.0,0.0,0.0,0.0,0.0,0.0,0.0,0.0,0.0,0.0,0.0,0.0,0.0,0.0,-740.2741118314918,-740.2741118314918,-740.2741118314918,0.0,0.0,0.0,1204.3555406332114,1204.3555406332114,1204.3555406332114,-5946.296305794234,-5946.296305794234,-5946.296305794234,4001.666653329531,4001.666653329531,4001.666653329531,0.0,0.0,0.0,8959.578594569277
2017-03-19,9816.421991249756,2713.1699200148637,15708.770146140492,9816.421991249756,9816.421991249756,0.0,0.0,0.0,0.0,0.0,0.0,0.0,0.0,0.0,0.0,0.0,0.0,0.0,0.0,0.0,0.0,0.0,0.0,0.0,0.0,0.0,0.0,0.0,0.0,0.0,0.0,0.0,0.0,0.0,0.0,0.0,0.0,0.0,0.0,0.0,0.0,-456.5178680323767,-456.5178680323767,-456.5178680323767,0.0,0.0,0.0,-119.50647245434578,-119.50647245434578,-119.50647245434578,-4335.859526210863,-4335.859526210863,-4335.859526210863,3998.848130632831,3998.848130632831,3998.848130632831,0.0,0.0,0.0,9359.904123217379
2017-03-20,9932.991276098744,10178.536999776634,23335.185652236763,9932.991276098744,9932.991276098744,0.0,0.0,0.0,0.0,0.0,0.0,0.0,0.0,0.0,0.0,0.0,0.0,0.0,0.0,0.0,0.0,0.0,0.0,0.0,0.0,0.0,0.0,0.0,0.0,0.0,0.0,0.0,0.0,0.0,0.0,0.0,0.0,0.0,0.0,0.0,0.0,6691.440839538627,6691.440839538627,6691.440839538627,0.0,0.0,0.0,-1505.6293809224605,-1505.6293809224605,-1505.6293809224605,4203.539984522764,4203.539984522764,4203.539984522764,3993.530235938324,3993.530235938324,3993.530235938324,0.0,0.0,0.0,16624.43211563737
2017-03-21,10049.560560947733,8627.07692800772,21136.263115187514,10049.560560947733,10049.560560947733,0.0,0.0,0.0,0.0,0.0,0.0,0.0,0.0,0.0,0.0,0.0,0.0,0.0,0.0,0.0,0.0,0.0,0.0,0.0,0.0,0.0,0.0,0.0,0.0,0.0,0.0,0.0,0.0,0.0,0.0,0.0,0.0,0.0,0.0,0.0,0.0,5050.800616052562,5050.800616052562,5050.800616052562,0.0,0.0,0.0,-2279.432492278714,-2279.432492278714,-2279.432492278714,3347.897897527393,3347.897897527393,3347.897897527393,3982.3352108038844,3982.3352108038844,3982.3352108038844,0.0,0.0,0.0,15100.361177000295
2017-03-22,10166.12984579672,8074.040327562868,20962.84306511662,10166.12984579672,10166.12984579672,0.0,0.0,0.0,0.0,0.0,0.0,0.0,0.0,0.0,0.0,0.0,0.0,0.0,0.0,0.0,0.0,0.0,0.0,0.0,0.0,0.0,0.0,0.0,0.0,0.0,0.0,0.0,0.0,0.0,0.0,0.0,0.0,0.0,0.0,0.0,0.0,4208.562428366804,4208.562428366804,4208.562428366804,0.0,0.0,0.0,-2229.820020911935,-2229.820020911935,-2229.820020911935,2476.4677993021414,2476.4677993021414,2476.4677993021414,3961.9146499765966,3961.9146499765966,3961.9146499765966,0.0,0.0,0.0,14374.692274163524
2017-03-23,10282.699130645708,6869.723110080013,20252.207703826003,10282.699130645708,10282.699130645708,0.0,0.0,0.0,0.0,0.0,0.0,0.0,0.0,0.0,0.0,0.0,0.0,0.0,0.0,0.0,0.0,0.0,0.0,0.0,0.0,0.0,0.0,0.0,0.0,0.0,0.0,0.0,0.0,0.0,0.0,0.0,0.0,0.0,0.0,0.0,0.0,3407.5792385816726,3407.5792385816726,3407.5792385816726,0.0,0.0,0.0,-1741.4338336531414,-1741.4338336531414,-1741.4338336531414,1219.935787345209,1219.935787345209,1219.935787345209,3929.0772848896045,3929.0772848896045,3929.0772848896045,0.0,0.0,0.0,13690.27836922738
2017-03-24,10399.268415494696,5311.207899710349,18657.88455617823,10399.268415494696,10399.268415494696,0.0,0.0,0.0,0.0,0.0,0.0,0.0,0.0,0.0,0.0,0.0,0.0,0.0,0.0,0.0,0.0,0.0,0.0,0.0,0.0,0.0,0.0,0.0,0.0,0.0,0.0,0.0,0.0,0.0,0.0,0.0,0.0,0.0,0.0,0.0,0.0,1487.9019813469713,1487.9019813469713,1487.9019813469713,0.0,0.0,0.0,-1427.3267526833617,-1427.3267526833617,-1427.3267526833617,-965.6856366751875,-965.6856366751875,-965.6856366751875,3880.914370705521,3880.914370705521,3880.914370705521,0.0,0.0,0.0,11887.170396841668
2017-03-25,10515.837700343684,621.511200679796,13314.261642237518,10515.837700343684,10515.837700343684,0.0,0.0,0.0,0.0,0.0,0.0,0.0,0.0,0.0,0.0,0.0,0.0,0.0,0.0,0.0,0.0,0.0,0.0,0.0,0.0,0.0,0.0,0.0,0.0,0.0,0.0,0.0,0.0,0.0,0.0,0.0,0.0,0.0,0.0,0.0,0.0,-3720.4680431113898,-3720.4680431113898,-3720.4680431113898,0.0,0.0,0.0,-1589.0905747932143,-1589.0905747932143,-1589.0905747932143,-5946.296305800825,-5946.296305800825,-5946.296305800825,3814.9188374826517,3814.9188374826517,3814.9188374826517,0.0,0.0,0.0,6795.369657232293
2017-03-26,10632.406985192674,1747.738699471711,14792.866735248848,10632.406985192674,10632.406985192674,0.0,0.0,0.0,0.0,0.0,0.0,0.0,0.0,0.0,0.0,0.0,0.0,0.0,0.0,0.0,0.0,0.0,0.0,0.0,0.0,0.0,0.0,0.0,0.0,0.0,0.0,0.0,0.0,0.0,0.0,0.0,0.0,0.0,0.0,0.0,0.0,-2587.3499711153286,-2587.3499711153286,-2587.3499711153286,0.0,0.0,0.0,-1980.584950216915,-1980.584950216915,-1980.584950216915,-4335.859526206878,-4335.859526206878,-4335.859526206878,3729.094505308465,3729.094505308465,3729.094505308465,0.0,0.0,0.0,8045.057014077345
2017-03-27,10748.976270041661,9593.996931196223,22784.92296133612,10748.976270041661,10748.976270041661,0.0,0.0,0.0,0.0,0.0,0.0,0.0,0.0,0.0,0.0,0.0,0.0,0.0,0.0,0.0,0.0,0.0,0.0,0.0,0.0,0.0,0.0,0.0,0.0,0.0,0.0,0.0,0.0,0.0,0.0,0.0,0.0,0.0,0.0,0.0,0.0,5756.938641791294,5756.938641791294,5756.938641791294,0.0,0.0,0.0,-2068.6532496374366,-2068.6532496374366,-2068.6532496374366,4203.539984514537,4203.539984514537,4203.539984514537,3622.0519069141938,3622.0519069141938,3622.0519069141938,0.0,0.0,0.0,16505.914911832955
2017-03-28,10865.545554890648,9650.165081640283,22270.67106650396,10865.545554890648,10865.545554890648,0.0,0.0,0.0,0.0,0.0,0.0,0.0,0.0,0.0,0.0,0.0,0.0,0.0,0.0,0.0,0.0,0.0,0.0,0.0,0.0,0.0,0.0,0.0,0.0,0.0,0.0,0.0,0.0,0.0,0.0,0.0,0.0,0.0,0.0,0.0,0.0,5307.140416926535,5307.140416926535,5307.140416926535,0.0,0.0,0.0,-1533.8450836609863,-1533.8450836609863,-1533.8450836609863,3347.897897525171,3347.897897525171,3347.897897525171,3493.0876030623504,3493.0876030623504,3493.0876030623504,0.0,0.0,0.0,16172.685971817184
2017-03-29,10982.114839739635,9916.977997606422,23007.407661223537,10982.114839739635,10982.114839739635,0.0,0.0,0.0,0.0,0.0,0.0,0.0,0.0,0.0,0.0,0.0,0.0,0.0,0.0,0.0,0.0,0.0,0.0,0.0,0.0,0.0,0.0,0.0,0.0,0.0,0.0,0.0,0.0,0.0,0.0,0.0,0.0,0.0,0.0,0.0,0.0,5266.919727121411,5266.919727121411,5266.919727121411,0.0,0.0,0.0,-551.7923798039456,-551.7923798039456,-551.7923798039456,2476.46779930055,2476.46779930055,2476.46779930055,3342.2443076248055,3342.2443076248055,3342.2443076248055,0.0,0.0,0.0,16249.034566861046
2017-03-30,11098.684124588624,9551.143177850841,22426.97579345993,11098.684124588624,11098.684124588624,0.0,0.0,0.0,0.0,0.0,0.0,0.0,0.0,0.0,0.0,0.0,0.0,0.0,0.0,0.0,0.0,0.0,0.0,0.0,0.0,0.0,0.0,0.0,0.0,0.0,0.0,0.0,0.0,0.0,0.0,0.0,0.0,0.0,0.0,0.0,0.0,4771.424048240216,4771.424048240216,4771.424048240216,0.0,0.0,0.0,381.13861164081226,381.13861164081226,381.13861164081226,1219.9357873462752,1219.9357873462752,1219.9357873462752,3170.3496492531294,3170.3496492531294,3170.3496492531294,0.0,0.0,0.0,15870.10817282884
2017-03-31,11215.253409437613,7279.832073818402,20959.418524875808,11215.253409437613,11215.253409437613,0.0,0.0,0.0,0.0,0.0,0.0,0.0,0.0,0.0,0.0,0.0,0.0,0.0,0.0,0.0,0.0,0.0,0.0,0.0,0.0,0.0,0.0,0.0,0.0,0.0,0.0,0.0,0.0,0.0,0.0,0.0,0.0,0.0,0.0,0.0,0.0,2900.7167756008535,2900.7167756008535,2900.7167756008535,0.0,0.0,0.0,887.3704401831094,887.3704401831094,887.3704401831094,-965.6856366806464,-965.6856366806464,-965.6856366806464,2979.0319720983903,2979.0319720983903,2979.0319720983903,0.0,0.0,0.0,14115.970185038466
2017-04-01,11331.822694286599,2923.2746590798606,15585.843113916113,11331.822694286599,11331.822694286599,0.0,0.0,0.0,0.0,0.0,0.0,0.0,0.0,0.0,0.0,0.0,0.0,0.0,0.0,0.0,0.0,0.0,0.0,0.0,0.0,0.0,0.0,0.0,0.0,0.0,0.0,0.0,0.0,0.0,0.0,0.0,0.0,0.0,0.0,0.0,0.0,-2181.2221597276375,-2181.2221597276375,-2181.2221597276375,0.0,0.0,0.0,994.3619423559747,994.3619423559747,994.3619423559747,-5946.296305790042,-5946.296305790042,-5946.296305790042,2770.7122037064305,2770.7122037064305,2770.7122037064305,0.0,0.0,0.0,9150.600534558962
2017-04-02,11448.391979135587,4015.160181974204,17375.593696636315,11448.391979135587,11448.391979135587,0.0,0.0,0.0,0.0,0.0,0.0,0.0,0.0,0.0,0.0,0.0,0.0,0.0,0.0,0.0,0.0,0.0,0.0,0.0,0.0,0.0,0.0,0.0,0.0,0.0,0.0,0.0,0.0,0.0,0.0,0.0,0.0,0.0,0.0,0.0,0.0,-765.4800139364486,-765.4800139364486,-765.4800139364486,0.0,0.0,0.0,1021.8080344977617,1021.8080344977617,1021.8080344977617,-4335.859526212116,-4335.859526212116,-4335.859526212116,2548.571477777906,2548.571477777906,2548.571477777906,0.0,0.0,0.0,10682.911965199139
2017-04-03,11564.961263984575,13084.676917175406,25887.24391459195,11564.961263984575,11564.961263984575,0.0,0.0,0.0,0.0,0.0,0.0,0.0,0.0,0.0,0.0,0.0,0.0,0.0,0.0,0.0,0.0,0.0,0.0,0.0,0.0,0.0,0.0,0.0,0.0,0.0,0.0,0.0,0.0,0.0,0.0,0.0,0.0,0.0,0.0,0.0,0.0,7734.793695935745,7734.793695935745,7734.793695935745,0.0,0.0,0.0,1214.7588362822585,1214.7588362822585,1214.7588362822585,4203.539984518732,4203.539984518732,4203.539984518732,2316.4948751347547,2316.4948751347547,2316.4948751347547,0.0,0.0,0.0,19299.75495992032
2017-04-04,11681.530524287971,11997.367183400573,24846.97546050248,11681.530524287971,11681.530524287971,0.0,0.0,0.0,0.0,0.0,0.0,0.0,0.0,0.0,0.0,0.0,0.0,0.0,0.0,0.0,0.0,0.0,0.0,0.0,0.0,0.0,0.0,0.0,0.0,0.0,0.0,0.0,0.0,0.0,0.0,0.0,0.0,0.0,0.0,0.0,0.0,6923.211373132502,6923.211373132502,6923.211373132502,0.0,0.0,0.0,1496.3211553856588,1496.3211553856588,1496.3211553856588,3347.8978975234436,3347.8978975234436,3347.8978975234436,2078.9923202234,2078.9923202234,2078.9923202234,0.0,0.0,0.0,18604.741897420474
2017-04-05,11798.099784591366,10637.225143841833,24036.929072894818,11798.099784591366,11798.099784591366,0.0,0.0,0.0,0.0,0.0,0.0,0.0,0.0,0.0,0.0,0.0,0.0,0.0,0.0,0.0,0.0,0.0,0.0,0.0,0.0,0.0,0.0,0.0,0.0,0.0,0.0,0.0,0.0,0.0,0.0,0.0,0.0,0.0,0.0,0.0,0.0,5888.8845421350825,5888.8845421350825,5888.8845421350825,0.0,0.0,0.0,1571.3184185706432,1571.3184185706432,1571.3184185706432,2476.467799302178,2476.467799302178,2476.467799302178,1841.0983242622601,1841.0983242622601,1841.0983242622601,0.0,0.0,0.0,17686.984326726448
2017-04-06,11914.66904489476,8991.542083787752,22395.779995711284,11914.66904489476,11914.66904489476,0.0,0.0,0.0,0.0,0.0,0.0,0.0,0.0,0.0,0.0,0.0,0.0,0.0,0.0,0.0,0.0,0.0,0.0,0.0,0.0,0.0,0.0,0.0,0.0,0.0,0.0,0.0,0.0,0.0,0.0,0.0,0.0,0.0,0.0,0.0,0.0,4082.9600586313495,4082.9600586313495,4082.9600586313495,0.0,0.0,0.0,1254.7713890668026,1254.7713890668026,1254.7713890668026,1219.9357873473414,1219.9357873473414,1219.9357873473414,1608.252882217205,1608.252882217205,1608.252882217205,0.0,0.0,0.0,15997.62910352611
2017-04-07,12031.238305198154,6334.523619376618,19660.016392971196,12031.238305198154,12031.238305198154,0.0,0.0,0.0,0.0,0.0,0.0,0.0,0.0,0.0,0.0,0.0,0.0,0.0,0.0,0.0,0.0,0.0,0.0,0.0,0.0,0.0,0.0,0.0,0.0,0.0,0.0,0.0,0.0,0.0,0.0,0.0,0.0,0.0,0.0,0.0,0.0,1104.0692348381963,1104.0692348381963,1104.0692348381963,0.0,0.0,0.0,683.588479462561,683.588479462561,683.588479462561,-965.6856366750491,-965.6856366750491,-965.6856366750491,1386.166392050684,1386.166392050684,1386.166392050684,0.0,0.0,0.0,13135.30754003635
2017-04-08,12147.80756550155,619.442641010391,13750.3701830153,12147.80756550155,12147.80756550155,0.0,0.0,0.0,0.0,0.0,0.0,0.0,0.0,0.0,0.0,0.0,0.0,0.0,0.0,0.0,0.0,0.0,0.0,0.0,0.0,0.0,0.0,0.0,0.0,0.0,0.0,0.0,0.0,0.0,0.0,0.0,0.0,0.0,0.0,0.0,0.0,-4563.927634140327,-4563.927634140327,-4563.927634140327,0.0,0.0,0.0,201.69671595520356,201.69671595520356,201.69671595520356,-5946.296305796634,-5946.296305796634,-5946.296305796634,1180.671955701103,1180.671955701103,1180.671955701103,0.0,0.0,0.0,7583.879931361222
2017-04-09,12264.376825804944,2375.1607709140353,15475.621229516353,12264.376825804944,12264.376825804944,0.0,0.0,0.0,0.0,0.0,0.0,0.0,0.0,0.0,0.0,0.0,0.0,0.0,0.0,0.0,0.0,0.0,0.0,0.0,0.0,0.0,0.0,0.0,0.0,0.0,0.0,0.0,0.0,0.0,0.0,0.0,0.0,0.0,0.0,0.0,0.0,-3293.2861695215315,-3293.2861695215315,-3293.2861695215315,0.0,0.0,0.0,45.00452877757705,45.00452877757705,45.00452877757705,-4335.859526208131,-4335.859526208131,-4335.859526208131,997.5688279090222,997.5688279090222,997.5688279090222,0.0,0.0,0.0,8971.090656283413
2017-04-10,12380.946086108339,11282.724783683298,24136.45440178111,12380.946086108339,12380.946086108339,0.0,0.0,0.0,0.0,0.0,0.0,0.0,0.0,0.0,0.0,0.0,0.0,0.0,0.0,0.0,0.0,0.0,0.0,0.0,0.0,0.0,0.0,0.0,0.0,0.0,0.0,0.0,0.0,0.0,0.0,0.0,0.0,0.0,0.0,0.0,0.0,5197.212211453468,5197.212211453468,5197.212211453468,0.0,0.0,0.0,151.2111371410942,151.2111371410942,151.2111371410942,4203.539984512834,4203.539984512834,4203.539984512834,842.4610897995398,842.4610897995398,842.4610897995398,0.0,0.0,0.0,17578.158297561808
2017-04-11,12497.51534641173,10131.635723115498,23009.851191198533,12497.51534641173,12497.51534641173,0.0,0.0,0.0,0.0,0.0,0.0,0.0,0.0,0.0,0.0,0.0,0.0,0.0,0.0,0.0,0.0,0.0,0.0,0.0,0.0,0.0,0.0,0.0,0.0,0.0,0.0,0.0,0.0,0.0,0.0,0.0,0.0,0.0,0.0,0.0,0.0,4351.298243663047,4351.298243663047,4351.298243663047,0.0,0.0,0.0,282.80451655020363,282.80451655020363,282.80451655020363,3347.8978975217155,3347.8978975217155,3347.8978975217155,720.595829591127,720.595829591127,720.595829591127,0.0,0.0,0.0,16848.813590074777
2017-04-12,12614.084606715125,9422.7733167632,22859.286535975767,12614.084606715125,12614.084606715125,0.0,0.0,0.0,0.0,0.0,0.0,0.0,0.0,0.0,0.0,0.0,0.0,0.0,0.0,0.0,0.0,0.0,0.0,0.0,0.0,0.0,0.0,0.0,0.0,0.0,0.0,0.0,0.0,0.0,0.0,0.0,0.0,0.0,0.0,0.0,0.0,3435.186225277539,3435.186225277539,3435.186225277539,0.0,0.0,0.0,322.01321965705336,322.01321965705336,322.01321965705336,2476.467799299732,2476.467799299732,2476.467799299732,636.7052063207527,636.7052063207527,636.7052063207527,0.0,0.0,0.0,16049.270831992664
2017-04-13,12730.653867018522,8337.741516791519,21554.123876203288,12730.653867018522,12730.653867018522,0.0,0.0,0.0,0.0,0.0,0.0,0.0,0.0,0.0,0.0,0.0,0.0,0.0,0.0,0.0,0.0,0.0,0.0,0.0,0.0,0.0,0.0,0.0,0.0,0.0,0.0,0.0,0.0,0.0,0.0,0.0,0.0,0.0,0.0,0.0,0.0,2227.2128459890478,2227.2128459890478,2227.2128459890478,0.0,0.0,0.0,412.42030824474784,412.42030824474784,412.42030824474784,1219.9357873434917,1219.9357873434917,1219.9357873434917,594.8567504008072,594.8567504008072,594.8567504008072,0.0,0.0,0.0,14957.86671300757
2017-04-14,12847.223127321915,6402.716852970768,19261.80898579491,12847.223127321915,12847.223127321915,0.0,0.0,0.0,0.0,0.0,0.0,0.0,0.0,0.0,0.0,0.0,0.0,0.0,0.0,0.0,0.0,0.0,0.0,0.0,0.0,0.0,0.0,0.0,0.0,0.0,0.0,0.0,0.0,0.0,0.0,0.0,0.0,0.0,0.0,0.0,0.0,409.70114965500943,409.70114965500943,409.70114965500943,0.0,0.0,0.0,777.070669985335,777.070669985335,777.070669985335,-965.6856366741649,-965.6856366741649,-965.6856366741649,598.3161163438406,598.3161163438406,598.3161163438406,0.0,0.0,0.0,13256.924276976924
2017-04-15,12963.79238762531,1602.705221045476,14598.080327679289,12963.79238762531,12963.79238762531,0.0,0.0,0.0,0.0,0.0,0.0,0.0,0.0,0.0,0.0,0.0,0.0,0.0,0.0,0.0,0.0,0.0,0.0,0.0,0.0,0.0,0.0,0.0,0.0,0.0,0.0,0.0,0.0,0.0,0.0,-1210.4543796264638,-1210.4543796264638,-1210.4543796264638,0.0,0.0,0.0,-5119.925136795141,-5119.925136795141,-5119.925136795141,-1210.4543796264638,-1210.4543796264638,-1210.4543796264638,1387.3992980089881,1387.3992980089881,1387.3992980089881,-5946.296305797104,-5946.296305797104,-5946.296305797104,649.4262506194385,649.4262506194385,649.4262506194385,0.0,0.0,0.0,7843.867250830169
2017-04-16,13080.361647928705,2508.564988406857,15739.254963454981,13080.361647928705,13080.361647928705,0.0,0.0,0.0,0.0,0.0,0.0,0.0,0.0,0.0,0.0,0.0,0.0,0.0,0.0,0.0,0.0,0.0,0.0,0.0,0.0,0.0,0.0,0.0,0.0,0.0,0.0,0.0,0.0,0.0,0.0,-2287.27393966848,-2287.27393966848,-2287.27393966848,0.0,0.0,0.0,-4032.250162356953,-4032.250162356953,-4032.250162356953,-2287.27393966848,-2287.27393966848,-2287.27393966848,1841.3767270712333,1841.3767270712333,1841.3767270712333,-4335.859526199456,-4335.859526199456,-4335.859526199456,749.5065764397482,749.5065764397482,749.5065764397482,0.0,0.0,0.0,9048.111485571751
2017-04-17,13196.9309082321,10702.233145865957,23447.294584888226,13196.9309082321,13196.9309082321,0.0,0.0,0.0,0.0,0.0,0.0,0.0,0.0,0.0,0.0,0.0,0.0,0.0,0.0,0.0,0.0,0.0,0.0,0.0,0.0,0.0,0.0,0.0,0.0,0.0,0.0,0.0,0.0,0.0,0.0,-2757.2825403468796,-2757.2825403468796,-2757.2825403468796,0.0,0.0,0.0,3976.2606622077788,3976.2606622077788,3976.2606622077788,-2757.2825403468796,-2757.2825403468796,-2757.2825403468796,1631.2278820852841,1631.2278820852841,1631.2278820852841,4203.539984506936,4203.539984506936,4203.539984506936,898.7753359624387,898.7753359624387,898.7753359624387,0.0,0.0,0.0,17173.191570439878
2017-04-18,13313.500168535495,11751.61634370422,25009.92689081307,13313.500168535495,13313.500168535495,0.0,0.0,0.0,0.0,0.0,0.0,0.0,0.0,0.0,0.0,0.0,0.0,0.0,0.0,0.0,0.0,0.0,0.0,0.0,0.0,0.0,0.0,0.0,0.0,0.0,0.0,0.0,0.0,0.0,0.0,0.0,0.0,0.0,0.0,0.0,0.0,5041.381594138279,5041.381594138279,5041.381594138279,0.0,0.0,0.0,597.1860170999181,597.1860170999181,597.1860170999181,3347.8978975250548,3347.8978975250548,3347.8978975250548,1096.297679513306,1096.297679513306,1096.297679513306,0.0,0.0,0.0,18354.881762673773
2017-04-19,13430.069428838886,9839.893532254866,22924.963127656298,13430.069428838886,13430.069428838886,0.0,0.0,0.0,0.0,0.0,0.0,0.0,0.0,0.0,0.0,0.0,0.0,0.0,0.0,0.0,0.0,0.0,0.0,0.0,0.0,0.0,0.0,0.0,0.0,0.0,0.0,0.0,0.0,0.0,0.0,0.0,0.0,0.0,0.0,0.0,0.0,2963.7108850960058,2963.7108850960058,2963.7108850960058,0.0,0.0,0.0,-852.718378974219,-852.718378974219,-852.718378974219,2476.4677993013597,2476.4677993013597,2476.4677993013597,1339.9614647688645,1339.9614647688645,1339.9614647688645,0.0,0.0,0.0,16393.78031393489
2017-04-20,13546.63868914228,8329.7051110403,20960.0582261808,13546.63868914228,13546.63868914228,0.0,0.0,0.0,0.0,0.0,0.0,0.0,0.0,0.0,0.0,0.0,0.0,0.0,0.0,0.0,0.0,0.0,0.0,0.0,0.0,0.0,0.0,0.0,0.0,0.0,0.0,0.0,0.0,0.0,0.0,0.0,0.0,0.0,0.0,0.0,0.0,849.065838174942,849.065838174942,849.065838174942,0.0,0.0,0.0,-1997.3519908532605,-1997.3519908532605,-1997.3519908532605,1219.935787350254,1219.935787350254,1219.935787350254,1626.4820416779487,1626.4820416779487,1626.4820416779487,0.0,0.0,0.0,14395.704527317223
2017-04-21,13663.207949445676,2077.7335348828083,15013.804946433154,13663.207949445676,13663.207949445676,0.0,0.0,0.0,0.0,0.0,0.0,0.0,0.0,0.0,0.0,0.0,0.0,0.0,0.0,0.0,0.0,0.0,0.0,0.0,0.0,0.0,0.0,0.0,0.0,0.0,0.0,0.0,0.0,0.0,0.0,0.0,0.0,0.0,-4081.12538231104,-4081.12538231104,-4081.12538231104,-5440.587158636587,-5440.587158636587,-5440.587158636587,-4081.12538231104,-4081.12538231104,-4081.12538231104,-2345.2127083022356,-2345.2127083022356,-2345.2127083022356,-965.6856366732815,-965.6856366732815,-965.6856366732815,1951.43656864997,1951.43656864997,1951.43656864997,0.0,0.0,0.0,8222.620790809087
2017-04-22,13779.777198328862,2202.9079340283206,14395.778816590982,13779.777198328862,13779.777198328862,0.0,0.0,0.0,0.0,0.0,0.0,0.0,0.0,0.0,0.0,0.0,0.0,0.0,0.0,0.0,0.0,0.0,0.0,0.0,0.0,0.0,0.0,0.0,0.0,0.0,0.0,0.0,0.0,0.0,0.0,0.0,0.0,0.0,0.0,0.0,0.0,-5637.742264529379,-5637.742264529379,-5637.742264529379,0.0,0.0,0.0,-2000.7736094458853,-2000.7736094458853,-2000.7736094458853,-5946.296305797573,-5946.296305797573,-5946.296305797573,2309.327650714079,2309.327650714079,2309.327650714079,0.0,0.0,0.0,8142.034933799483
2017-04-23,13896.346447212049,4261.178581828519,17304.637392570537,13896.346447212049,13896.346447212049,0.0,0.0,0.0,0.0,0.0,0.0,0.0,0.0,0.0,0.0,0.0,0.0,0.0,0.0,0.0,0.0,0.0,0.0,0.0,0.0,0.0,0.0,0.0,0.0,0.0,0.0,0.0,0.0,0.0,0.0,0.0,0.0,0.0,0.0,0.0,0.0,-3173.411060961108,-3173.411060961108,-3173.411060961108,0.0,0.0,0.0,-1531.226865076628,-1531.226865076628,-1531.226865076628,-4335.859526214074,-4335.859526214074,-4335.859526214074,2693.6753303295945,2693.6753303295945,2693.6753303295945,0.0,0.0,0.0,10722.935386250942
2017-04-24,14012.915696095233,13583.762357549927,26687.801183617747,14012.915696095233,14012.915696095233,0.0,0.0,0.0,0.0,0.0,0.0,0.0,0.0,0.0,0.0,0.0,0.0,0.0,0.0,0.0,0.0,0.0,0.0,0.0,0.0,0.0,0.0,0.0,0.0,0.0,0.0,0.0,0.0,0.0,0.0,0.0,0.0,0.0,0.0,0.0,0.0,5848.587901568314,5848.587901568314,5848.587901568314,0.0,0.0,0.0,-1452.0877989597072,-1452.0877989597072,-1452.0877989597072,4203.5399845111315,4203.5399845111315,4203.5399845111315,3097.135716016889,3097.135716016889,3097.135716016889,0.0,0.0,0.0,19861.503597663548
2017-04-25,14129.484944978418,12309.38796257339,25901.62427643511,14129.484944978418,14129.484944978418,0.0,0.0,0.0,0.0,0.0,0.0,0.0,0.0,0.0,0.0,0.0,0.0,0.0,0.0,0.0,0.0,0.0,0.0,0.0,0.0,0.0,0.0,0.0,0.0,0.0,0.0,0.0,0.0,0.0,0.0,0.0,0.0,0.0,0.0,0.0,0.0,5070.9891383934855,5070.9891383934855,5070.9891383934855,0.0,0.0,0.0,-1788.552581594635,-1788.552581594635,-1788.552581594635,3347.8978975228333,3347.8978975228333,3347.8978975228333,3511.6438224652875,3511.6438224652875,3511.6438224652875,0.0,0.0,0.0,19200.474083371904
2017-04-26,14246.054193861604,12034.303977961414,25351.948509537775,14246.054193861604,14246.054193861604,0.0,0.0,0.0,0.0,0.0,0.0,0.0,0.0,0.0,0.0,0.0,0.0,0.0,0.0,0.0,0.0,0.0,0.0,0.0,0.0,0.0,0.0,0.0,0.0,0.0,0.0,0.0,0.0,0.0,0.0,0.0,0.0,0.0,0.0,0.0,0.0,4312.1346729400775,4312.1346729400775,4312.1346729400775,0.0,0.0,0.0,-2092.9106634459868,-2092.9106634459868,-2092.9106634459868,2476.467799299769,2476.467799299769,2476.467799299769,3928.5775370862957,3928.5775370862957,3928.5775370862957,0.0,0.0,0.0,18558.188866801684
2017-04-27,14362.62344274479,10924.113932314376,24470.81766893954,14362.62344274479,14362.62344274479,0.0,0.0,0.0,0.0,0.0,0.0,0.0,0.0,0.0,0.0,0.0,0.0,0.0,0.0,0.0,0.0,0.0,0.0,0.0,0.0,0.0,0.0,0.0,0.0,0.0,0.0,0.0,0.0,0.0,0.0,0.0,0.0,0.0,0.0,0.0,0.0,3678.9803952526454,3678.9803952526454,3678.9803952526454,0.0,0.0,0.0,-1879.8944318533559,-1879.8944318533559,-1879.8944318533559,1219.9357873460144,1219.9357873460144,1219.9357873460144,4338.939039759987,4338.939039759987,4338.939039759987,0.0,0.0,0.0,18041.603837997434
2017-04-28,14479.192691627975,10680.550100948958,23635.761481529982,14479.192691627975,14479.192691627975,0.0,0.0,0.0,0.0,0.0,0.0,0.0,0.0,0.0,0.0,0.0,0.0,0.0,0.0,0.0,0.0,0.0,0.0,0.0,0.0,0.0,0.0,0.0,0.0,0.0,0.0,0.0,0.0,0.0,0.0,0.0,0.0,0.0,0.0,0.0,0.0,2697.49121135188,2697.49121135188,2697.49121135188,0.0,0.0,0.0,-1070.3726526477194,-1070.3726526477194,-1070.3726526477194,-965.6856366676847,-965.6856366676847,-965.6856366676847,4733.549500667283,4733.549500667283,4733.549500667283,0.0,0.0,0.0,17176.683902979854
2017-04-29,14595.761940511158,7358.343565714019,19958.365690102964,14595.761940511158,14595.761940511158,0.0,0.0,0.0,0.0,0.0,0.0,0.0,0.0,0.0,0.0,0.0,0.0,0.0,0.0,0.0,0.0,0.0,0.0,0.0,0.0,0.0,0.0,0.0,0.0,0.0,0.0,0.0,0.0,0.0,0.0,0.0,0.0,0.0,0.0,0.0,0.0,-890.756575930374,-890.756575930374,-890.756575930374,0.0,0.0,0.0,-47.7127497063252,-47.7127497063252,-47.7127497063252,-5946.296305792912,-5946.296305792912,-5946.296305792912,5103.252479568862,5103.252479568862,5103.252479568862,0.0,0.0,0.0,13705.005364580784
2017-04-30,14712.331189394345,10137.584635598529,23404.472695376633,14712.331189394345,14712.331189394345,0.0,0.0,0.0,0.0,0.0,0.0,0.0,0.0,0.0,0.0,0.0,0.0,0.0,0.0,0.0,0.0,0.0,0.0,0.0,0.0,0.0,0.0,0.0,0.0,0.0,0.0,0.0,0.0,0.0,0.0,0.0,0.0,0.0,0.0,0.0,0.0,1799.3246209691151,1799.3246209691151,1799.3246209691151,0.0,0.0,0.0,696.0629871068041,696.0629871068041,696.0629871068041,-4335.8595262054,-4335.8595262054,-4335.8595262054,5439.12116006771,5439.12116006771,5439.12116006771,0.0,0.0,0.0,16511.65581036346
2017-05-01,14828.900438277531,10634.213542834987,23462.334798634864,14828.900438277531,14828.900438277531,0.0,0.0,0.0,0.0,0.0,0.0,0.0,0.0,0.0,0.0,0.0,0.0,0.0,0.0,0.0,0.0,0.0,0.0,0.0,0.0,0.0,-8830.556252468159,-8830.556252468159,-8830.556252468159,0.0,0.0,0.0,0.0,0.0,0.0,0.0,0.0,0.0,0.0,0.0,0.0,2079.3701546422403,2079.3701546422403,2079.3701546422403,-8830.556252468159,-8830.556252468159,-8830.556252468159,973.722039704314,973.722039704314,973.722039704314,4203.539984515328,4203.539984515328,4203.539984515328,5732.664382890757,5732.664382890757,5732.664382890757,0.0,0.0,0.0,16908.270592919773
2017-05-02,14945.469687160718,19136.86104271262,31858.22902972653,14945.469687160718,14945.469687160718,0.0,0.0,0.0,0.0,0.0,0.0,0.0,0.0,0.0,0.0,0.0,0.0,0.0,0.0,0.0,0.0,0.0,0.0,0.0,0.0,0.0,0.0,0.0,0.0,0.0,0.0,0.0,0.0,0.0,0.0,0.0,0.0,0.0,0.0,0.0,0.0,10320.493459261514,10320.493459261514,10320.493459261514,0.0,0.0,0.0,996.5691629594423,996.5691629594423,996.5691629594423,3347.897897520613,3347.897897520613,3347.897897520613,5976.026398781456,5976.026398781456,5976.026398781456,0.0,0.0,0.0,25265.963146422233
2017-05-03,15062.0389360439,17397.551880047453,31125.509739155554,15062.0389360439,15062.0389360439,0.0,0.0,0.0,0.0,0.0,0.0,0.0,0.0,0.0,0.0,0.0,0.0,0.0,0.0,0.0,0.0,0.0,0.0,0.0,0.0,0.0,0.0,0.0,0.0,0.0,0.0,0.0,0.0,0.0,0.0,0.0,0.0,0.0,0.0,0.0,0.0,9732.914638087657,9732.914638087657,9732.914638087657,0.0,0.0,0.0,1094.271492287755,1094.271492287755,1094.271492287755,2476.4677992981783,2476.4677992981783,2476.4677992981783,6162.175346501725,6162.175346501725,6162.175346501725,0.0,0.0,0.0,24794.953574131556
2017-05-04,15178.608184927087,17455.915854333987,30291.46280399455,15178.608184927087,15178.608184927087,0.0,0.0,0.0,0.0,0.0,0.0,0.0,0.0,0.0,0.0,0.0,0.0,0.0,0.0,0.0,0.0,0.0,0.0,0.0,0.0,0.0,0.0,0.0,0.0,0.0,0.0,0.0,0.0,0.0,0.0,0.0,0.0,0.0,0.0,0.0,0.0,8866.339449249592,8866.339449249592,8866.339449249592,0.0,0.0,0.0,1361.3279878895232,1361.3279878895232,1361.3279878895232,1219.9357873527765,1219.9357873527765,1219.9357873527765,6285.075674007289,6285.075674007289,6285.075674007289,0.0,0.0,0.0,24044.94763417668
2017-05-05,15295.177433810273,15419.434949751916,28628.29259669944,15295.177433810273,15295.177433810273,0.0,0.0,0.0,0.0,0.0,0.0,0.0,0.0,0.0,0.0,0.0,0.0,0.0,0.0,0.0,0.0,0.0,0.0,0.0,0.0,0.0,0.0,0.0,0.0,0.0,0.0,0.0,0.0,0.0,0.0,0.0,0.0,0.0,0.0,0.0,0.0,6951.827795204249,6951.827795204249,6951.827795204249,0.0,0.0,0.0,1577.6733750088124,1577.6733750088124,1577.6733750088124,-965.6856366731436,-965.6856366731436,-965.6856366731436,6339.840056868578,6339.840056868578,6339.840056868578,0.0,0.0,0.0,22247.00522901452
2017-05-06,15411.74668269346,10919.432310515736,23711.20595376932,15411.74668269346,15411.74668269346,0.0,0.0,0.0,0.0,0.0,0.0,0.0,0.0,0.0,0.0,0.0,0.0,0.0,0.0,0.0,0.0,0.0,0.0,0.0,0.0,0.0,0.0,0.0,0.0,0.0,0.0,0.0,0.0,0.0,0.0,0.0,0.0,0.0,0.0,0.0,0.0,1837.845480324794,1837.845480324794,1837.845480324794,0.0,0.0,0.0,1461.2849659425324,1461.2849659425324,1461.2849659425324,-5946.296305799504,-5946.296305799504,-5946.296305799504,6322.856820181765,6322.856820181765,6322.856820181765,0.0,0.0,0.0,17249.592163018253
2017-05-07,15528.315931576644,11434.624066006158,24941.55565313239,15528.315931576644,15528.315931576644,0.0,0.0,0.0,0.0,0.0,0.0,0.0,0.0,0.0,0.0,0.0,0.0,0.0,0.0,0.0,0.0,0.0,0.0,0.0,0.0,0.0,0.0,0.0,0.0,0.0,0.0,0.0,0.0,0.0,0.0,0.0,0.0,0.0,0.0,0.0,0.0,2876.9295095545162,2876.9295095545162,2876.9295095545162,0.0,0.0,0.0,980.8996075566735,980.8996075566735,980.8996075566735,-4335.859526220018,-4335.859526220018,-4335.859526220018,6231.889428217861,6231.889428217861,6231.889428217861,0.0,0.0,0.0,18405.24544113116
2017-05-08,15644.885180459827,19795.421184466424,32806.841715436334,15644.885180459827,15644.885180459827,0.0,0.0,0.0,0.0,0.0,0.0,0.0,0.0,0.0,0.0,0.0,0.0,0.0,0.0,0.0,0.0,0.0,0.0,0.0,0.0,0.0,0.0,0.0,0.0,0.0,0.0,0.0,0.0,0.0,0.0,0.0,0.0,0.0,0.0,0.0,0.0,10680.26812103569,10680.26812103569,10680.26812103569,0.0,0.0,0.0,410.5828798340478,410.5828798340478,410.5828798340478,4203.539984517194,4203.539984517194,4203.539984517194,6066.145256684447,6066.145256684447,6066.145256684447,0.0,0.0,0.0,26325.153301495517
2017-05-09,15761.454429343014,19027.67368318195,31596.849632059526,15761.454429343014,15761.454429343014,0.0,0.0,0.0,0.0,0.0,0.0,0.0,0.0,0.0,0.0,0.0,0.0,0.0,0.0,0.0,0.0,0.0,0.0,0.0,0.0,0.0,0.0,0.0,0.0,0.0,0.0,0.0,0.0,0.0,0.0,0.0,0.0,0.0,0.0,0.0,0.0,9253.7140485843,9253.7140485843,9253.7140485843,0.0,0.0,0.0,79.50456088389922,79.50456088389922,79.50456088389922,3347.897897523952,3347.897897523952,3347.897897523952,5826.311590176446,5826.311590176446,5826.311590176446,0.0,0.0,0.0,25015.168477927313
2017-05-10,15878.023678226202,17586.87998206878,31201.137525021288,15878.023678226202,15878.023678226202,0.0,0.0,0.0,0.0,0.0,0.0,0.0,0.0,0.0,0.0,0.0,0.0,0.0,0.0,0.0,0.0,0.0,0.0,0.0,0.0,0.0,0.0,0.0,0.0,0.0,0.0,0.0,0.0,0.0,0.0,0.0,0.0,0.0,0.0,0.0,0.0,8070.397088016562,8070.397088016562,8070.397088016562,0.0,0.0,0.0,79.37171435366484,79.37171435366484,79.37171435366484,2476.4677992989505,2476.4677992989505,2476.4677992989505,5514.5575743639465,5514.5575743639465,5514.5575743639465,0.0,0.0,0.0,23948.420766242765
2017-05-11,15994.592929192282,16288.527067408155,29717.069762484807,15994.592929192282,15994.592929192282,0.0,0.0,0.0,0.0,0.0,0.0,0.0,0.0,0.0,0.0,0.0,0.0,0.0,0.0,0.0,0.0,0.0,0.0,0.0,0.0,0.0,0.0,0.0,0.0,0.0,0.0,0.0,0.0,0.0,0.0,0.0,0.0,0.0,0.0,0.0,0.0,6581.607171168945,6581.607171168945,6581.607171168945,0.0,0.0,0.0,227.16970438862944,227.16970438862944,227.16970438862944,1219.935787348537,1219.935787348537,1219.935787348537,5134.501679431778,5134.501679431778,5134.501679431778,0.0,0.0,0.0,22576.200100361228
2017-05-12,16111.16218015836,13713.51335834102,26227.830487017167,16111.16218015836,16111.16218015836,0.0,0.0,0.0,0.0,0.0,0.0,0.0,0.0,0.0,0.0,0.0,0.0,0.0,0.0,0.0,0.0,0.0,0.0,0.0,0.0,0.0,0.0,0.0,0.0,0.0,0.0,0.0,0.0,0.0,0.0,0.0,0.0,0.0,0.0,0.0,0.0,4035.9589450250674,4035.9589450250674,4035.9589450250674,0.0,0.0,0.0,310.49950416169287,310.49950416169287,310.49950416169287,-965.6856366786018,-965.6856366786018,-965.6856366786018,4691.145077541976,4691.145077541976,4691.145077541976,0.0,0.0,0.0,20147.12112518343
2017-05-13,16227.73143112444,8349.609845812598,21011.471586555253,16227.73143112444,16227.73143112444,0.0,0.0,0.0,0.0,0.0,0.0,0.0,0.0,0.0,0.0,0.0,0.0,0.0,0.0,0.0,0.0,0.0,0.0,0.0,0.0,0.0,0.0,0.0,0.0,0.0,0.0,0.0,0.0,0.0,0.0,0.0,0.0,0.0,0.0,0.0,0.0,-1410.8001185897574,-1410.8001185897574,-1410.8001185897574,0.0,0.0,0.0,344.72400559548225,344.72400559548225,344.72400559548225,-5946.296305806096,-5946.296305806096,-5946.296305806096,4190.772181620856,4190.772181620856,4190.772181620856,0.0,0.0,0.0,14816.931312534683
2017-05-14,16344.30068209052,9684.62902358741,22634.226757892015,16344.30068209052,16344.30068209052,0.0,0.0,0.0,0.0,0.0,0.0,0.0,0.0,0.0,0.0,0.0,0.0,0.0,0.0,0.0,0.0,0.0,0.0,0.0,0.0,0.0,0.0,0.0,0.0,0.0,0.0,0.0,0.0,0.0,0.0,0.0,0.0,0.0,0.0,0.0,0.0,-141.95724598680818,-141.95724598680818,-141.95724598680818,0.0,0.0,0.0,553.0818662076287,553.0818662076287,553.0818662076287,-4335.859526225256,-4335.859526225256,-4335.859526225256,3640.8204140308185,3640.8204140308185,3640.8204140308185,0.0,0.0,0.0,16202.34343610371
2017-05-15,16460.869933056598,17904.22330163088,31885.28708624519,16460.869933056598,16460.869933056598,0.0,0.0,0.0,0.0,0.0,0.0,0.0,0.0,0.0,0.0,0.0,0.0,0.0,0.0,0.0,0.0,0.0,0.0,0.0,0.0,0.0,0.0,0.0,0.0,0.0,0.0,0.0,0.0,0.0,0.0,0.0,0.0,0.0,0.0,0.0,0.0,8322.478917321876,8322.478917321876,8322.478917321876,0.0,0.0,0.0,1069.2168818320433,1069.2168818320433,1069.2168818320433,4203.539984513624,4203.539984513624,4203.539984513624,3049.7220509762074,3049.7220509762074,3049.7220509762074,0.0,0.0,0.0,24783.348850378476
2017-05-16,16577.439184022678,17931.84369410057,30104.22597283996,16577.439184022678,16577.439184022678,0.0,0.0,0.0,0.0,0.0,0.0,0.0,0.0,0.0,0.0,0.0,0.0,0.0,0.0,0.0,0.0,0.0,0.0,0.0,0.0,0.0,0.0,0.0,0.0,0.0,0.0,0.0,0.0,0.0,0.0,0.0,0.0,0.0,0.0,0.0,0.0,7443.210296777294,7443.210296777294,7443.210296777294,0.0,0.0,0.0,1668.590697584113,1668.590697584113,1668.590697584113,3347.897897522224,3347.897897522224,3347.897897522224,2426.7217016709565,2426.7217016709565,2426.7217016709565,0.0,0.0,0.0,24020.649480799973
2017-05-17,16694.00843498876,16760.49921153616,29190.720509614857,16694.00843498876,16694.00843498876,0.0,0.0,0.0,0.0,0.0,0.0,0.0,0.0,0.0,0.0,0.0,0.0,0.0,0.0,0.0,0.0,0.0,0.0,0.0,0.0,0.0,0.0,0.0,0.0,0.0,0.0,0.0,0.0,0.0,0.0,0.0,0.0,0.0,0.0,0.0,0.0,6100.313731256821,6100.313731256821,6100.313731256821,0.0,0.0,0.0,1842.1723199214002,1842.1723199214002,1842.1723199214002,2476.467799300578,2476.467799300578,2476.467799300578,1781.6736120348432,1781.6736120348432,1781.6736120348432,0.0,0.0,0.0,22794.32216624558
2017-05-18,16810.577685954835,14279.505563204839,27510.679137335002,16810.577685954835,16810.577685954835,0.0,0.0,0.0,0.0,0.0,0.0,0.0,0.0,0.0,0.0,0.0,0.0,0.0,0.0,0.0,0.0,0.0,0.0,0.0,0.0,0.0,0.0,0.0,0.0,0.0,0.0,0.0,0.0,0.0,0.0,0.0,0.0,0.0,0.0,0.0,0.0,3549.1148423618783,3549.1148423618783,3549.1148423618783,0.0,0.0,0.0,1204.3555406333141,1204.3555406333141,1204.3555406333141,1219.9357873496028,1219.9357873496028,1219.9357873496028,1124.823514378961,1124.823514378961,1124.823514378961,0.0,0.0,0.0,20359.692528316715
2017-05-19,16927.14693692092,9612.772608801191,22510.729909739846,16927.14693692092,16927.14693692092,0.0,0.0,0.0,0.0,0.0,0.0,0.0,0.0,0.0,0.0,0.0,0.0,0.0,0.0,0.0,0.0,0.0,0.0,0.0,0.0,0.0,0.0,0.0,0.0,0.0,0.0,0.0,0.0,0.0,0.0,0.0,0.0,0.0,0.0,0.0,0.0,-618.611946021404,-618.611946021404,-618.611946021404,0.0,0.0,0.0,-119.50647245466408,-119.50647245466408,-119.50647245466408,-965.685636677718,-965.685636677718,-965.685636677718,466.5801631109785,466.5801631109785,466.5801631109785,0.0,0.0,0.0,16308.534990899516
2017-05-20,17043.716187887,2865.008508614189,15894.330567009021,17043.716187887,17043.716187887,0.0,0.0,0.0,0.0,0.0,0.0,0.0,0.0,0.0,0.0,0.0,0.0,0.0,0.0,0.0,0.0,0.0,0.0,0.0,0.0,0.0,0.0,0.0,0.0,0.0,0.0,0.0,0.0,0.0,0.0,0.0,0.0,0.0,0.0,0.0,0.0,-7634.643696226988,-7634.643696226988,-7634.643696226988,0.0,0.0,0.0,-1505.6293809225674,-1505.6293809225674,-1505.6293809225674,-5946.296305801436,-5946.296305801436,-5946.296305801436,-182.71800950298527,-182.71800950298527,-182.71800950298527,0.0,0.0,0.0,9409.072491660012
2017-05-21,17160.285438853076,3410.278894284538,16204.478764018508,17160.285438853076,17160.285438853076,0.0,0.0,0.0,0.0,0.0,0.0,0.0,0.0,0.0,0.0,0.0,0.0,0.0,0.0,0.0,0.0,0.0,0.0,0.0,0.0,0.0,0.0,0.0,0.0,0.0,0.0,0.0,0.0,0.0,0.0,0.0,0.0,0.0,0.0,0.0,0.0,-7428.327540779956,-7428.327540779956,-7428.327540779956,0.0,0.0,0.0,-2279.432492278681,-2279.432492278681,-2279.432492278681,-4335.859526221271,-4335.859526221271,-4335.859526221271,-813.0355222800023,-813.0355222800023,-813.0355222800023,0.0,0.0,0.0,9731.95789807312
2017-05-22,17276.854689819156,11115.384059920803,24275.84518843401,17276.854689819156,17276.854689819156,0.0,0.0,0.0,0.0,0.0,0.0,0.0,0.0,0.0,0.0,0.0,0.0,0.0,0.0,0.0,0.0,0.0,0.0,0.0,0.0,0.0,0.0,0.0,0.0,0.0,0.0,0.0,0.0,0.0,0.0,0.0,0.0,0.0,0.0,0.0,0.0,558.8538234699786,558.8538234699786,558.8538234699786,0.0,0.0,0.0,-2229.8200209109987,-2229.8200209109987,-2229.8200209109987,4203.5399845154925,4203.5399845154925,4203.5399845154925,-1414.8661401345155,-1414.8661401345155,-1414.8661401345155,0.0,0.0,0.0,17835.708513289133
2017-05-23,17393.423940785236,10745.908823278294,23286.759653390734,17393.423940785236,17393.423940785236,0.0,0.0,0.0,0.0,0.0,0.0,0.0,0.0,0.0,0.0,0.0,0.0,0.0,0.0,0.0,0.0,0.0,0.0,0.0,0.0,0.0,0.0,0.0,0.0,0.0,0.0,0.0,0.0,0.0,0.0,0.0,0.0,0.0,0.0,0.0,0.0,-372.9832686910987,-372.9832686910987,-372.9832686910987,0.0,0.0,0.0,-1741.4338336538945,-1741.4338336538945,-1741.4338336538945,3347.897897520497,3347.897897520497,3347.897897520497,-1979.4473325577007,-1979.4473325577007,-1979.4473325577007,0.0,0.0,0.0,17020.440672094137
2017-05-24,17509.993191751317,9289.245467870807,22411.02367447498,17509.993191751317,17509.993191751317,0.0,0.0,0.0,0.0,0.0,0.0,0.0,0.0,0.0,0.0,0.0,0.0,0.0,0.0,0.0,0.0,0.0,0.0,0.0,0.0,0.0,0.0,0.0,0.0,0.0,0.0,0.0,0.0,0.0,0.0,0.0,0.0,0.0,0.0,0.0,0.0,-1449.8165998276322,-1449.8165998276322,-1449.8165998276322,0.0,0.0,0.0,-1427.3267526838492,-1427.3267526838492,-1427.3267526838492,2476.4677992981315,2476.4677992981315,2476.4677992981315,-2498.9576464419156,-2498.9576464419156,-2498.9576464419156,0.0,0.0,0.0,16060.176591923684
2017-05-25,17626.562442717397,7472.250658259505,20616.25024340406,17626.562442717397,17626.562442717397,0.0,0.0,0.0,0.0,0.0,0.0,0.0,0.0,0.0,0.0,0.0,0.0,0.0,0.0,0.0,0.0,0.0,0.0,0.0,0.0,0.0,0.0,0.0,0.0,0.0,0.0,0.0,0.0,0.0,0.0,0.0,0.0,0.0,0.0,0.0,0.0,-3335.8469170229127,-3335.8469170229127,-3335.8469170229127,0.0,0.0,0.0,-1589.0905747928477,-1589.0905747928477,-1589.0905747928477,1219.9357873457534,1219.9357873457534,1219.9357873457534,-2966.692129575818,-2966.692129575818,-2966.692129575818,0.0,0.0,0.0,14290.715525694484
2017-05-26,17743.131693683477,5107.83260950994,17965.263930559922,17743.131693683477,17743.131693683477,0.0,0.0,0.0,0.0,0.0,0.0,0.0,0.0,0.0,0.0,0.0,0.0,0.0,0.0,0.0,0.0,0.0,0.0,0.0,0.0,0.0,0.0,0.0,0.0,0.0,0.0,0.0,0.0,0.0,0.0,0.0,0.0,0.0,0.0,0.0,0.0,-6323.482036774407,-6323.482036774407,-6323.482036774407,0.0,0.0,0.0,-1980.584950216679,-1980.584950216679,-1980.584950216679,-965.6856366784631,-965.6856366784631,-965.6856366784631,-3377.2114498792644,-3377.2114498792644,-3377.2114498792644,0.0,0.0,0.0,11419.64965690907
2017-05-27,17859.700944649554,-181.21349516776965,12599.153058223003,17859.700944649554,17859.700944649554,0.0,0.0,0.0,0.0,0.0,0.0,0.0,0.0,0.0,0.0,0.0,0.0,0.0,0.0,0.0,0.0,0.0,0.0,0.0,0.0,0.0,0.0,0.0,0.0,0.0,0.0,0.0,0.0,0.0,0.0,0.0,0.0,0.0,0.0,0.0,0.0,-11741.410530918389,-11741.410530918389,-11741.410530918389,0.0,0.0,0.0,-2068.653249637109,-2068.653249637109,-2068.653249637109,-5946.296305801904,-5946.296305801904,-5946.296305801904,-3726.460975479375,-3726.460975479375,-3726.460975479375,0.0,0.0,0.0,6118.290413731165
2017-05-28,17976.270195615634,1649.5522521056175,14514.127234190235,17976.270195615634,17976.270195615634,0.0,0.0,0.0,0.0,0.0,0.0,0.0,0.0,0.0,0.0,0.0,0.0,0.0,0.0,0.0,0.0,0.0,0.0,0.0,0.0,0.0,0.0,0.0,0.0,0.0,0.0,0.0,0.0,0.0,0.0,0.0,0.0,0.0,0.0,0.0,0.0,-9881.561407113697,-9881.561407113697,-9881.561407113697,0.0,0.0,0.0,-1533.8450836629502,-1533.8450836629502,-1533.8450836629502,-4335.859526217286,-4335.859526217286,-4335.859526217286,-4011.8567972334604,-4011.8567972334604,-4011.8567972334604,0.0,0.0,0.0,8094.708788501937
2017-05-29,18082.805933094776,10920.64167505681,24100.305061601226,18082.805933094776,18082.805933094776,0.0,0.0,0.0,0.0,0.0,0.0,0.0,0.0,0.0,0.0,0.0,0.0,0.0,0.0,0.0,0.0,0.0,0.0,0.0,0.0,0.0,0.0,0.0,0.0,0.0,0.0,0.0,0.0,0.0,0.0,0.0,0.0,0.0,0.0,0.0,0.0,-580.5888662852147,-580.5888662852147,-580.5888662852147,0.0,0.0,0.0,-551.7923798038229,-551.7923798038229,-551.7923798038229,4203.539984519688,4203.539984519688,4203.539984519688,-4232.336471001081,-4232.336471001081,-4232.336471001081,0.0,0.0,0.0,17502.21706680956
2017-05-30,18189.341670573926,10895.088619323733,24135.107160287836,18189.341670573926,18189.341670573926,0.0,0.0,0.0,0.0,0.0,0.0,0.0,0.0,0.0,0.0,0.0,0.0,0.0,0.0,0.0,0.0,0.0,0.0,0.0,0.0,0.0,0.0,0.0,0.0,0.0,0.0,0.0,0.0,0.0,0.0,0.0,0.0,0.0,0.0,0.0,0.0,-659.3366032756761,-659.3366032756761,-659.3366032756761,0.0,0.0,0.0,381.1386116405508,381.1386116405508,381.1386116405508,3347.8978975182754,3347.8978975182754,3347.8978975182754,-4388.373112434502,-4388.373112434502,-4388.373112434502,0.0,0.0,0.0,17530.00506729825
2017-05-31,18295.877408053067,10370.090007138104,23734.927277833758,18295.877408053067,18295.877408053067,0.0,0.0,0.0,0.0,0.0,0.0,0.0,0.0,0.0,0.0,0.0,0.0,0.0,0.0,0.0,0.0,0.0,0.0,0.0,0.0,0.0,0.0,0.0,0.0,0.0,0.0,0.0,0.0,0.0,0.0,0.0,0.0,0.0,0.0,0.0,0.0,-1118.1141317787424,-1118.1141317787424,-1118.1141317787424,0.0,0.0,0.0,887.3704401832134,887.3704401832134,887.3704401832134,2476.4677993021232,2476.4677993021232,2476.4677993021232,-4481.952371264079,-4481.952371264079,-4481.952371264079,0.0,0.0,0.0,17177.763276274323
2017-06-01,18402.413145532213,9433.853004056979,22689.469186663933,18402.413145532213,18402.413145532213,0.0,0.0,0.0,0.0,0.0,0.0,0.0,0.0,0.0,0.0,0.0,0.0,0.0,0.0,0.0,0.0,0.0,0.0,0.0,0.0,0.0,0.0,0.0,0.0,0.0,0.0,0.0,0.0,0.0,0.0,0.0,0.0,0.0,0.0,0.0,0.0,-2302.2149932034527,-2302.2149932034527,-2302.2149932034527,0.0,0.0,0.0,994.361942355207,994.361942355207,994.361942355207,1219.9357873468196,1219.9357873468196,1219.9357873468196,-4516.512722905479,-4516.512722905479,-4516.512722905479,0.0,0.0,0.0,16100.198152328761
2017-06-02,18508.948883011355,7864.013842646133,20679.211655113795,18508.948883011355,18508.948883011355,0.0,0.0,0.0,0.0,0.0,0.0,0.0,0.0,0.0,0.0,0.0,0.0,0.0,0.0,0.0,0.0,0.0,0.0,0.0,0.0,0.0,0.0,0.0,0.0,0.0,0.0,0.0,0.0,0.0,0.0,0.0,0.0,0.0,0.0,0.0,0.0,-4440.728022267872,-4440.728022267872,-4440.728022267872,0.0,0.0,0.0,1021.8080344978964,1021.8080344978964,1021.8080344978964,-965.6856366775789,-965.6856366775789,-965.6856366775789,-4496.850420088188,-4496.850420088188,-4496.850420088188,0.0,0.0,0.0,14068.220860743484
2017-06-03,18615.4846204905,2899.0257962940022,16656.211589318063,18615.4846204905,18615.4846204905,0.0,0.0,0.0,0.0,0.0,0.0,0.0,0.0,0.0,0.0,0.0,0.0,0.0,0.0,0.0,0.0,0.0,0.0,0.0,0.0,0.0,0.0,0.0,0.0,0.0,0.0,0.0,0.0,0.0,0.0,0.0,0.0,0.0,0.0,0.0,0.0,-9160.528792998672,-9160.528792998672,-9160.528792998672,0.0,0.0,0.0,1214.7588362822721,1214.7588362822721,1214.7588362822721,-5946.29630579112,-5946.29630579112,-5946.29630579112,-4428.991323489823,-4428.991323489823,-4428.991323489823,0.0,0.0,0.0,9454.955827491829
2017-06-04,18722.020357969643,5002.4642170194165,18096.575781753963,18722.020357969643,18722.020357969643,0.0,0.0,0.0,0.0,0.0,0.0,0.0,0.0,0.0,0.0,0.0,0.0,0.0,0.0,0.0,0.0,0.0,0.0,0.0,0.0,0.0,0.0,0.0,0.0,0.0,0.0,0.0,0.0,0.0,0.0,0.0,0.0,0.0,0.0,0.0,0.0,-7159.571026891092,-7159.571026891092,-7159.571026891092,0.0,0.0,0.0,1496.3211553855544,1496.3211553855544,1496.3211553855544,-4335.859526213302,-4335.859526213302,-4335.859526213302,-4320.032656063343,-4320.032656063343,-4320.032656063343,0.0,0.0,0.0,11562.449331078551
2017-06-05,18828.55609544879,14052.911202136222,26985.605956904452,18828.55609544879,18828.55609544879,0.0,0.0,0.0,0.0,0.0,0.0,0.0,0.0,0.0,0.0,0.0,0.0,0.0,0.0,0.0,0.0,0.0,0.0,0.0,0.0,0.0,0.0,0.0,0.0,0.0,0.0,0.0,0.0,0.0,0.0,0.0,0.0,0.0,0.0,0.0,0.0,1596.8999230747588,1596.8999230747588,1596.8999230747588,0.0,0.0,0.0,1571.3184185706814,1571.3184185706814,1571.3184185706814,4203.53998451146,4203.53998451146,4203.53998451146,-4177.958480007383,-4177.958480007383,-4177.958480007383,0.0,0.0,0.0,20425.456018523546
2017-06-06,18935.091832927934,13312.099269242535,25504.744221859284,18935.091832927934,18935.091832927934,0.0,0.0,0.0,0.0,0.0,0.0,0.0,0.0,0.0,0.0,0.0,0.0,0.0,0.0,0.0,0.0,0.0,0.0,0.0,0.0,0.0,0.0,0.0,0.0,0.0,0.0,0.0,0.0,0.0,0.0,0.0,0.0,0.0,0.0,0.0,0.0,591.2359275056788,591.2359275056788,591.2359275056788,0.0,0.0,0.0,1254.7713890673099,1254.7713890673099,1254.7713890673099,3347.8978975221075,3347.8978975221075,3347.8978975221075,-4011.433359083739,-4011.433359083739,-4011.433359083739,0.0,0.0,0.0,19526.32776043361
2017-06-07,19041.627570407072,11764.506063290248,25048.690058179105,19041.627570407072,19041.627570407072,0.0,0.0,0.0,0.0,0.0,0.0,0.0,0.0,0.0,0.0,0.0,0.0,0.0,0.0,0.0,0.0,0.0,0.0,0.0,0.0,0.0,0.0,0.0,0.0,0.0,0.0,0.0,0.0,0.0,0.0,0.0,0.0,0.0,0.0,0.0,0.0,-669.5229463913556,-669.5229463913556,-669.5229463913556,0.0,0.0,0.0,683.5884794633291,683.5884794633291,683.5884794633291,2476.467799297314,2476.467799297314,2476.467799297314,-3829.579225151999,-3829.579225151999,-3829.579225151999,0.0,0.0,0.0,18372.104624015716
2017-06-08,19148.16330788622,10660.988304099475,23815.863799618226,19148.16330788622,19148.16330788622,0.0,0.0,0.0,0.0,0.0,0.0,0.0,0.0,0.0,0.0,0.0,0.0,0.0,0.0,0.0,0.0,0.0,0.0,0.0,0.0,0.0,0.0,0.0,0.0,0.0,0.0,0.0,0.0,0.0,0.0,0.0,0.0,0.0,0.0,0.0,0.0,-2220.108398826592,-2220.108398826592,-2220.108398826592,0.0,0.0,0.0,201.69671595581298,201.69671595581298,201.69671595581298,1219.9357873478855,1219.9357873478855,1219.9357873478855,-3641.7409021302906,-3641.7409021302906,-3641.7409021302906,0.0,0.0,0.0,16928.05490905963
2017-06-09,19254.699045365363,13066.793086411462,26305.74674660963,19254.699045365363,19254.699045365363,0.0,0.0,0.0,0.0,0.0,0.0,0.0,0.0,0.0,0.0,0.0,0.0,0.0,0.0,0.0,0.0,0.0,0.0,0.0,0.0,0.0,0.0,0.0,0.0,4950.159000713919,4950.159000713919,4950.159000713919,0.0,0.0,0.0,0.0,0.0,0.0,0.0,0.0,0.0,572.2318511130048,572.2318511130048,572.2318511130048,4950.159000713919,4950.159000713919,4950.159000713919,45.00452877779574,45.00452877779574,45.00452877779574,-965.6856366830378,-965.6856366830378,-965.6856366830378,-3457.246041695673,-3457.246041695673,-3457.246041695673,0.0,0.0,0.0,19826.930896478367
2017-06-10,19361.23478284451,4238.113960473012,17046.061319359203,19361.23478284451,19361.23478284451,0.0,0.0,0.0,0.0,0.0,0.0,0.0,0.0,0.0,0.0,0.0,0.0,0.0,0.0,0.0,0.0,0.0,0.0,0.0,0.0,0.0,0.0,0.0,0.0,170.5888466982336,170.5888466982336,170.5888466982336,0.0,0.0,0.0,0.0,0.0,0.0,0.0,0.0,0.0,-8909.661706784722,-8909.661706784722,-8909.661706784722,170.5888466982336,170.5888466982336,170.5888466982336,151.2111371408417,151.2111371408417,151.2111371408417,-5946.296305792584,-5946.296305792584,-5946.296305792584,-3285.165384831214,-3285.165384831214,-3285.165384831214,0.0,0.0,0.0,10451.573076059787
2017-06-11,19467.770520323655,17144.32877411638,29836.878598089614,19467.770520323655,19467.770520323655,0.0,0.0,0.0,0.0,0.0,0.0,0.0,0.0,0.0,0.0,0.0,0.0,0.0,0.0,0.0,0.0,0.0,0.0,0.0,0.0,0.0,0.0,0.0,0.0,11202.480269762878,11202.480269762878,11202.480269762878,0.0,0.0,0.0,0.0,0.0,0.0,0.0,0.0,0.0,4015.345982906149,4015.345982906149,4015.345982906149,11202.480269762878,11202.480269762878,11202.480269762878,282.80451655076257,282.80451655076257,282.80451655076257,-4335.859526218539,-4335.859526218539,-4335.859526218539,-3134.0792771889537,-3134.0792771889537,-3134.0792771889537,0.0,0.0,0.0,23483.116503229805
2017-06-12,19574.306257802797,16982.420539736366,30091.89653165866,19574.306257802797,19574.306257802797,0.0,0.0,0.0,0.0,0.0,0.0,0.0,0.0,0.0,0.0,0.0,0.0,0.0,0.0,0.0,0.0,0.0,0.0,0.0,0.0,0.0,0.0,0.0,0.0,2583.8768031731197,2583.8768031731197,2583.8768031731197,0.0,0.0,0.0,0.0,0.0,0.0,0.0,0.0,0.0,4097.573773924573,4097.573773924573,4097.573773924573,2583.8768031731197,2583.8768031731197,2583.8768031731197,322.0132196567268,322.0132196567268,322.0132196567268,4203.539984515656,4203.539984515656,4203.539984515656,-3011.856233420931,-3011.856233420931,-3011.856233420931,0.0,0.0,0.0,23671.88003172737
2017-06-13,19680.841995281942,14284.126429379443,27122.014079995504,19680.841995281942,19680.841995281942,0.0,0.0,0.0,0.0,0.0,0.0,0.0,0.0,0.0,0.0,0.0,0.0,0.0,0.0,0.0,0.0,0.0,0.0,0.0,0.0,0.0,0.0,0.0,0.0,0.0,0.0,0.0,0.0,0.0,0.0,0.0,0.0,0.0,0.0,0.0,0.0,834.8691372847843,834.8691372847843,834.8691372847843,0.0,0.0,0.0,412.4203082450686,412.4203082450686,412.4203082450686,3347.8978975198875,3347.8978975198875,3347.8978975198875,-2925.449068480172,-2925.449068480172,-2925.449068480172,0.0,0.0,0.0,20515.71113256673
2017-06-14,19787.377732761084,13710.452469069327,27030.799065738724,19787.377732761084,19787.377732761084,0.0,0.0,0.0,0.0,0.0,0.0,0.0,0.0,0.0,0.0,0.0,0.0,0.0,0.0,0.0,0.0,0.0,0.0,0.0,0.0,0.0,0.0,0.0,0.0,0.0,0.0,0.0,0.0,0.0,0.0,0.0,0.0,0.0,0.0,0.0,0.0,372.82477009662665,372.82477009662665,372.82477009662665,0.0,0.0,0.0,777.0706699848681,777.0706699848681,777.0706699848681,2476.467799298941,2476.467799298941,2476.467799298941,-2880.7136991871835,-2880.7136991871835,-2880.7136991871835,0.0,0.0,0.0,20160.20250285771
2017-06-15,19893.91347024023,13557.838447793041,26549.239055845752,19893.91347024023,19893.91347024023,0.0,0.0,0.0,0.0,0.0,0.0,0.0,0.0,0.0,0.0,0.0,0.0,0.0,0.0,0.0,0.0,0.0,0.0,0.0,0.0,0.0,0.0,0.0,0.0,0.0,0.0,0.0,0.0,0.0,0.0,0.0,0.0,0.0,0.0,0.0,0.0,-274.920091111873,-274.920091111873,-274.920091111873,0.0,0.0,0.0,1387.399298007411,1387.399298007411,1387.399298007411,1219.9357873489519,1219.9357873489519,1219.9357873489519,-2882.2551764682357,-2882.2551764682357,-2882.2551764682357,0.0,0.0,0.0,19618.99337912836
2017-06-16,20000.44920771937,11270.823972648626,24538.321443631303,20000.44920771937,20000.44920771937,0.0,0.0,0.0,0.0,0.0,0.0,0.0,0.0,0.0,0.0,0.0,0.0,0.0,0.0,0.0,0.0,0.0,0.0,0.0,0.0,0.0,0.0,0.0,0.0,0.0,0.0,0.0,0.0,0.0,0.0,0.0,0.0,0.0,0.0,0.0,0.0,-2057.6137605676618,-2057.6137605676618,-2057.6137605676618,0.0,0.0,0.0,1841.3767270711905,1841.3767270711905,1841.3767270711905,-965.6856366710983,-965.6856366710983,-965.6856366710983,-2933.3048509677546,-2933.3048509677546,-2933.3048509677546,0.0,0.0,0.0,17942.83544715171
2017-06-17,20088.363339836407,6380.528028081117,18788.112742111654,20088.363339836407,20088.363339836407,0.0,0.0,0.0,0.0,0.0,0.0,0.0,0.0,0.0,0.0,0.0,0.0,0.0,0.0,0.0,0.0,0.0,0.0,0.0,0.0,0.0,0.0,0.0,0.0,0.0,0.0,0.0,0.0,0.0,0.0,0.0,0.0,0.0,0.0,0.0,0.0,-7350.700241550146,-7350.700241550146,-7350.700241550146,0.0,0.0,0.0,1631.227882085804,1631.227882085804,1631.227882085804,-5946.296305793052,-5946.296305793052,-5946.296305793052,-3035.6318178428974,-3035.6318178428974,-3035.6318178428974,0.0,0.0,0.0,12737.663098286263
2017-06-18,20176.277471953446,6716.307576049727,19212.40321480683,20176.277471953446,20176.277471953446,0.0,0.0,0.0,0.0,0.0,0.0,0.0,0.0,0.0,0.0,0.0,0.0,0.0,0.0,0.0,0.0,0.0,0.0,0.0,0.0,0.0,0.0,0.0,0.0,0.0,0.0,0.0,0.0,0.0,0.0,0.0,0.0,0.0,0.0,0.0,0.0,-6928.164458306402,-6928.164458306402,-6928.164458306402,0.0,0.0,0.0,597.1860171001663,597.1860171001663,597.1860171001663,-4335.859526219246,-4335.859526219246,-4335.859526219246,-3189.490949187324,-3189.490949187324,-3189.490949187324,0.0,0.0,0.0,13248.113013647046
2017-06-19,20264.191604070475,12985.130249622447,26869.10003861928,20264.191604070475,20264.191604070475,0.0,0.0,0.0,0.0,0.0,0.0,0.0,0.0,0.0,0.0,0.0,0.0,0.0,0.0,0.0,0.0,0.0,0.0,0.0,0.0,0.0,0.0,0.0,0.0,0.0,0.0,0.0,0.0,0.0,0.0,0.0,0.0,0.0,0.0,0.0,0.0,-42.78731947295706,-42.78731947295706,-42.78731947295706,0.0,0.0,0.0,-852.7183789723068,-852.7183789723068,-852.7183789723068,4203.539984519853,4203.539984519853,4203.539984519853,-3393.6089250205027,-3393.6089250205027,-3393.6089250205027,0.0,0.0,0.0,20221.404284597516
2017-06-20,20352.105736187506,11443.049361662706,24856.57535166581,20352.105736187506,20352.105736187506,0.0,0.0,0.0,0.0,0.0,0.0,0.0,0.0,0.0,0.0,0.0,0.0,0.0,0.0,0.0,0.0,0.0,0.0,0.0,0.0,0.0,0.0,0.0,0.0,0.0,0.0,0.0,0.0,0.0,0.0,0.0,0.0,0.0,0.0,0.0,0.0,-2294.6628316567853,-2294.6628316567853,-2294.6628316567853,0.0,0.0,0.0,-1997.3519908530864,-1997.3519908530864,-1997.3519908530864,3347.897897523719,3347.897897523719,3347.897897523719,-3645.2087383274184,-3645.2087383274184,-3645.2087383274184,0.0,0.0,0.0,18057.442904530722
2017-06-21,20440.01986830454,10217.474081087776,23008.243979507868,20440.01986830454,20440.01986830454,0.0,0.0,0.0,0.0,0.0,0.0,0.0,0.0,0.0,0.0,0.0,0.0,0.0,0.0,0.0,0.0,0.0,0.0,0.0,0.0,0.0,0.0,0.0,0.0,0.0,0.0,0.0,0.0,0.0,0.0,0.0,0.0,0.0,0.0,0.0,0.0,-3808.8171082930753,-3808.8171082930753,-3808.8171082930753,0.0,0.0,0.0,-2345.2127083012733,-2345.2127083012733,-2345.2127083012733,2476.467799302932,2476.467799302932,2476.467799302932,-3940.072199294734,-3940.072199294734,-3940.072199294734,0.0,0.0,0.0,16631.202760011463
2017-06-22,20527.93400042157,8861.474811388534,22120.30909870948,20527.93400042157,20527.93400042157,0.0,0.0,0.0,0.0,0.0,0.0,0.0,0.0,0.0,0.0,0.0,0.0,0.0,0.0,0.0,0.0,0.0,0.0,0.0,0.0,0.0,0.0,0.0,0.0,0.0,0.0,0.0,0.0,0.0,0.0,0.0,0.0,0.0,0.0,0.0,0.0,-5053.47684426696,-5053.47684426696,-5053.47684426696,0.0,0.0,0.0,-2000.7736094439124,-2000.7736094439124,-2000.7736094439124,1219.9357873451022,1219.9357873451022,1219.9357873451022,-4272.63902216815,-4272.63902216815,-4272.63902216815,0.0,0.0,0.0,15474.45715615461
2017-06-23,20615.84813253861,7121.337867472145,20188.151832671494,20615.84813253861,20615.84813253861,0.0,0.0,0.0,0.0,0.0,0.0,0.0,0.0,0.0,0.0,0.0,0.0,0.0,0.0,0.0,0.0,0.0,0.0,0.0,0.0,0.0,0.0,0.0,0.0,0.0,0.0,0.0,0.0,0.0,0.0,0.0,0.0,0.0,0.0,0.0,0.0,-7133.052670252248,-7133.052670252248,-7133.052670252248,0.0,0.0,0.0,-1531.2268650765934,-1531.2268650765934,-1531.2268650765934,-965.6856366765578,-965.6856366765578,-965.6856366765578,-4636.140168499098,-4636.140168499098,-4636.140168499098,0.0,0.0,0.0,13482.795462286362
2017-06-24,20703.76226465564,1599.8698037186723,14810.051423684843,20703.76226465564,20703.76226465564,0.0,0.0,0.0,0.0,0.0,0.0,0.0,0.0,0.0,0.0,0.0,0.0,0.0,0.0,0.0,0.0,0.0,0.0,0.0,0.0,0.0,0.0,0.0,0.0,0.0,0.0,0.0,0.0,0.0,0.0,0.0,0.0,0.0,0.0,0.0,0.0,-12421.146370323664,-12421.146370323664,-12421.146370323664,0.0,0.0,0.0,-1452.0877989594037,-1452.0877989594037,-1452.0877989594037,-5946.296305799644,-5946.296305799644,-5946.296305799644,-5022.762265564617,-5022.762265564617,-5022.762265564617,0.0,0.0,0.0,8282.615894331977
2017-06-25,20791.67639677267,2442.2671221048445,15557.062339377426,20791.67639677267,20791.67639677267,0.0,0.0,0.0,0.0,0.0,0.0,0.0,0.0,0.0,0.0,0.0,0.0,0.0,0.0,0.0,0.0,0.0,0.0,0.0,0.0,0.0,0.0,0.0,0.0,0.0,0.0,0.0,0.0,0.0,0.0,0.0,0.0,0.0,0.0,0.0,0.0,-11548.251247590477,-11548.251247590477,-11548.251247590477,0.0,0.0,0.0,-1788.5525815945298,-1788.5525815945298,-1788.5525815945298,-4335.859526210571,-4335.859526210571,-4335.859526210571,-5423.839139785378,-5423.839139785378,-5423.839139785378,0.0,0.0,0.0,9243.425149182192
2017-06-26,20879.59052888971,10586.714039822817,23770.14024876608,20879.59052888971,20879.59052888971,0.0,0.0,0.0,0.0,0.0,0.0,0.0,0.0,0.0,0.0,0.0,0.0,0.0,0.0,0.0,0.0,0.0,0.0,0.0,0.0,0.0,0.0,0.0,0.0,0.0,0.0,0.0,0.0,0.0,0.0,0.0,0.0,0.0,0.0,0.0,0.0,-3719.43650047355,-3719.43650047355,-3719.43650047355,0.0,0.0,0.0,-2092.9106634459304,-2092.9106634459304,-2092.9106634459304,4203.539984524049,4203.539984524049,4203.539984524049,-5830.065821551668,-5830.065821551668,-5830.065821551668,0.0,0.0,0.0,17160.15402841616
2017-06-27,20967.50466100674,9422.229612672045,22469.557723603826,20967.50466100674,20967.50466100674,0.0,0.0,0.0,0.0,0.0,0.0,0.0,0.0,0.0,0.0,0.0,0.0,0.0,0.0,0.0,0.0,0.0,0.0,0.0,0.0,0.0,0.0,0.0,0.0,0.0,0.0,0.0,0.0,0.0,0.0,0.0,0.0,0.0,0.0,0.0,0.0,-4763.726341544896,-4763.726341544896,-4763.726341544896,0.0,0.0,0.0,-1879.8944318526937,-1879.8944318526937,-1879.8944318526937,3347.8978975265645,3347.8978975265645,3347.8978975265645,-6231.729807218768,-6231.729807218768,-6231.729807218768,0.0,0.0,0.0,16203.778319461844
2017-06-28,21055.418793123772,9228.715360072141,21917.5364344502,21055.418793123772,21055.418793123772,0.0,0.0,0.0,0.0,0.0,0.0,0.0,0.0,0.0,0.0,0.0,0.0,0.0,0.0,0.0,0.0,0.0,0.0,0.0,0.0,0.0,0.0,0.0,0.0,0.0,0.0,0.0,0.0,0.0,0.0,0.0,0.0,0.0,0.0,0.0,0.0,-5212.858773844074,-5212.858773844074,-5212.858773844074,0.0,0.0,0.0,-1070.3726526483033,-1070.3726526483033,-1070.3726526483033,2476.4677993013415,2476.4677993013415,2476.4677993013415,-6618.953920497112,-6618.953920497112,-6618.953920497112,0.0,0.0,0.0,15842.5600192797
2017-06-29,21143.332925240808,9119.56976424344,21678.64757524922,21143.332925240808,21143.332925240808,0.0,0.0,0.0,0.0,0.0,0.0,0.0,0.0,0.0,0.0,0.0,0.0,0.0,0.0,0.0,0.0,0.0,0.0,0.0,0.0,0.0,0.0,0.0,0.0,0.0,0.0,0.0,0.0,0.0,0.0,0.0,0.0,0.0,0.0,0.0,0.0,-5809.721772762959,-5809.721772762959,-5809.721772762959,0.0,0.0,0.0,-47.7127497067629,-47.7127497067629,-47.7127497067629,1219.9357873514743,1219.9357873514743,1219.9357873514743,-6981.944810407672,-6981.944810407672,-6981.944810407672,0.0,0.0,0.0,15333.61115247785
2017-06-30,21231.24705735784,7356.06426043602,19955.08956440345,21231.24705735784,21231.24705735784,0.0,0.0,0.0,0.0,0.0,0.0,0.0,0.0,0.0,0.0,0.0,0.0,0.0,0.0,0.0,0.0,0.0,0.0,0.0,0.0,0.0,0.0,0.0,0.0,0.0,0.0,0.0,0.0,0.0,0.0,0.0,0.0,0.0,0.0,0.0,0.0,-7580.863613864873,-7580.863613864873,-7580.863613864873,0.0,0.0,0.0,696.062987106155,696.062987106155,696.062987106155,-965.6856366820161,-965.6856366820161,-965.6856366820161,-7311.240964289011,-7311.240964289011,-7311.240964289011,0.0,0.0,0.0,13650.383443492967
2017-07-01,21319.16118947487,2389.4922417563953,15586.686549799228,21319.16118947487,21319.16118947487,0.0,0.0,0.0,0.0,0.0,0.0,0.0,0.0,0.0,0.0,0.0,0.0,0.0,0.0,0.0,0.0,0.0,0.0,0.0,0.0,0.0,0.0,0.0,0.0,0.0,0.0,0.0,0.0,0.0,0.0,0.0,0.0,0.0,0.0,0.0,0.0,-12570.528372334005,-12570.528372334005,-12570.528372334005,0.0,0.0,0.0,973.7220397027826,973.7220397027826,973.7220397027826,-5946.2963057939905,-5946.2963057939905,-5946.2963057939905,-7597.954106242799,-7597.954106242799,-7597.954106242799,0.0,0.0,0.0,8748.632817140866
2017-07-02,21407.075321591903,3521.53927566295,16800.81961394084,21407.075321591903,21407.075321591903,0.0,0.0,0.0,0.0,0.0,0.0,0.0,0.0,0.0,0.0,0.0,0.0,0.0,0.0,0.0,0.0,0.0,0.0,0.0,0.0,0.0,0.0,0.0,0.0,0.0,0.0,0.0,0.0,0.0,0.0,0.0,0.0,0.0,0.0,0.0,0.0,-11173.288357719917,-11173.288357719917,-11173.288357719917,0.0,0.0,0.0,996.5691629583586,996.5691629583586,996.5691629583586,-4335.859526215808,-4335.859526215808,-4335.859526215808,-7833.997994462468,-7833.997994462468,-7833.997994462468,0.0,0.0,0.0,10233.786963871986
2017-07-03,21494.98945370894,12333.323127636813,24714.88943288943,21494.98945370894,21494.98945370894,0.0,0.0,0.0,0.0,0.0,0.0,0.0,0.0,0.0,0.0,0.0,0.0,0.0,0.0,0.0,0.0,0.0,0.0,0.0,0.0,0.0,0.0,0.0,0.0,0.0,0.0,0.0,0.0,0.0,0.0,0.0,0.0,0.0,0.0,0.0,0.0,-2714.4874451904484,-2714.4874451904484,-2714.4874451904484,0.0,0.0,0.0,1094.2714922877888,1094.2714922877888,1094.2714922877888,4203.53998451582,4203.53998451582,4203.53998451582,-8012.298921994056,-8012.298921994056,-8012.298921994056,0.0,0.0,0.0,18780.50200851849
2017-07-04,21582.90358582597,11839.702133445853,24732.56381506231,21582.90358582597,21582.90358582597,0.0,0.0,0.0,0.0,0.0,0.0,0.0,0.0,0.0,0.0,0.0,0.0,0.0,0.0,0.0,0.0,0.0,0.0,0.0,0.0,0.0,0.0,0.0,0.0,0.0,0.0,0.0,0.0,0.0,0.0,0.0,0.0,0.0,0.0,0.0,0.0,-3417.756772157494,-3417.756772157494,-3417.756772157494,0.0,0.0,0.0,1361.3279878900264,1361.3279878900264,1361.3279878900264,3347.8978975248374,3347.8978975248374,3347.8978975248374,-8126.982657572358,-8126.982657572358,-8126.982657572358,0.0,0.0,0.0,18165.146813668478
2017-07-05,21640.344677617213,10907.5259940703,23458.52885265808,21640.344677617213,21640.344677617213,0.0,0.0,0.0,0.0,0.0,0.0,0.0,0.0,0.0,0.0,0.0,0.0,0.0,0.0,0.0,0.0,0.0,0.0,0.0,0.0,0.0,0.0,0.0,0.0,0.0,0.0,0.0,0.0,0.0,0.0,0.0,0.0,0.0,0.0,0.0,0.0,-4119.391951767826,-4119.391951767826,-4119.391951767826,0.0,0.0,0.0,1577.6733750090698,1577.6733750090698,1577.6733750090698,2476.4677993029686,2476.4677993029686,2476.4677993029686,-8173.533126079866,-8173.533126079866,-8173.533126079866,0.0,0.0,0.0,17520.952725849387
2017-07-06,21697.78576940846,9783.443240830564,23004.584192805625,21697.78576940846,21697.78576940846,0.0,0.0,0.0,0.0,0.0,0.0,0.0,0.0,0.0,0.0,0.0,0.0,0.0,0.0,0.0,0.0,0.0,0.0,0.0,0.0,0.0,0.0,0.0,0.0,0.0,0.0,0.0,0.0,0.0,0.0,0.0,0.0,0.0,0.0,0.0,0.0,-5467.6980547947815,-5467.6980547947815,-5467.6980547947815,0.0,0.0,0.0,1461.2849659426602,1461.2849659426602,1461.2849659426602,1219.9357873472343,1219.9357873472343,1219.9357873472343,-8148.918808084674,-8148.918808084674,-8148.918808084674,0.0,0.0,0.0,16230.087714613677
2017-07-07,21755.226861199702,6978.336793367264,19752.70623957983,21755.226861199702,21755.226861199702,0.0,0.0,0.0,0.0,0.0,0.0,0.0,0.0,0.0,0.0,0.0,0.0,0.0,0.0,0.0,0.0,0.0,0.0,0.0,0.0,0.0,0.0,0.0,0.0,0.0,0.0,0.0,0.0,0.0,0.0,0.0,0.0,0.0,0.0,0.0,0.0,-8036.469647565671,-8036.469647565671,-8036.469647565671,0.0,0.0,0.0,980.8996075568731,980.8996075568731,980.8996075568731,-965.6856366717052,-965.6856366717052,-965.6856366717052,-8051.683618450838,-8051.683618450838,-8051.683618450838,0.0,0.0,0.0,13718.757213634031
2017-07-08,21812.667952990945,1289.9870240185214,15086.853630242604,21812.667952990945,21812.667952990945,0.0,0.0,0.0,0.0,0.0,0.0,0.0,0.0,0.0,0.0,0.0,0.0,0.0,0.0,0.0,0.0,0.0,0.0,0.0,0.0,0.0,0.0,0.0,0.0,0.0,0.0,0.0,0.0,0.0,0.0,0.0,0.0,0.0,0.0,0.0,0.0,-13417.71331192222,-13417.71331192222,-13417.71331192222,0.0,0.0,0.0,410.58287983571387,410.58287983571387,410.58287983571387,-5946.296305795452,-5946.296305795452,-5946.296305795452,-7881.999885962482,-7881.999885962482,-7881.999885962482,0.0,0.0,0.0,8394.954641068725
2017-07-09,21870.109044782188,3971.604220868986,16733.251716122893,21870.109044782188,21870.109044782188,0.0,0.0,0.0,0.0,0.0,0.0,0.0,0.0,0.0,0.0,0.0,0.0,0.0,0.0,0.0,0.0,0.0,0.0,0.0,0.0,0.0,0.0,0.0,0.0,0.0,0.0,0.0,0.0,0.0,0.0,0.0,0.0,0.0,0.0,0.0,0.0,-11898.036943586958,-11898.036943586958,-11898.036943586958,0.0,0.0,0.0,79.50456088496018,79.50456088496018,79.50456088496018,-4335.859526211823,-4335.859526211823,-4335.859526211823,-7641.681978260096,-7641.681978260096,-7641.681978260096,0.0,0.0,0.0,9972.07210119523
2017-07-10,21927.55013657343,12324.612073716093,24999.81079950416,21927.55013657343,21927.55013657343,0.0,0.0,0.0,0.0,0.0,0.0,0.0,0.0,0.0,0.0,0.0,0.0,0.0,0.0,0.0,0.0,0.0,0.0,0.0,0.0,0.0,0.0,0.0,0.0,0.0,0.0,0.0,0.0,0.0,0.0,0.0,0.0,0.0,0.0,0.0,0.0,-3051.248377650923,-3051.248377650923,-3051.248377650923,0.0,0.0,0.0,79.37171435528208,79.37171435528208,79.37171435528208,4203.5399845223465,4203.5399845223465,4203.5399845223465,-7334.160076528551,-7334.160076528551,-7334.160076528551,0.0,0.0,0.0,18876.30175892251
2017-07-11,21984.991228364674,12140.18209729913,24831.021901591495,21984.991228364674,21984.991228364674,0.0,0.0,0.0,0.0,0.0,0.0,0.0,0.0,0.0,0.0,0.0,0.0,0.0,0.0,0.0,0.0,0.0,0.0,0.0,0.0,0.0,0.0,0.0,0.0,0.0,0.0,0.0,0.0,0.0,0.0,0.0,0.0,0.0,0.0,0.0,0.0,-3389.3469767615843,-3389.3469767615843,-3389.3469767615843,0.0,0.0,0.0,227.16970438941428,227.16970438941428,227.16970438941428,3347.8978975231103,3347.8978975231103,3347.8978975231103,-6964.414578674108,-6964.414578674108,-6964.414578674108,0.0,0.0,0.0,18595.644251603087
2017-07-12,22042.432320155916,11627.100303410883,24224.922550418974,22042.432320155916,22042.432320155916,0.0,0.0,0.0,0.0,0.0,0.0,0.0,0.0,0.0,0.0,0.0,0.0,0.0,0.0,0.0,0.0,0.0,0.0,0.0,0.0,0.0,0.0,0.0,0.0,0.0,0.0,0.0,0.0,0.0,0.0,0.0,0.0,0.0,0.0,0.0,0.0,-3751.905270850761,-3751.905270850761,-3751.905270850761,0.0,0.0,0.0,310.4995041624331,310.4995041624331,310.4995041624331,2476.467799298159,2476.467799298159,2476.467799298159,-6538.872574311354,-6538.872574311354,-6538.872574311354,0.0,0.0,0.0,18290.527049305154
2017-07-13,22099.873411947163,11556.42506885823,24130.87809673118,22099.873411947163,22099.873411947163,0.0,0.0,0.0,0.0,0.0,0.0,0.0,0.0,0.0,0.0,0.0,0.0,0.0,0.0,0.0,0.0,0.0,0.0,0.0,0.0,0.0,0.0,0.0,0.0,0.0,0.0,0.0,0.0,0.0,0.0,0.0,0.0,0.0,0.0,0.0,0.0,-4500.608973006219,-4500.608973006219,-4500.608973006219,0.0,0.0,0.0,344.72400559583247,344.72400559583247,344.72400559583247,1219.9357873433848,1219.9357873433848,1219.9357873433848,-6065.268765945436,-6065.268765945436,-6065.268765945436,0.0,0.0,0.0,17599.264438940943
2017-07-14,22157.314503738406,9766.540624146908,22664.062120781997,22157.314503738406,22157.314503738406,0.0,0.0,0.0,0.0,0.0,0.0,0.0,0.0,0.0,0.0,0.0,0.0,0.0,0.0,0.0,0.0,0.0,0.0,0.0,0.0,0.0,0.0,0.0,0.0,0.0,0.0,0.0,0.0,0.0,0.0,0.0,0.0,0.0,0.0,0.0,0.0,-5965.0778558178245,-5965.0778558178245,-5965.0778558178245,0.0,0.0,0.0,553.0818662078455,553.0818662078455,553.0818662078455,-965.6856366708217,-965.6856366708217,-965.6856366708217,-5552.474085354847,-5552.474085354847,-5552.474085354847,0.0,0.0,0.0,16192.236647920581
2017-07-15,22214.75559552965,5993.359933401813,18582.31104137005,22214.75559552965,22214.75559552965,0.0,0.0,0.0,0.0,0.0,0.0,0.0,0.0,0.0,0.0,0.0,0.0,0.0,0.0,0.0,0.0,0.0,0.0,0.0,0.0,0.0,0.0,0.0,0.0,0.0,0.0,0.0,0.0,0.0,0.0,0.0,0.0,0.0,0.0,0.0,0.0,-9887.375474858758,-9887.375474858758,-9887.375474858758,0.0,0.0,0.0,1069.2168818331218,1069.2168818331218,1069.2168818331218,-5946.296305795921,-5946.296305795921,-5946.296305795921,-5010.296050895959,-5010.296050895959,-5010.296050895959,0.0,0.0,0.0,12327.38012067089
2017-07-16,22272.196687320895,8454.00018995246,21658.14300676585,22272.196687320895,22272.196687320895,0.0,0.0,0.0,0.0,0.0,0.0,0.0,0.0,0.0,0.0,0.0,0.0,0.0,0.0,0.0,0.0,0.0,0.0,0.0,0.0,0.0,0.0,0.0,0.0,0.0,0.0,0.0,0.0,0.0,0.0,0.0,0.0,0.0,0.0,0.0,0.0,-7116.52443908187,-7116.52443908187,-7116.52443908187,0.0,0.0,0.0,1668.5906975837654,1668.5906975837654,1668.5906975837654,-4335.859526203149,-4335.859526203149,-4335.859526203149,-4449.255610462486,-4449.255610462486,-4449.255610462486,0.0,0.0,0.0,15155.672248239025
2017-07-17,22329.637779112138,18165.61542125139,31445.75205060711,22329.637779112138,22329.637779112138,0.0,0.0,0.0,0.0,0.0,0.0,0.0,0.0,0.0,0.0,0.0,0.0,0.0,0.0,0.0,0.0,0.0,0.0,0.0,0.0,0.0,0.0,0.0,0.0,0.0,0.0,0.0,0.0,0.0,0.0,0.0,0.0,0.0,0.0,0.0,0.0,2165.3665054446114,2165.3665054446114,2165.3665054446114,0.0,0.0,0.0,1842.1723199213288,1842.1723199213288,1842.1723199213288,4203.539984514118,4203.539984514118,4203.539984514118,-3880.3457989908356,-3880.3457989908356,-3880.3457989908356,0.0,0.0,0.0,24495.004284556748
2017-07-18,22387.07887090338,17548.315454521668,29585.73409065766,22387.07887090338,22387.07887090338,0.0,0.0,0.0,0.0,0.0,0.0,0.0,0.0,0.0,0.0,0.0,0.0,0.0,0.0,0.0,0.0,0.0,0.0,0.0,0.0,0.0,0.0,0.0,0.0,0.0,0.0,0.0,0.0,0.0,0.0,0.0,0.0,0.0,0.0,0.0,0.0,1237.4754439749195,1237.4754439749195,1237.4754439749195,0.0,0.0,0.0,1204.3555406340884,1204.3555406340884,1204.3555406340884,3347.8978975264486,3347.8978975264486,3347.8978975264486,-3314.777994185617,-3314.777994185617,-3314.777994185617,0.0,0.0,0.0,23624.5543148783
2017-07-19,22444.519962694627,15791.392517997767,28371.15975508744,22444.519962694627,22444.519962694627,0.0,0.0,0.0,0.0,0.0,0.0,0.0,0.0,0.0,0.0,0.0,0.0,0.0,0.0,0.0,0.0,0.0,0.0,0.0,0.0,0.0,0.0,0.0,0.0,0.0,0.0,0.0,0.0,0.0,0.0,0.0,0.0,0.0,0.0,0.0,0.0,-406.76054156654175,-406.76054156654175,-406.76054156654175,0.0,0.0,0.0,-119.5064724552051,-119.5064724552051,-119.5064724552051,2476.4677993021505,2476.4677993021505,2476.4677993021505,-2763.7218684134873,-2763.7218684134873,-2763.7218684134873,0.0,0.0,0.0,22037.759421128085
2017-07-20,22501.96105448587,13574.854293567596,26920.49759235185,22501.96105448587,22501.96105448587,0.0,0.0,0.0,0.0,0.0,0.0,0.0,0.0,0.0,0.0,0.0,0.0,0.0,0.0,0.0,0.0,0.0,0.0,0.0,0.0,0.0,0.0,0.0,0.0,0.0,0.0,0.0,0.0,0.0,0.0,0.0,0.0,0.0,0.0,0.0,0.0,-2523.73889398211,-2523.73889398211,-2523.73889398211,0.0,0.0,0.0,-1505.6293809234535,-1505.6293809234535,-1505.6293809234535,1219.935787344451,1219.935787344451,1219.935787344451,-2238.045300403106,-2238.045300403106,-2238.045300403106,0.0,0.0,0.0,19978.22216050376
2017-07-21,22559.40214627711,11149.971324651133,24215.593316084636,22559.40214627711,22559.40214627711,0.0,0.0,0.0,0.0,0.0,0.0,0.0,0.0,0.0,0.0,0.0,0.0,0.0,0.0,0.0,0.0,0.0,0.0,0.0,0.0,0.0,0.0,0.0,0.0,0.0,0.0,0.0,0.0,0.0,0.0,0.0,0.0,0.0,0.0,0.0,0.0,-4993.178652597533,-4993.178652597533,-4993.178652597533,0.0,0.0,0.0,-2279.4324922792885,-2279.4324922792885,-2279.4324922792885,-965.6856366762809,-965.6856366762809,-965.6856366762809,-1748.0605236419633,-1748.0605236419633,-1748.0605236419633,0.0,0.0,0.0,17566.223493679576
2017-07-22,22616.84323806835,6768.239037239629,20043.867681942247,22616.84323806835,22616.84323806835,0.0,0.0,0.0,0.0,0.0,0.0,0.0,0.0,0.0,0.0,0.0,0.0,0.0,0.0,0.0,0.0,0.0,0.0,0.0,0.0,0.0,0.0,0.0,0.0,0.0,0.0,0.0,0.0,0.0,0.0,0.0,0.0,0.0,0.0,0.0,0.0,-9479.398975169497,-9479.398975169497,-9479.398975169497,0.0,0.0,0.0,-2229.8200209111624,-2229.8200209111624,-2229.8200209111624,-5946.29630579639,-5946.29630579639,-5946.29630579639,-1303.2826484619438,-1303.2826484619438,-1303.2826484619438,0.0,0.0,0.0,13137.444262898855
2017-07-23,22669.85674537262,9595.203387379544,22085.009654211914,22669.85674537262,22669.85674537262,0.0,0.0,0.0,0.0,0.0,0.0,0.0,0.0,0.0,0.0,0.0,0.0,0.0,0.0,0.0,0.0,0.0,0.0,0.0,0.0,0.0,0.0,0.0,0.0,0.0,0.0,0.0,0.0,0.0,0.0,0.0,0.0,0.0,0.0,0.0,0.0,-6989.499765161782,-6989.499765161782,-6989.499765161782,0.0,0.0,0.0,-1741.4338336539863,-1741.4338336539863,-1741.4338336539863,-4335.859526203854,-4335.859526203854,-4335.859526203854,-912.2064053039428,-912.2064053039428,-912.2064053039428,0.0,0.0,0.0,15680.35698021084
2017-07-24,22722.87025267689,18446.218003651382,31667.215209191265,22722.87025267689,22722.87025267689,0.0,0.0,0.0,0.0,0.0,0.0,0.0,0.0,0.0,0.0,0.0,0.0,0.0,0.0,0.0,0.0,0.0,0.0,0.0,0.0,0.0,0.0,0.0,0.0,0.0,0.0,0.0,0.0,0.0,0.0,0.0,0.0,0.0,0.0,0.0,0.0,2194.1067074859193,2194.1067074859193,2194.1067074859193,0.0,0.0,0.0,-1427.3267526836687,-1427.3267526836687,-1427.3267526836687,4203.539984510549,4203.539984510549,4203.539984510549,-582.1065243409616,-582.1065243409616,-582.1065243409616,0.0,0.0,0.0,24916.97696016281
2017-07-25,22775.88375998116,17657.36377076716,30985.23627636452,22775.88375998116,22775.88375998116,0.0,0.0,0.0,0.0,0.0,0.0,0.0,0.0,0.0,0.0,0.0,0.0,0.0,0.0,0.0,0.0,0.0,0.0,0.0,0.0,0.0,0.0,0.0,0.0,0.0,0.0,0.0,0.0,0.0,0.0,0.0,0.0,0.0,0.0,0.0,0.0,1439.9407205166804,1439.9407205166804,1439.9407205166804,0.0,0.0,0.0,-1589.0905747929087,-1589.0905747929087,-1589.0905747929087,3347.8978975242276,3347.8978975242276,3347.8978975242276,-318.8666022146382,-318.8666022146382,-318.8666022146382,0.0,0.0,0.0,24215.82448049784
2017-07-26,22828.89726728543,16525.205745757292,29297.938646545368,22828.89726728543,22828.89726728543,0.0,0.0,0.0,0.0,0.0,0.0,0.0,0.0,0.0,0.0,0.0,0.0,0.0,0.0,0.0,0.0,0.0,0.0,0.0,0.0,0.0,0.0,0.0,0.0,0.0,0.0,0.0,0.0,0.0,0.0,0.0,0.0,0.0,0.0,0.0,0.0,369.0422253912965,369.0422253912965,369.0422253912965,0.0,0.0,0.0,-1980.5849502164428,-1980.5849502164428,-1980.5849502164428,2476.4677993005594,2476.4677993005594,2476.4677993005594,-126.84062369282225,-126.84062369282225,-126.84062369282225,0.0,0.0,0.0,23197.939492676724
2017-07-27,22881.910774589694,15293.563085452763,28407.939418617272,22881.910774589694,22881.910774589694,0.0,0.0,0.0,0.0,0.0,0.0,0.0,0.0,0.0,0.0,0.0,0.0,0.0,0.0,0.0,0.0,0.0,0.0,0.0,0.0,0.0,0.0,0.0,0.0,0.0,0.0,0.0,0.0,0.0,0.0,0.0,0.0,0.0,0.0,0.0,0.0,-857.4679835629224,-857.4679835629224,-857.4679835629224,0.0,0.0,0.0,-2068.653249637268,-2068.653249637268,-2068.653249637268,1219.9357873402112,1219.9357873402112,1219.9357873402112,-8.750521265863586,-8.750521265863586,-8.750521265863586,0.0,0.0,0.0,22024.442791026773
2017-07-28,22934.924281893967,14144.82169465941,26979.326350190364,22934.924281893967,22934.924281893967,0.0,0.0,0.0,0.0,0.0,0.0,0.0,0.0,0.0,0.0,0.0,0.0,0.0,0.0,0.0,0.0,0.0,0.0,0.0,0.0,0.0,0.0,0.0,0.0,0.0,0.0,0.0,0.0,0.0,0.0,0.0,0.0,0.0,0.0,0.0,0.0,-2465.1530085491077,-2465.1530085491077,-2465.1530085491077,0.0,0.0,0.0,-1533.8450836641152,-1533.8450836641152,-1533.8450836641152,-965.6856366753962,-965.6856366753962,-965.6856366753962,34.37771179040464,34.37771179040464,34.37771179040464,0.0,0.0,0.0,20469.77127334486
2017-07-29,22987.937789198233,10000.350442209374,22769.867486689323,22987.937789198233,22987.937789198233,0.0,0.0,0.0,0.0,0.0,0.0,0.0,0.0,0.0,0.0,0.0,0.0,0.0,0.0,0.0,0.0,0.0,0.0,0.0,0.0,0.0,0.0,0.0,0.0,0.0,0.0,0.0,0.0,0.0,0.0,0.0,0.0,0.0,0.0,0.0,0.0,-6494.850917109559,-6494.850917109559,-6494.850917109559,0.0,0.0,0.0,-551.7923798030465,-551.7923798030465,-551.7923798030465,-5946.2963057917295,-5946.2963057917295,-5946.2963057917295,3.2377684852173245,3.2377684852173245,3.2377684852173245,0.0,0.0,0.0,16493.086872088672
2017-07-30,23040.951296502506,12663.562879305839,25285.390869651626,23040.951296502506,23040.951296502506,0.0,0.0,0.0,0.0,0.0,0.0,0.0,0.0,0.0,0.0,0.0,0.0,0.0,0.0,0.0,0.0,0.0,0.0,0.0,0.0,0.0,0.0,0.0,0.0,0.0,0.0,0.0,0.0,0.0,0.0,0.0,0.0,0.0,0.0,0.0,0.0,-4054.494897657904,-4054.494897657904,-4054.494897657904,0.0,0.0,0.0,381.1386116402893,381.1386116402893,381.1386116402893,-4335.859526209091,-4335.859526209091,-4335.859526209091,-99.77398308910237,-99.77398308910237,-99.77398308910237,0.0,0.0,0.0,18986.456398844603
2017-07-31,23093.96480380677,21520.41979480736,34209.17432648423,23093.96480380677,23093.96480380677,0.0,0.0,0.0,0.0,0.0,0.0,0.0,0.0,0.0,0.0,0.0,0.0,0.0,0.0,0.0,0.0,0.0,0.0,0.0,0.0,0.0,0.0,0.0,0.0,0.0,0.0,0.0,0.0,0.0,0.0,0.0,0.0,0.0,0.0,0.0,0.0,4820.294520545762,4820.294520545762,4820.294520545762,0.0,0.0,0.0,887.3704401833178,887.3704401833178,887.3704401833178,4203.539984512416,4203.539984512416,4203.539984512416,-270.61590414997227,-270.61590414997227,-270.61590414997227,0.0,0.0,0.0,27914.259324352533
2017-08-01,23146.978311111045,20563.98034112431,33661.233517892426,23146.978311111045,23146.978311111045,0.0,0.0,0.0,0.0,0.0,0.0,0.0,0.0,0.0,0.0,0.0,0.0,0.0,0.0,0.0,0.0,0.0,0.0,0.0,0.0,0.0,0.0,0.0,0.0,0.0,0.0,0.0,0.0,0.0,0.0,0.0,0.0,0.0,0.0,0.0,0.0,3838.5622970024947,3838.5622970024947,3838.5622970024947,0.0,0.0,0.0,994.3619423551156,994.3619423551156,994.3619423551156,3347.8978975225,3347.8978975225,3347.8978975225,-503.697542875121,-503.697542875121,-503.697542875121,0.0,0.0,0.0,26985.54060811354
2017-08-02,23199.99181841531,19272.431090282837,32615.793080024527,23199.99181841531,23199.99181841531,0.0,0.0,0.0,0.0,0.0,0.0,0.0,0.0,0.0,0.0,0.0,0.0,0.0,0.0,0.0,0.0,0.0,0.0,0.0,0.0,0.0,0.0,0.0,0.0,0.0,0.0,0.0,0.0,0.0,0.0,0.0,0.0,0.0,0.0,0.0,0.0,2706.2629710820574,2706.2629710820574,2706.2629710820574,0.0,0.0,0.0,1021.8080344971348,1021.8080344971348,1021.8080344971348,2476.467799298968,2476.467799298968,2476.467799298968,-792.0128627140455,-792.0128627140455,-792.0128627140455,0.0,0.0,0.0,25906.25478949737
2017-08-03,23253.005325719583,17916.24518460441,31393.584856245598,23253.005325719583,23253.005325719583,0.0,0.0,0.0,0.0,0.0,0.0,0.0,0.0,0.0,0.0,0.0,0.0,0.0,0.0,0.0,0.0,0.0,0.0,0.0,0.0,0.0,0.0,0.0,0.0,0.0,0.0,0.0,0.0,0.0,0.0,0.0,0.0,0.0,0.0,0.0,0.0,1307.3875522612068,1307.3875522612068,1307.3875522612068,0.0,0.0,0.0,1214.7588362815295,1214.7588362815295,1214.7588362815295,1219.9357873526696,1219.9357873526696,1219.9357873526696,-1127.3070713729926,-1127.3070713729926,-1127.3070713729926,0.0,0.0,0.0,24560.39287798079
2017-08-04,23306.018833023852,15570.965138867363,28992.39586867598,23306.018833023852,23306.018833023852,0.0,0.0,0.0,0.0,0.0,0.0,0.0,0.0,0.0,0.0,0.0,0.0,0.0,0.0,0.0,0.0,0.0,0.0,0.0,0.0,0.0,0.0,0.0,0.0,0.0,0.0,0.0,0.0,0.0,0.0,0.0,0.0,0.0,0.0,0.0,0.0,-969.6375509191679,-969.6375509191679,-969.6375509191679,0.0,0.0,0.0,1496.321155383553,1496.321155383553,1496.321155383553,-965.6856366761418,-965.6856366761418,-965.6856366761418,-1500.273069626579,-1500.273069626579,-1500.273069626579,0.0,0.0,0.0,22336.381282104685
2017-08-05,23359.03234032812,10226.256804584042,23190.161717839157,23359.03234032812,23359.03234032812,0.0,0.0,0.0,0.0,0.0,0.0,0.0,0.0,0.0,0.0,0.0,0.0,0.0,0.0,0.0,0.0,0.0,0.0,0.0,0.0,0.0,0.0,0.0,0.0,0.0,0.0,0.0,0.0,0.0,0.0,0.0,0.0,0.0,0.0,0.0,0.0,-6275.7507120252185,-6275.7507120252185,-6275.7507120252185,0.0,0.0,0.0,1571.3184185707198,1571.3184185707198,1571.3184185707198,-5946.296305798321,-5946.296305798321,-5946.296305798321,-1900.7728247976174,-1900.7728247976174,-1900.7728247976174,0.0,0.0,0.0,17083.281628302902
2017-08-06,23412.045847632387,12009.807021912618,24432.760773569906,23412.045847632387,23412.045847632387,0.0,0.0,0.0,0.0,0.0,0.0,0.0,0.0,0.0,0.0,0.0,0.0,0.0,0.0,0.0,0.0,0.0,0.0,0.0,0.0,0.0,0.0,0.0,0.0,0.0,0.0,0.0,0.0,0.0,0.0,0.0,0.0,0.0,0.0,0.0,0.0,-5399.166510087597,-5399.166510087597,-5399.166510087597,0.0,0.0,0.0,1254.7713890671814,1254.7713890671814,1254.7713890671814,-4335.859526205107,-4335.859526205107,-4335.859526205107,-2318.078372949671,-2318.078372949671,-2318.078372949671,0.0,0.0,0.0,18012.87933754479
2017-08-07,23465.05935493666,18981.805108323893,32148.98867512862,23465.05935493666,23465.05935493666,0.0,0.0,0.0,0.0,0.0,0.0,0.0,0.0,0.0,0.0,0.0,0.0,0.0,0.0,0.0,0.0,0.0,0.0,0.0,0.0,0.0,0.0,0.0,0.0,0.0,0.0,0.0,0.0,0.0,0.0,0.0,0.0,0.0,0.0,0.0,0.0,2146.00178271469,2146.00178271469,2146.00178271469,0.0,0.0,0.0,683.588479461408,683.588479461408,683.588479461408,4203.539984514282,4203.539984514282,4203.539984514282,-2741.1266812609997,-2741.1266812609997,-2741.1266812609997,0.0,0.0,0.0,25611.06113765135
2017-08-08,23518.07286224093,17674.344361181924,30491.48284789521,23518.07286224093,23518.07286224093,0.0,0.0,0.0,0.0,0.0,0.0,0.0,0.0,0.0,0.0,0.0,0.0,0.0,0.0,0.0,0.0,0.0,0.0,0.0,0.0,0.0,0.0,0.0,0.0,0.0,0.0,0.0,0.0,0.0,0.0,0.0,0.0,0.0,0.0,0.0,0.0,390.81234447901545,390.81234447901545,390.81234447901545,0.0,0.0,0.0,201.69671595475566,201.69671595475566,201.69671595475566,3347.8978975202795,3347.8978975202795,3347.8978975202795,-3158.78226899602,-3158.78226899602,-3158.78226899602,0.0,0.0,0.0,23908.885206719944
2017-08-09,23571.086369545195,15524.455442992863,29489.581202931444,23571.086369545195,23571.086369545195,0.0,0.0,0.0,0.0,0.0,0.0,0.0,0.0,0.0,0.0,0.0,0.0,0.0,0.0,0.0,0.0,0.0,0.0,0.0,0.0,0.0,0.0,0.0,0.0,0.0,0.0,0.0,0.0,0.0,0.0,0.0,0.0,0.0,0.0,0.0,0.0,-1038.6289718192409,-1038.6289718192409,-1038.6289718192409,0.0,0.0,0.0,45.00452877878499,45.00452877878499,45.00452877878499,2476.467799299741,2476.467799299741,2476.467799299741,-3560.101299897767,-3560.101299897767,-3560.101299897767,0.0,0.0,0.0,22532.457397725953
2017-08-10,23624.09987684947,14597.542975615796,27700.212361300233,23624.09987684947,23624.09987684947,0.0,0.0,0.0,0.0,0.0,0.0,0.0,0.0,0.0,0.0,0.0,0.0,0.0,0.0,0.0,0.0,0.0,0.0,0.0,0.0,0.0,0.0,0.0,0.0,0.0,0.0,0.0,0.0,0.0,0.0,0.0,0.0,0.0,0.0,0.0,0.0,-2563.443900714961,-2563.443900714961,-2563.443900714961,0.0,0.0,0.0,151.2111371422095,151.2111371422095,151.2111371422095,1219.93578734843,1219.93578734843,1219.93578734843,-3934.5908252056,-3934.5908252056,-3934.5908252056,0.0,0.0,0.0,21060.65597613451
2017-08-11,23677.11306363746,15285.395275998486,28434.715158811232,23677.11306363746,23677.11306363746,0.0,0.0,0.0,0.0,0.0,0.0,0.0,0.0,0.0,0.0,0.0,0.0,0.0,0.0,0.0,3185.59073414848,3185.59073414848,3185.59073414848,0.0,0.0,0.0,0.0,0.0,0.0,0.0,0.0,0.0,0.0,0.0,0.0,0.0,0.0,0.0,0.0,0.0,0.0,-1769.7473613455613,-1769.7473613455613,-1769.7473613455613,3185.59073414848,3185.59073414848,3185.59073414848,282.80451655049984,282.80451655049984,282.80451655049984,-965.6856366752584,-965.6856366752584,-965.6856366752584,-4272.456975369283,-4272.456975369283,-4272.456975369283,0.0,0.0,0.0,21907.365702291896
2017-08-12,23730.12625042545,8063.101294182345,21519.210415865666,23730.12625042545,23730.12625042545,0.0,0.0,0.0,0.0,0.0,0.0,0.0,0.0,0.0,0.0,0.0,0.0,0.0,0.0,0.0,1278.729281596704,1278.729281596704,1278.729281596704,0.0,0.0,0.0,0.0,0.0,0.0,0.0,0.0,0.0,0.0,0.0,0.0,0.0,0.0,0.0,0.0,0.0,0.0,-8910.389971513208,-8910.389971513208,-8910.389971513208,1278.729281596704,1278.729281596704,1278.729281596704,322.0132196564244,322.0132196564244,322.0132196564244,-5946.29630579879,-5946.29630579879,-5946.29630579879,-4564.836166967546,-4564.836166967546,-4564.836166967546,0.0,0.0,0.0,14819.73627891224
2017-08-13,23783.139437213435,7306.940563026684,20653.412558577405,23783.139437213435,23783.139437213435,0.0,0.0,0.0,0.0,0.0,0.0,0.0,0.0,0.0,0.0,0.0,0.0,0.0,0.0,0.0,-581.4111325731519,-581.4111325731519,-581.4111325731519,0.0,0.0,0.0,0.0,0.0,0.0,0.0,0.0,0.0,0.0,0.0,0.0,0.0,0.0,0.0,0.0,0.0,0.0,-9308.854153330181,-9308.854153330181,-9308.854153330181,-581.4111325731519,-581.4111325731519,-581.4111325731519,412.42030824538904,412.42030824538904,412.42030824538904,-4335.859526201123,-4335.859526201123,-4335.859526201123,-4804.003802801295,-4804.003802801295,-4804.003802801295,0.0,0.0,0.0,14474.285283883253
2017-08-14,23836.152624001425,17303.668732636634,30350.368398458664,23836.152624001425,23836.152624001425,0.0,0.0,0.0,0.0,0.0,0.0,0.0,0.0,0.0,0.0,0.0,0.0,0.0,0.0,0.0,0.0,0.0,0.0,0.0,0.0,0.0,0.0,0.0,0.0,0.0,0.0,0.0,0.0,0.0,0.0,0.0,0.0,0.0,0.0,0.0,0.0,-2.9448327523704747,-2.9448327523704747,-2.9448327523704747,0.0,0.0,0.0,777.0706699859022,777.0706699859022,777.0706699859022,4203.539984510713,4203.539984510713,4203.539984510713,-4983.5554872489865,-4983.5554872489865,-4983.5554872489865,0.0,0.0,0.0,23833.207791249053
2017-08-15,23889.165810789415,17300.29320268176,30438.734775400684,23889.165810789415,23889.165810789415,0.0,0.0,0.0,0.0,0.0,0.0,0.0,0.0,0.0,0.0,0.0,0.0,0.0,0.0,0.0,0.0,0.0,0.0,0.0,0.0,0.0,0.0,0.0,0.0,0.0,0.0,0.0,0.0,0.0,0.0,0.0,0.0,0.0,0.0,0.0,0.0,-363.25924729061694,-363.25924729061694,-363.25924729061694,0.0,0.0,0.0,1387.3992980071766,1387.3992980071766,1387.3992980071766,3347.897897524111,3347.897897524111,3347.897897524111,-5098.556442821906,-5098.556442821906,-5098.556442821906,0.0,0.0,0.0,23525.906563498796
2017-08-16,23942.178997577405,16405.311382763914,29631.00961485739,23942.178997577405,23942.178997577405,0.0,0.0,0.0,0.0,0.0,0.0,0.0,0.0,0.0,0.0,0.0,0.0,0.0,0.0,0.0,0.0,0.0,0.0,0.0,0.0,0.0,0.0,0.0,0.0,0.0,0.0,0.0,0.0,0.0,0.0,0.0,0.0,0.0,0.0,0.0,0.0,-827.8110546182726,-827.8110546182726,-827.8110546182726,0.0,0.0,0.0,1841.376727070895,1841.376727070895,1841.376727070895,2476.4677993013684,2476.4677993013684,2476.4677993013684,-5145.655580990536,-5145.655580990536,-5145.655580990536,0.0,0.0,0.0,23114.367942959132
2017-08-17,23995.19218436539,15260.382894279639,28329.003522942607,23995.19218436539,23995.19218436539,0.0,0.0,0.0,0.0,0.0,0.0,0.0,0.0,0.0,0.0,0.0,0.0,0.0,0.0,0.0,0.0,0.0,0.0,0.0,0.0,0.0,0.0,0.0,0.0,0.0,0.0,0.0,0.0,0.0,0.0,0.0,0.0,0.0,0.0,0.0,0.0,-2271.9978628425174,-2271.9978628425174,-2271.9978628425174,0.0,0.0,0.0,1631.227882086153,1631.227882086153,1631.227882086153,1219.9357873494957,1219.9357873494957,1219.9357873494957,-5123.161532278165,-5123.161532278165,-5123.161532278165,0.0,0.0,0.0,21723.194321522875
2017-08-18,24048.20537115338,12099.643919765414,25445.68468199727,24048.20537115338,24048.20537115338,0.0,0.0,0.0,0.0,0.0,0.0,0.0,0.0,0.0,0.0,0.0,0.0,0.0,0.0,0.0,0.0,0.0,0.0,0.0,0.0,0.0,0.0,0.0,0.0,0.0,0.0,0.0,0.0,0.0,0.0,0.0,0.0,0.0,0.0,0.0,0.0,-5399.578476233101,-5399.578476233101,-5399.578476233101,0.0,0.0,0.0,597.1860170993001,597.1860170993001,597.1860170993001,-965.6856366743742,-965.6856366743742,-965.6856366743742,-5031.078856658027,-5031.078856658027,-5031.078856658027,0.0,0.0,0.0,18648.62689492028
2017-08-19,24101.21855794137,6052.670412977057,19438.960728355676,24101.21855794137,24101.21855794137,0.0,0.0,0.0,0.0,0.0,0.0,0.0,0.0,0.0,0.0,0.0,0.0,0.0,0.0,0.0,0.0,0.0,0.0,0.0,0.0,0.0,0.0,0.0,0.0,0.0,0.0,0.0,0.0,0.0,0.0,0.0,0.0,0.0,0.0,0.0,0.0,-11670.118298057947,-11670.118298057947,-11670.118298057947,0.0,0.0,0.0,-852.7183789735127,-852.7183789735127,-852.7183789735127,-5946.296305805382,-5946.296305805382,-5946.296305805382,-4871.1036132790505,-4871.1036132790505,-4871.1036132790505,0.0,0.0,0.0,12431.100259883424
2017-08-20,24154.231744729364,6936.995053627784,19854.417064669862,24154.231744729364,24154.231744729364,0.0,0.0,0.0,0.0,0.0,0.0,0.0,0.0,0.0,0.0,0.0,0.0,0.0,0.0,0.0,0.0,0.0,0.0,0.0,0.0,0.0,0.0,0.0,0.0,0.0,0.0,0.0,0.0,0.0,0.0,0.0,0.0,0.0,0.0,0.0,0.0,-10979.789962421492,-10979.789962421492,-10979.789962421492,0.0,0.0,0.0,-1997.3519908541805,-1997.3519908541805,-1997.3519908541805,-4335.859526224963,-4335.859526224963,-4335.859526224963,-4646.578445342349,-4646.578445342349,-4646.578445342349,0.0,0.0,0.0,13174.441782307873
2017-08-21,24207.24493151735,15504.046223082714,28435.675797624335,24207.24493151735,24207.24493151735,0.0,0.0,0.0,0.0,0.0,0.0,0.0,0.0,0.0,0.0,0.0,0.0,0.0,0.0,0.0,0.0,0.0,0.0,0.0,0.0,0.0,0.0,0.0,0.0,0.0,0.0,0.0,0.0,0.0,0.0,0.0,0.0,0.0,0.0,0.0,0.0,-2504.0810318334347,-2504.0810318334347,-2504.0810318334347,0.0,0.0,0.0,-2345.2127083013647,-2345.2127083013647,-2345.2127083013647,4203.539984512579,4203.539984512579,4203.539984512579,-4362.40830804465,-4362.40830804465,-4362.40830804465,0.0,0.0,0.0,21703.163899683917
2017-08-22,24260.258118305344,14747.81766088036,27911.906491443133,24260.258118305344,24260.258118305344,0.0,0.0,0.0,0.0,0.0,0.0,0.0,0.0,0.0,0.0,0.0,0.0,0.0,0.0,0.0,0.0,0.0,0.0,0.0,0.0,0.0,0.0,0.0,0.0,0.0,0.0,0.0,0.0,0.0,0.0,0.0,0.0,0.0,0.0,0.0,0.0,-2677.814623361038,-2677.814623361038,-2677.814623361038,0.0,0.0,0.0,-2000.773609445653,-2000.773609445653,-2000.773609445653,3347.897897521891,3347.897897521891,3347.897897521891,-4024.9389114372752,-4024.9389114372752,-4024.9389114372752,0.0,0.0,0.0,21582.443494944306
2017-08-23,24313.271305093327,15229.296105382768,27778.435077739796,24313.271305093327,24313.271305093327,0.0,0.0,0.0,0.0,0.0,0.0,0.0,0.0,0.0,0.0,0.0,0.0,0.0,0.0,0.0,0.0,0.0,0.0,0.0,0.0,0.0,0.0,0.0,0.0,0.0,0.0,0.0,0.0,0.0,0.0,0.0,0.0,0.0,0.0,0.0,0.0,-2696.559909014953,-2696.559909014953,-2696.559909014953,0.0,0.0,0.0,-1531.2268650765589,-1531.2268650765589,-1531.2268650765589,2476.467799299777,2476.467799299777,2476.467799299777,-3641.8008432381703,-3641.8008432381703,-3641.8008432381703,0.0,0.0,0.0,21616.711396078375
2017-08-24,24366.28449188132,14581.946913837079,27399.43532237098,24366.28449188132,24366.28449188132,0.0,0.0,0.0,0.0,0.0,0.0,0.0,0.0,0.0,0.0,0.0,0.0,0.0,0.0,0.0,0.0,0.0,0.0,0.0,0.0,0.0,0.0,0.0,0.0,0.0,0.0,0.0,0.0,0.0,0.0,0.0,0.0,0.0,0.0,0.0,0.0,-3453.875169238086,-3453.875169238086,-3453.875169238086,0.0,0.0,0.0,-1452.0877989590997,-1452.0877989590997,-1452.0877989590997,1219.9357873452564,1219.9357873452564,1219.9357873452564,-3221.723157624243,-3221.723157624243,-3221.723157624243,0.0,0.0,0.0,20912.409322643234
2017-08-25,24419.297678669307,12365.287034626084,25264.01166721826,24419.297678669307,24419.297678669307,0.0,0.0,0.0,0.0,0.0,0.0,0.0,0.0,0.0,0.0,0.0,0.0,0.0,0.0,0.0,0.0,0.0,0.0,0.0,0.0,0.0,0.0,0.0,0.0,0.0,0.0,0.0,0.0,0.0,0.0,0.0,0.0,0.0,0.0,0.0,0.0,-5528.55916345603,-5528.55916345603,-5528.55916345603,0.0,0.0,0.0,-1788.5525815941842,-1788.5525815941842,-1788.5525815941842,-965.6856366751201,-965.6856366751201,-965.6856366751201,-2774.320945186725,-2774.320945186725,-2774.320945186725,0.0,0.0,0.0,18890.738515213277
2017-08-26,24472.3108654573,7584.045952651827,20470.679049382197,24472.3108654573,24472.3108654573,0.0,0.0,0.0,0.0,0.0,0.0,0.0,0.0,0.0,0.0,0.0,0.0,0.0,0.0,0.0,0.0,0.0,0.0,0.0,0.0,0.0,0.0,0.0,0.0,0.0,0.0,0.0,0.0,0.0,0.0,0.0,0.0,0.0,0.0,0.0,0.0,-10349.068988473946,-10349.068988473946,-10349.068988473946,0.0,0.0,0.0,-2092.910663444731,-2092.910663444731,-2092.910663444731,-5946.296305794599,-5946.296305794599,-5946.296305794599,-2309.862019234617,-2309.862019234617,-2309.862019234617,0.0,0.0,0.0,14123.241876983355
2017-08-27,24525.324052245283,9729.418550386123,23086.933335728278,24525.324052245283,24525.324052245283,0.0,0.0,0.0,0.0,0.0,0.0,0.0,0.0,0.0,0.0,0.0,0.0,0.0,0.0,0.0,0.0,0.0,0.0,0.0,0.0,0.0,0.0,0.0,0.0,0.0,0.0,0.0,0.0,0.0,0.0,0.0,0.0,0.0,0.0,0.0,0.0,-8054.772307770043,-8054.772307770043,-8054.772307770043,0.0,0.0,0.0,-1879.894431852518,-1879.894431852518,-1879.894431852518,-4335.859526220978,-4335.859526220978,-4335.859526220978,-1839.0183496965465,-1839.0183496965465,-1839.0183496965465,0.0,0.0,0.0,16470.55174447524
2017-08-28,24578.337239033277,20059.568201144302,32543.78873699823,24578.337239033277,24578.337239033277,0.0,0.0,0.0,0.0,0.0,0.0,0.0,0.0,0.0,0.0,0.0,0.0,0.0,0.0,0.0,0.0,0.0,0.0,0.0,0.0,0.0,0.0,0.0,0.0,0.0,0.0,0.0,0.0,0.0,0.0,0.0,0.0,0.0,0.0,0.0,0.0,1760.5590955902135,1760.5590955902135,1760.5590955902135,0.0,0.0,0.0,-1070.372652646595,-1070.372652646595,-1070.372652646595,4203.539984516776,4203.539984516776,4203.539984516776,-1372.6082362799677,-1372.6082362799677,-1372.6082362799677,0.0,0.0,0.0,26338.89633462349
2017-08-29,24631.349281736784,20562.564068067,33418.161397040516,24631.349281736784,24631.349281736784,0.0,0.0,0.0,0.0,0.0,0.0,0.0,0.0,0.0,0.0,0.0,0.0,0.0,0.0,0.0,0.0,0.0,0.0,0.0,0.0,0.0,0.0,0.0,0.0,0.0,0.0,0.0,0.0,0.0,0.0,0.0,0.0,0.0,0.0,0.0,0.0,2378.849718856208,2378.849718856208,2378.849718856208,0.0,0.0,0.0,-47.71274970707499,-47.71274970707499,-47.71274970707499,3347.897897519669,3347.897897519669,3347.897897519669,-921.3354289563861,-921.3354289563861,-921.3354289563861,0.0,0.0,0.0,27010.19900059299
2017-08-30,24684.36132444029,20429.876149261585,33745.96106631783,24684.36132444029,24684.36132444029,0.0,0.0,0.0,0.0,0.0,0.0,0.0,0.0,0.0,0.0,0.0,0.0,0.0,0.0,0.0,0.0,0.0,0.0,0.0,0.0,0.0,0.0,0.0,0.0,0.0,0.0,0.0,0.0,0.0,0.0,0.0,0.0,0.0,0.0,0.0,0.0,2676.9993153426776,2676.9993153426776,2676.9993153426776,0.0,0.0,0.0,696.0629871058147,696.0629871058147,696.0629871058147,2476.4677993014047,2476.4677993014047,2476.4677993014047,-495.53147106454145,-495.53147106454145,-495.53147106454145,0.0,0.0,0.0,27361.360639782968
2017-08-31,24737.3733671438,19853.20685705831,33254.02598678654,24737.3733671438,24737.3733671438,0.0,0.0,0.0,0.0,0.0,0.0,0.0,0.0,0.0,0.0,0.0,0.0,0.0,0.0,0.0,0.0,0.0,0.0,0.0,0.0,0.0,0.0,0.0,0.0,0.0,0.0,0.0,0.0,0.0,0.0,0.0,0.0,0.0,0.0,0.0,0.0,2088.7503698162604,2088.7503698162604,2088.7503698162604,0.0,0.0,0.0,973.7220397031499,973.7220397031499,973.7220397031499,1219.9357873467127,1219.9357873467127,1219.9357873467127,-104.90745723360217,-104.90745723360217,-104.90745723360217,0.0,0.0,0.0,26826.12373696006
2017-09-01,24790.38540984731,18200.143358921163,31547.464883521174,24790.38540984731,24790.38540984731,0.0,0.0,0.0,0.0,0.0,0.0,0.0,0.0,0.0,0.0,0.0,0.0,0.0,0.0,0.0,0.0,0.0,0.0,0.0,0.0,0.0,0.0,0.0,0.0,0.0,0.0,0.0,0.0,0.0,0.0,0.0,0.0,0.0,0.0,0.0,0.0,272.5623594137435,272.5623594137435,272.5623594137435,0.0,0.0,0.0,996.5691629587263,996.5691629587263,996.5691629587263,-965.685636674236,-965.685636674236,-965.685636674236,241.67883312925218,241.67883312925218,241.67883312925218,0.0,0.0,0.0,25062.947769261053
2017-09-02,24843.397452550817,14401.158809727232,26864.274630032778,24843.397452550817,24843.397452550817,0.0,0.0,0.0,0.0,0.0,0.0,0.0,0.0,0.0,0.0,0.0,0.0,0.0,0.0,0.0,0.0,0.0,0.0,0.0,0.0,0.0,0.0,0.0,0.0,0.0,0.0,0.0,0.0,0.0,0.0,0.0,0.0,0.0,0.0,0.0,0.0,-4315.589973601324,-4315.589973601324,-4315.589973601324,0.0,0.0,0.0,1094.2714922878229,1094.2714922878229,1094.2714922878229,-5946.296305801191,-5946.296305801191,-5946.296305801191,536.4348399120436,536.4348399120436,536.4348399120436,0.0,0.0,0.0,20527.807478949493
2017-09-03,24896.409495254324,15684.59908528316,29316.864857006472,24896.409495254324,24896.409495254324,0.0,0.0,0.0,0.0,0.0,0.0,0.0,0.0,0.0,0.0,0.0,0.0,0.0,0.0,0.0,0.0,0.0,0.0,0.0,0.0,0.0,0.0,0.0,0.0,0.0,0.0,0.0,0.0,0.0,0.0,0.0,0.0,0.0,0.0,0.0,0.0,-2201.712453921463,-2201.712453921463,-2201.712453921463,0.0,0.0,0.0,1361.3279878893054,1361.3279878893054,1361.3279878893054,-4335.859526216994,-4335.859526216994,-4335.859526216994,772.8190844062262,772.8190844062262,772.8190844062262,0.0,0.0,0.0,22694.69704133286
2017-09-04,24949.421537957824,25100.75097464311,37913.976273196575,24949.421537957824,24949.421537957824,0.0,0.0,0.0,0.0,0.0,0.0,0.0,0.0,0.0,0.0,0.0,0.0,0.0,0.0,0.0,0.0,0.0,0.0,0.0,0.0,0.0,0.0,0.0,0.0,0.0,0.0,0.0,0.0,0.0,0.0,0.0,0.0,0.0,0.0,0.0,0.0,6726.909897785683,6726.909897785683,6726.909897785683,0.0,0.0,0.0,1577.6733750087146,1577.6733750087146,1577.6733750087146,4203.539984518643,4203.539984518643,4203.539984518643,945.6965382583253,945.6965382583253,945.6965382583253,0.0,0.0,0.0,31676.33143574351
2017-09-05,25002.43358066133,24576.672045369865,37418.28845477481,25002.43358066133,25002.43358066133,0.0,0.0,0.0,0.0,0.0,0.0,0.0,0.0,0.0,0.0,0.0,0.0,0.0,0.0,0.0,0.0,0.0,0.0,0.0,0.0,0.0,0.0,0.0,0.0,0.0,0.0,0.0,0.0,0.0,0.0,0.0,0.0,0.0,0.0,0.0,0.0,5860.642645865902,5860.642645865902,5860.642645865902,0.0,0.0,0.0,1461.2849659421904,1461.2849659421904,1461.2849659421904,3347.897897523501,3347.897897523501,3347.897897523501,1051.459782400208,1051.459782400208,1051.459782400208,0.0,0.0,0.0,30863.07622652723
2017-09-06,25055.445623364845,23422.50761238522,35474.83390337775,25055.445623364845,25055.445623364845,0.0,0.0,0.0,0.0,0.0,0.0,0.0,0.0,0.0,0.0,0.0,0.0,0.0,0.0,0.0,0.0,0.0,0.0,0.0,0.0,0.0,0.0,0.0,0.0,0.0,0.0,0.0,0.0,0.0,0.0,0.0,0.0,0.0,0.0,0.0,0.0,4545.480468518512,4545.480468518512,4545.480468518512,0.0,0.0,0.0,980.899607555477,980.899607555477,980.899607555477,2476.467799298104,2476.467799298104,2476.467799298104,1088.1130616649311,1088.1130616649311,1088.1130616649311,0.0,0.0,0.0,29600.926091883357
2017-09-07,25108.457666068345,13353.13520049239,25949.283620166374,25108.457666068345,25108.457666068345,0.0,0.0,0.0,0.0,0.0,0.0,0.0,0.0,0.0,0.0,0.0,0.0,0.0,0.0,0.0,0.0,0.0,0.0,-8035.19299968224,-8035.19299968224,-8035.19299968224,0.0,0.0,0.0,0.0,0.0,0.0,0.0,0.0,0.0,0.0,0.0,0.0,0.0,0.0,0.0,-5349.357100514835,-5349.357100514835,-5349.357100514835,-8035.19299968224,-8035.19299968224,-8035.19299968224,410.58287983483984,410.58287983483984,410.58287983483984,1219.9357873477788,1219.9357873477788,1219.9357873477788,1055.3172319847858,1055.3172319847858,1055.3172319847858,0.0,0.0,0.0,19759.100565553512
2017-09-08,25161.469708771856,18874.449955872118,31998.29209570066,25161.469708771856,25161.469708771856,0.0,0.0,0.0,0.0,0.0,0.0,0.0,0.0,0.0,0.0,0.0,0.0,0.0,0.0,0.0,0.0,0.0,0.0,0.0,0.0,0.0,0.0,0.0,0.0,0.0,0.0,0.0,0.0,0.0,0.0,0.0,0.0,0.0,0.0,0.0,0.0,68.21345965429654,68.21345965429654,68.21345965429654,0.0,0.0,0.0,79.50456088475553,79.50456088475553,79.50456088475553,-965.6856366796945,-965.6856366796945,-965.6856366796945,954.3945354492349,954.3945354492349,954.3945354492349,0.0,0.0,0.0,25229.683168426152
2017-09-09,25214.481751475363,13383.367670422675,25894.82325202504,25214.481751475363,25214.481751475363,0.0,0.0,0.0,0.0,0.0,0.0,0.0,0.0,0.0,0.0,0.0,0.0,0.0,0.0,0.0,0.0,0.0,0.0,0.0,0.0,0.0,0.0,0.0,0.0,0.0,0.0,0.0,0.0,0.0,0.0,0.0,0.0,0.0,0.0,0.0,0.0,-5078.631489571421,-5078.631489571421,-5078.631489571421,0.0,0.0,0.0,79.3717143546369,79.3717143546369,79.3717143546369,-5946.296305807784,-5946.296305807784,-5946.296305807784,788.2931018817251,788.2931018817251,788.2931018817251,0.0,0.0,0.0,20135.850261903943
2017-09-10,25267.49379417887,15337.272847629134,27991.923637756783,25267.49379417887,25267.49379417887,0.0,0.0,0.0,0.0,0.0,0.0,0.0,0.0,0.0,0.0,0.0,0.0,0.0,0.0,0.0,0.0,0.0,0.0,0.0,0.0,0.0,0.0,0.0,0.0,0.0,0.0,0.0,0.0,0.0,0.0,0.0,0.0,0.0,0.0,0.0,0.0,-3547.177781000737,-3547.177781000737,-3547.177781000737,0.0,0.0,0.0,227.16970438935874,227.16970438935874,227.16970438935874,-4335.859526222231,-4335.859526222231,-4335.859526222231,561.5120408321343,561.5120408321343,561.5120408321343,0.0,0.0,0.0,21720.316013178133
2017-09-11,25320.505836882377,23694.95210061715,37068.81446542558,25320.505836882377,25320.505836882377,0.0,0.0,0.0,0.0,0.0,0.0,0.0,0.0,0.0,0.0,0.0,0.0,0.0,0.0,0.0,0.0,0.0,0.0,0.0,0.0,0.0,0.0,0.0,0.0,0.0,0.0,0.0,0.0,0.0,0.0,0.0,0.0,0.0,0.0,0.0,0.0,4794.028420939402,4794.028420939402,4794.028420939402,0.0,0.0,0.0,310.4995041626125,310.4995041626125,310.4995041626125,4203.539984512744,4203.539984512744,4203.539984512744,279.9889322640449,279.9889322640449,279.9889322640449,0.0,0.0,0.0,30114.53425782178
2017-09-12,25373.517879585877,22204.299884599426,35534.74772367294,25373.517879585877,25373.517879585877,0.0,0.0,0.0,0.0,0.0,0.0,0.0,0.0,0.0,0.0,0.0,0.0,0.0,0.0,0.0,0.0,0.0,0.0,0.0,0.0,0.0,0.0,0.0,0.0,0.0,0.0,0.0,0.0,0.0,0.0,0.0,0.0,0.0,0.0,0.0,0.0,3643.5743283101588,3643.5743283101588,3643.5743283101588,0.0,0.0,0.0,344.7240055955025,344.7240055955025,344.7240055955025,3347.897897521281,3347.897897521281,3347.897897521281,-49.04757480662391,-49.04757480662391,-49.04757480662391,0.0,0.0,0.0,29017.092207896036
2017-09-13,25426.529922289385,21808.700709765006,34300.72877462754,25426.529922289385,25426.529922289385,0.0,0.0,0.0,0.0,0.0,0.0,0.0,0.0,0.0,0.0,0.0,0.0,0.0,0.0,0.0,0.0,0.0,0.0,0.0,0.0,0.0,0.0,0.0,0.0,0.0,0.0,0.0,0.0,0.0,0.0,0.0,0.0,0.0,0.0,0.0,0.0,2612.2931553938183,2612.2931553938183,2612.2931553938183,0.0,0.0,0.0,553.0818662084051,553.0818662084051,553.0818662084051,2476.467799299732,2476.467799299732,2476.467799299732,-417.2565101143183,-417.2565101143183,-417.2565101143183,0.0,0.0,0.0,28038.823077683202
2017-09-14,25479.54196499289,20583.70989598313,33761.33998169138,25479.54196499289,25479.54196499289,0.0,0.0,0.0,0.0,0.0,0.0,0.0,0.0,0.0,0.0,0.0,0.0,0.0,0.0,0.0,0.0,0.0,0.0,0.0,0.0,0.0,0.0,0.0,0.0,0.0,0.0,0.0,0.0,0.0,0.0,0.0,0.0,0.0,0.0,0.0,0.0,1473.7622903470674,1473.7622903470674,1473.7622903470674,0.0,0.0,0.0,1069.2168818325392,1069.2168818325392,1069.2168818325392,1219.9357873488448,1219.9357873488448,1219.9357873488448,-815.3903788343168,-815.3903788343168,-815.3903788343168,0.0,0.0,0.0,26953.304255339957
2017-09-15,25532.554007696403,18739.596021666108,31903.731780790982,25532.554007696403,25532.554007696403,0.0,0.0,0.0,0.0,0.0,0.0,0.0,0.0,0.0,0.0,0.0,0.0,0.0,0.0,0.0,0.0,0.0,0.0,0.0,0.0,0.0,0.0,0.0,0.0,0.0,0.0,0.0,0.0,0.0,0.0,0.0,0.0,0.0,0.0,0.0,0.0,-530.6179988720721,-530.6179988720721,-530.6179988720721,0.0,0.0,0.0,1668.5906975850169,1668.5906975850169,1668.5906975850169,-965.6856366788102,-965.6856366788102,-965.6856366788102,-1233.5230597782795,-1233.5230597782795,-1233.5230597782795,0.0,0.0,0.0,25001.93600882433
2017-09-16,25585.566050399913,13141.275793261259,26473.225514472186,25585.566050399913,25585.566050399913,0.0,0.0,0.0,0.0,0.0,0.0,0.0,0.0,0.0,0.0,0.0,0.0,0.0,0.0,0.0,0.0,0.0,0.0,0.0,0.0,0.0,0.0,0.0,0.0,0.0,0.0,0.0,0.0,0.0,0.0,0.0,0.0,0.0,0.0,0.0,0.0,-5765.418311145735,-5765.418311145735,-5765.418311145735,0.0,0.0,0.0,1842.172319922242,1842.172319922242,1842.172319922242,-5946.29630579187,-5946.29630579187,-5946.29630579187,-1661.2943252761095,-1661.2943252761095,-1661.2943252761095,0.0,0.0,0.0,19820.14773925418
2017-09-17,25638.57802738975,13429.692281243135,26396.002539378424,25638.57802738975,25638.57802738975,0.0,0.0,0.0,0.0,0.0,0.0,0.0,0.0,0.0,0.0,0.0,0.0,0.0,0.0,0.0,0.0,0.0,0.0,0.0,0.0,0.0,0.0,0.0,0.0,0.0,0.0,0.0,0.0,0.0,0.0,0.0,0.0,0.0,0.0,0.0,0.0,-5219.669086010161,-5219.669086010161,-5219.669086010161,0.0,0.0,0.0,1204.3555406337878,1204.3555406337878,1204.3555406337878,-4335.859526222937,-4335.859526222937,-4335.859526222937,-2088.165100421011,-2088.165100421011,-2088.165100421011,0.0,0.0,0.0,20418.90894137959
2017-09-18,25691.590004379595,20237.884110716786,34266.599820386975,25691.590004379595,25691.590004379595,0.0,0.0,0.0,0.0,0.0,0.0,0.0,0.0,0.0,0.0,0.0,0.0,0.0,0.0,0.0,0.0,0.0,0.0,0.0,0.0,0.0,0.0,0.0,0.0,0.0,0.0,0.0,0.0,0.0,0.0,0.0,0.0,0.0,0.0,0.0,0.0,1580.356196031138,1580.356196031138,1580.356196031138,0.0,0.0,0.0,-119.50647245333111,-119.50647245333111,-119.50647245333111,4203.53998451694,4203.53998451694,4203.53998451694,-2503.6773160324706,-2503.6773160324706,-2503.6773160324706,0.0,0.0,0.0,27271.946200410734
2017-09-19,25744.60198136943,18725.290928705177,31066.269613520297,25744.60198136943,25744.60198136943,0.0,0.0,0.0,0.0,0.0,0.0,0.0,0.0,0.0,0.0,0.0,0.0,0.0,0.0,0.0,0.0,0.0,0.0,0.0,0.0,0.0,0.0,0.0,0.0,0.0,0.0,0.0,0.0,0.0,0.0,0.0,0.0,0.0,0.0,0.0,0.0,-1055.4435753840485,-1055.4435753840485,-1055.4435753840485,0.0,0.0,0.0,-1505.6293809243043,-1505.6293809243043,-1505.6293809243043,3347.897897519553,3347.897897519553,3347.897897519553,-2897.712091979297,-2897.712091979297,-2897.712091979297,0.0,0.0,0.0,24689.15840598538
2017-09-20,25797.61395835927,16154.694818735143,28829.755042604607,25797.61395835927,25797.61395835927,0.0,0.0,0.0,0.0,0.0,0.0,0.0,0.0,0.0,0.0,0.0,0.0,0.0,0.0,0.0,0.0,0.0,0.0,0.0,0.0,0.0,0.0,0.0,0.0,0.0,0.0,0.0,0.0,0.0,0.0,0.0,0.0,0.0,0.0,0.0,0.0,-3063.7047106831415,-3063.7047106831415,-3063.7047106831415,0.0,0.0,0.0,-2279.432492279262,-2279.432492279262,-2279.432492279262,2476.467799298141,2476.467799298141,2476.467799298141,-3260.740017702021,-3260.740017702021,-3260.740017702021,0.0,0.0,0.0,22733.90924767613
2017-09-21,25850.62593534911,14859.07075967811,27769.060850336075,25850.62593534911,25850.62593534911,0.0,0.0,0.0,0.0,0.0,0.0,0.0,0.0,0.0,0.0,0.0,0.0,0.0,0.0,0.0,0.0,0.0,0.0,0.0,0.0,0.0,0.0,0.0,0.0,0.0,0.0,0.0,0.0,0.0,0.0,0.0,0.0,0.0,0.0,0.0,0.0,-4593.9417081003385,-4593.9417081003385,-4593.9417081003385,0.0,0.0,0.0,-2229.8200209113265,-2229.8200209113265,-2229.8200209113265,1219.9357873449953,1219.9357873449953,1219.9357873449953,-3584.057474534008,-3584.057474534008,-3584.057474534008,0.0,0.0,0.0,21256.684227248774
2017-09-22,25903.63791233895,13098.880194977795,26083.914335122983,25903.63791233895,25903.63791233895,0.0,0.0,0.0,0.0,0.0,0.0,0.0,0.0,0.0,0.0,0.0,0.0,0.0,0.0,0.0,0.0,0.0,0.0,0.0,0.0,0.0,0.0,0.0,0.0,0.0,0.0,0.0,0.0,0.0,0.0,0.0,0.0,0.0,0.0,0.0,0.0,-6567.1227354897155,-6567.1227354897155,-6567.1227354897155,0.0,0.0,0.0,-1741.4338336534177,-1741.4338336534177,-1741.4338336534177,-965.6856366732144,-965.6856366732144,-965.6856366732144,-3860.003265163085,-3860.003265163085,-3860.003265163085,0.0,0.0,0.0,19336.515176849232
2017-09-23,25956.64988932879,7752.190966448268,21380.701398334117,25956.64988932879,25956.64988932879,0.0,0.0,0.0,0.0,0.0,0.0,0.0,0.0,0.0,0.0,0.0,0.0,0.0,0.0,0.0,0.0,0.0,0.0,0.0,0.0,0.0,0.0,0.0,0.0,0.0,0.0,0.0,0.0,0.0,0.0,0.0,0.0,0.0,0.0,0.0,0.0,-11455.773330510028,-11455.773330510028,-11455.773330510028,0.0,0.0,0.0,-1427.326752682821,-1427.326752682821,-1427.326752682821,-5946.296305798461,-5946.296305798461,-5946.296305798461,-4082.150272028747,-4082.150272028747,-4082.150272028747,0.0,0.0,0.0,14500.876558818762
2017-09-24,26009.66186631863,9160.320498075855,22617.089082492275,26009.66186631863,26009.66186631863,0.0,0.0,0.0,0.0,0.0,0.0,0.0,0.0,0.0,0.0,0.0,0.0,0.0,0.0,0.0,0.0,0.0,0.0,0.0,0.0,0.0,0.0,0.0,0.0,0.0,0.0,0.0,0.0,0.0,0.0,0.0,0.0,0.0,0.0,0.0,0.0,-10170.417548723124,-10170.417548723124,-10170.417548723124,0.0,0.0,0.0,-1589.0905747925417,-1589.0905747925417,-1589.0905747925417,-4335.859526214263,-4335.859526214263,-4335.859526214263,-4245.467447716321,-4245.467447716321,-4245.467447716321,0.0,0.0,0.0,15839.244317595507
2017-09-25,26062.67384330847,17902.530973088815,30294.726622220085,26062.67384330847,26062.67384330847,0.0,0.0,0.0,0.0,0.0,0.0,0.0,0.0,0.0,0.0,0.0,0.0,0.0,0.0,0.0,0.0,0.0,0.0,0.0,0.0,0.0,0.0,0.0,0.0,0.0,0.0,0.0,0.0,0.0,0.0,0.0,0.0,0.0,0.0,0.0,0.0,-2123.4930987264793,-2123.4930987264793,-2123.4930987264793,0.0,0.0,0.0,-1980.5849502174315,-1980.5849502174315,-1980.5849502174315,4203.539984521136,4203.539984521136,4203.539984521136,-4346.448133030183,-4346.448133030183,-4346.448133030183,0.0,0.0,0.0,23939.18074458199
2017-09-26,26115.685820298313,16590.190126346664,29562.54653036901,26115.685820298313,26115.685820298313,0.0,0.0,0.0,0.0,0.0,0.0,0.0,0.0,0.0,0.0,0.0,0.0,0.0,0.0,0.0,0.0,0.0,0.0,0.0,0.0,0.0,0.0,0.0,0.0,0.0,0.0,0.0,0.0,0.0,0.0,0.0,0.0,0.0,0.0,0.0,0.0,-3103.956838228631,-3103.956838228631,-3103.956838228631,0.0,0.0,0.0,-2068.6532496372665,-2068.6532496372665,-2068.6532496372665,3347.897897517332,3347.897897517332,3347.897897517332,-4383.201486108698,-4383.201486108698,-4383.201486108698,0.0,0.0,0.0,23011.728982069682
2017-09-27,26168.69779728815,16105.048625407042,29382.469444642462,26168.69779728815,26168.69779728815,0.0,0.0,0.0,0.0,0.0,0.0,0.0,0.0,0.0,0.0,0.0,0.0,0.0,0.0,0.0,0.0,0.0,0.0,0.0,0.0,0.0,0.0,0.0,0.0,0.0,0.0,0.0,0.0,0.0,0.0,0.0,0.0,0.0,0.0,0.0,0.0,-3412.8819548824945,-3412.8819548824945,-3412.8819548824945,0.0,0.0,0.0,-1533.8450836625352,-1533.8450836625352,-1533.8450836625352,2476.4677993021323,2476.4677993021323,2476.4677993021323,-4355.504670522093,-4355.504670522093,-4355.504670522093,0.0,0.0,0.0,22755.815842405656
2017-09-28,26221.709774277988,16301.680192354383,29112.78734499918,26221.709774277988,26221.709774277988,0.0,0.0,0.0,0.0,0.0,0.0,0.0,0.0,0.0,0.0,0.0,0.0,0.0,0.0,0.0,0.0,0.0,0.0,0.0,0.0,0.0,0.0,0.0,0.0,0.0,0.0,0.0,0.0,0.0,0.0,0.0,0.0,0.0,0.0,0.0,0.0,-3596.670963821579,-3596.670963821579,-3596.670963821579,0.0,0.0,0.0,-551.7923798029238,-551.7923798029238,-551.7923798029238,1219.9357873513673,1219.9357873513673,1219.9357873513673,-4264.814371370023,-4264.814371370023,-4264.814371370023,0.0,0.0,0.0,22625.038810456408
2017-09-29,26274.721751267833,14724.500468267928,27972.255688551577,26274.721751267833,26274.721751267833,0.0,0.0,0.0,0.0,0.0,0.0,0.0,0.0,0.0,0.0,0.0,0.0,0.0,0.0,0.0,0.0,0.0,0.0,0.0,0.0,0.0,0.0,0.0,0.0,0.0,0.0,0.0,0.0,0.0,0.0,0.0,0.0,0.0,0.0,0.0,0.0,-4698.7841899798805,-4698.7841899798805,-4698.7841899798805,0.0,0.0,0.0,381.13861164048325,381.13861164048325,381.13861164048325,-965.6856366786717,-965.6856366786717,-965.6856366786717,-4114.237164941692,-4114.237164941692,-4114.237164941692,0.0,0.0,0.0,21575.937561287952
2017-09-30,26327.733728257666,10314.884339466123,24029.612217392052,26327.733728257666,26327.733728257666,0.0,0.0,0.0,0.0,0.0,0.0,0.0,0.0,0.0,0.0,0.0,0.0,0.0,0.0,0.0,0.0,0.0,0.0,0.0,0.0,0.0,0.0,0.0,0.0,0.0,0.0,0.0,0.0,0.0,0.0,0.0,0.0,0.0,0.0,0.0,0.0,-8967.385102599443,-8967.385102599443,-8967.385102599443,0.0,0.0,0.0,887.3704401834219,887.3704401834219,887.3704401834219,-5946.296305792806,-5946.296305792806,-5946.296305792806,-3908.4592369900583,-3908.4592369900583,-3908.4592369900583,0.0,0.0,0.0,17360.348625658226
2017-10-01,26380.745705247507,12836.808881216595,26281.577551465438,26380.745705247507,26380.745705247507,0.0,0.0,0.0,0.0,0.0,0.0,0.0,0.0,0.0,0.0,0.0,0.0,0.0,0.0,0.0,0.0,0.0,0.0,0.0,0.0,0.0,0.0,0.0,0.0,0.0,0.0,0.0,0.0,0.0,0.0,0.0,0.0,0.0,0.0,0.0,0.0,-6995.134488712382,-6995.134488712382,-6995.134488712382,0.0,0.0,0.0,994.3619423559859,994.3619423559859,994.3619423559859,-4335.859526210278,-4335.859526210278,-4335.859526210278,-3653.6369048580896,-3653.6369048580896,-3653.6369048580896,0.0,0.0,0.0,19385.611216535126
2017-10-02,26433.75768223735,21294.96462877471,34864.47116484096,26433.75768223735,26433.75768223735,0.0,0.0,0.0,0.0,0.0,0.0,0.0,0.0,0.0,0.0,0.0,0.0,0.0,0.0,0.0,0.0,0.0,0.0,0.0,0.0,0.0,0.0,0.0,0.0,0.0,0.0,0.0,0.0,0.0,0.0,0.0,0.0,0.0,0.0,0.0,0.0,1868.0976917244245,1868.0976917244245,1868.0976917244245,0.0,0.0,0.0,1021.8080344979087,1021.8080344979087,1021.8080344979087,4203.539984512909,4203.539984512909,4203.539984512909,-3357.2503272863923,-3357.2503272863923,-3357.2503272863923,0.0,0.0,0.0,28301.855373961775
2017-10-03,26486.769659227186,21317.156220051333,34388.2931920102,26486.769659227186,26486.769659227186,0.0,0.0,0.0,0.0,0.0,0.0,0.0,0.0,0.0,0.0,0.0,0.0,0.0,0.0,0.0,0.0,0.0,0.0,0.0,0.0,0.0,0.0,0.0,0.0,0.0,0.0,0.0,0.0,0.0,0.0,0.0,0.0,0.0,0.0,0.0,0.0,1534.733072555241,1534.733072555241,1534.733072555241,0.0,0.0,0.0,1214.7588362821557,1214.7588362821557,1214.7588362821557,3347.8978975262316,3347.8978975262316,3347.8978975262316,-3027.923661253146,-3027.923661253146,-3027.923661253146,0.0,0.0,0.0,28021.502731782428
2017-10-04,26539.781636217027,21504.083053663653,34367.38253825021,26539.781636217027,26539.781636217027,0.0,0.0,0.0,0.0,0.0,0.0,0.0,0.0,0.0,0.0,0.0,0.0,0.0,0.0,0.0,0.0,0.0,0.0,0.0,0.0,0.0,0.0,0.0,0.0,0.0,0.0,0.0,0.0,0.0,0.0,0.0,0.0,0.0,0.0,0.0,0.0,1297.57322728592,1297.57322728592,1297.57322728592,0.0,0.0,0.0,1496.321155385345,1496.321155385345,1496.321155385345,2476.467799303759,2476.467799303759,2476.467799303759,-2675.2157274031842,-2675.2157274031842,-2675.2157274031842,0.0,0.0,0.0,27837.354863502947
2017-10-05,26592.792349058087,20675.04814472087,33316.901110863946,26592.792349058087,26592.792349058087,0.0,0.0,0.0,0.0,0.0,0.0,0.0,0.0,0.0,0.0,0.0,0.0,0.0,0.0,0.0,0.0,0.0,0.0,0.0,0.0,0.0,0.0,0.0,0.0,0.0,0.0,0.0,0.0,0.0,0.0,0.0,0.0,0.0,0.0,0.0,0.0,481.86824984546985,481.86824984546985,481.86824984546985,0.0,0.0,0.0,1571.3184185707444,1571.3184185707444,1571.3184185707444,1219.9357873471274,1219.9357873471274,1219.9357873471274,-2309.3859560724018,-2309.3859560724018,-2309.3859560724018,0.0,0.0,0.0,27074.660598903556
2017-10-06,26645.803061899154,18266.791035681043,31788.541323303398,26645.803061899154,26645.803061899154,0.0,0.0,0.0,0.0,0.0,0.0,0.0,0.0,0.0,0.0,0.0,0.0,0.0,0.0,0.0,0.0,0.0,0.0,0.0,0.0,0.0,0.0,0.0,0.0,0.0,0.0,0.0,0.0,0.0,0.0,0.0,0.0,0.0,0.0,0.0,0.0,-1652.0552356339447,-1652.0552356339447,-1652.0552356339447,0.0,0.0,0.0,1254.771389067689,1254.771389067689,1254.771389067689,-965.6856366841308,-965.6856366841308,-965.6856366841308,-1941.1409880175029,-1941.1409880175029,-1941.1409880175029,0.0,0.0,0.0,24993.74782626521
2017-10-07,26698.81377474021,12995.47832964672,26832.23136842025,26698.81377474021,26698.81377474021,0.0,0.0,0.0,0.0,0.0,0.0,0.0,0.0,0.0,0.0,0.0,0.0,0.0,0.0,0.0,0.0,0.0,0.0,0.0,0.0,0.0,0.0,0.0,0.0,0.0,0.0,0.0,0.0,0.0,0.0,0.0,0.0,0.0,0.0,0.0,0.0,-6844.075610350595,-6844.075610350595,-6844.075610350595,0.0,0.0,0.0,683.5884794637063,683.5884794637063,683.5884794637063,-5946.296305794269,-5946.296305794269,-5946.296305794269,-1581.3677840200316,-1581.3677840200316,-1581.3677840200316,0.0,0.0,0.0,19854.738164389615
2017-10-08,26751.824487581278,15046.23200715442,27882.661385286443,26751.824487581278,26751.824487581278,0.0,0.0,0.0,0.0,0.0,0.0,0.0,0.0,0.0,0.0,0.0,0.0,0.0,0.0,0.0,0.0,0.0,0.0,0.0,0.0,0.0,0.0,0.0,0.0,0.0,0.0,0.0,0.0,0.0,0.0,0.0,0.0,0.0,0.0,0.0,0.0,-5375.0222544071175,-5375.0222544071175,-5375.0222544071175,0.0,0.0,0.0,201.6967159546744,201.6967159546744,201.6967159546744,-4335.859526215516,-4335.859526215516,-4335.859526215516,-1240.859444146277,-1240.859444146277,-1240.859444146277,0.0,0.0,0.0,21376.80223317416
2017-10-09,26804.83520042234,23414.803264165464,36563.63796655585,26804.83520042234,26804.83520042234,0.0,0.0,0.0,0.0,0.0,0.0,0.0,0.0,0.0,0.0,0.0,0.0,0.0,0.0,0.0,0.0,0.0,0.0,0.0,0.0,0.0,0.0,0.0,0.0,0.0,0.0,0.0,0.0,0.0,0.0,0.0,0.0,0.0,0.0,0.0,0.0,3318.5043704468485,3318.5043704468485,3318.5043704468485,0.0,0.0,0.0,45.00452877849668,45.00452877849668,45.00452877849668,4203.539984519434,4203.539984519434,4203.539984519434,-930.0401428510812,-930.0401428510812,-930.0401428510812,0.0,0.0,0.0,30123.33957086919
2017-10-10,26857.845913263405,24944.95554214196,37401.44065872862,26857.845913263405,26857.845913263405,0.0,0.0,0.0,0.0,0.0,0.0,0.0,0.0,0.0,1612.1031693623358,1612.1031693623358,1612.1031693623358,0.0,0.0,0.0,0.0,0.0,0.0,0.0,0.0,0.0,0.0,0.0,0.0,0.0,0.0,0.0,0.0,0.0,0.0,0.0,0.0,0.0,0.0,0.0,0.0,4452.516558995939,4452.516558995939,4452.516558995939,1612.1031693623358,1612.1031693623358,1612.1031693623358,151.21113714195695,151.21113714195695,151.21113714195695,3347.897897524504,3347.897897524504,3347.897897524504,-658.6956450328586,-658.6956450328586,-658.6956450328586,0.0,0.0,0.0,31310.362472259345
2017-10-11,26910.85662610447,18559.19872718437,31211.080663420114,26910.85662610447,26910.85662610447,0.0,0.0,0.0,0.0,0.0,0.0,0.0,0.0,0.0,-4204.29460594304,-4204.29460594304,-4204.29460594304,0.0,0.0,0.0,0.0,0.0,0.0,0.0,0.0,0.0,0.0,0.0,0.0,0.0,0.0,0.0,0.0,0.0,0.0,0.0,0.0,0.0,0.0,0.0,0.0,-1880.7380695852091,-1880.7380695852091,-1880.7380695852091,-4204.29460594304,-4204.29460594304,-4204.29460594304,282.80451655027207,282.80451655027207,282.80451655027207,2476.46779929895,2476.46779929895,2476.46779929895,-435.71577949139123,-435.71577949139123,-435.71577949139123,0.0,0.0,0.0,25030.11855651926
2017-10-12,26963.867338945536,15745.512217745776,29045.223686737427,26963.867338945536,26963.867338945536,0.0,0.0,0.0,0.0,0.0,0.0,0.0,0.0,0.0,-5979.85618266848,-5979.85618266848,-5979.85618266848,0.0,0.0,0.0,0.0,0.0,0.0,0.0,0.0,0.0,0.0,0.0,0.0,0.0,0.0,0.0,0.0,0.0,0.0,0.0,0.0,0.0,0.0,0.0,0.0,-4706.762187032454,-4706.762187032454,-4706.762187032454,-5979.85618266848,-5979.85618266848,-5979.85618266848,322.0132196567232,322.0132196567232,322.0132196567232,1219.9357873481936,1219.9357873481936,1219.9357873481936,-268.8550113688904,-268.8550113688904,-268.8550113688904,0.0,0.0,0.0,22257.10515191308
2017-10-13,27016.878051786593,19569.71396775376,32621.861865851373,27016.878051786593,27016.878051786593,0.0,0.0,0.0,0.0,0.0,0.0,0.0,0.0,0.0,0.0,0.0,0.0,0.0,0.0,0.0,0.0,0.0,0.0,0.0,0.0,0.0,0.0,0.0,0.0,0.0,0.0,0.0,0.0,0.0,0.0,0.0,0.0,0.0,0.0,0.0,0.0,-717.7822079131413,-717.7822079131413,-717.7822079131413,0.0,0.0,0.0,412.42030824657905,412.42030824657905,412.42030824657905,-965.6856366721914,-965.6856366721914,-965.6856366721914,-164.51687948752823,-164.51687948752823,-164.51687948752823,0.0,0.0,0.0,26299.095843873452
2017-10-14,27069.888764627653,15076.786966054064,28105.452585940257,27069.888764627653,27069.888764627653,0.0,0.0,0.0,0.0,0.0,0.0,0.0,0.0,0.0,0.0,0.0,0.0,0.0,0.0,0.0,0.0,0.0,0.0,0.0,0.0,0.0,0.0,0.0,0.0,0.0,0.0,0.0,0.0,0.0,0.0,0.0,0.0,0.0,0.0,0.0,0.0,-5296.793191942725,-5296.793191942725,-5296.793191942725,0.0,0.0,0.0,777.0706699856345,777.0706699856345,777.0706699856345,-5946.296305794738,-5946.296305794738,-5946.296305794738,-127.56755613362046,-127.56755613362046,-127.56755613362046,0.0,0.0,0.0,21773.095572684928
2017-10-15,27122.89947746872,17256.564190902733,30653.840355140215,27122.89947746872,27122.89947746872,0.0,0.0,0.0,0.0,0.0,0.0,0.0,0.0,0.0,0.0,0.0,0.0,0.0,0.0,0.0,0.0,0.0,0.0,0.0,0.0,0.0,0.0,0.0,0.0,0.0,0.0,0.0,0.0,0.0,0.0,0.0,0.0,0.0,0.0,0.0,0.0,-3109.643385260276,-3109.643385260276,-3109.643385260276,0.0,0.0,0.0,1387.3992980081143,1387.3992980081143,1387.3992980081143,-4335.85952620684,-4335.85952620684,-4335.85952620684,-161.18315706154993,-161.18315706154993,-161.18315706154993,0.0,0.0,0.0,24013.256092208445
2017-10-16,27175.910190309784,26722.24250990148,39213.543664344215,27175.910190309784,27175.910190309784,0.0,0.0,0.0,0.0,0.0,0.0,0.0,0.0,0.0,0.0,0.0,0.0,0.0,0.0,0.0,0.0,0.0,0.0,0.0,0.0,0.0,0.0,0.0,0.0,0.0,0.0,0.0,0.0,0.0,0.0,0.0,0.0,0.0,0.0,0.0,0.0,5778.182019242965,5778.182019242965,5778.182019242965,0.0,0.0,0.0,1841.3767270721378,1841.3767270721378,1841.3767270721378,4203.5399845213005,4203.5399845213005,4203.5399845213005,-266.73469235047304,-266.73469235047304,-266.73469235047304,0.0,0.0,0.0,32954.09220955275
2017-10-17,27228.920903150847,25360.99279465793,38464.47983811029,27228.920903150847,27228.920903150847,0.0,0.0,0.0,0.0,0.0,0.0,0.0,0.0,0.0,0.0,0.0,0.0,0.0,0.0,0.0,0.0,0.0,0.0,0.0,0.0,0.0,0.0,0.0,0.0,0.0,0.0,0.0,0.0,0.0,0.0,0.0,0.0,0.0,0.0,0.0,0.0,4535.41205912795,4535.41205912795,4535.41205912795,0.0,0.0,0.0,1631.227882086091,1631.227882086091,1631.227882086091,3347.897897522776,3347.897897522776,3347.897897522776,-443.7137204809183,-443.7137204809183,-443.7137204809183,0.0,0.0,0.0,31764.332962278797
2017-10-18,27281.93161599191,22870.766773993088,36185.82873656153,27281.93161599191,27281.93161599191,0.0,0.0,0.0,0.0,0.0,0.0,0.0,0.0,0.0,0.0,0.0,0.0,0.0,0.0,0.0,0.0,0.0,0.0,0.0,0.0,0.0,0.0,0.0,0.0,0.0,0.0,0.0,0.0,0.0,0.0,0.0,0.0,0.0,0.0,0.0,0.0,2383.9529491834196,2383.9529491834196,2383.9529491834196,0.0,0.0,0.0,597.186017099548,597.186017099548,597.186017099548,2476.4677993029404,2476.4677993029404,2476.4677993029404,-689.7008672190693,-689.7008672190693,-689.7008672190693,0.0,0.0,0.0,29665.88456517533
2017-10-19,27334.942328832978,20384.104605588767,33010.78222507953,27334.942328832978,27334.942328832978,0.0,0.0,0.0,0.0,0.0,0.0,0.0,0.0,0.0,0.0,0.0,0.0,0.0,0.0,0.0,0.0,0.0,0.0,0.0,0.0,0.0,0.0,0.0,0.0,0.0,0.0,0.0,0.0,0.0,0.0,0.0,0.0,0.0,0.0,0.0,0.0,-633.1610090065532,-633.1610090065532,-633.1610090065532,0.0,0.0,0.0,-852.7183789748979,-852.7183789748979,-852.7183789748979,1219.9357873443441,1219.9357873443441,1219.9357873443441,-1000.3784173760001,-1000.3784173760001,-1000.3784173760001,0.0,0.0,0.0,26701.781319826427
2017-10-20,27387.95304167403,16435.666732291527,29801.730006153182,27387.95304167403,27387.95304167403,0.0,0.0,0.0,0.0,0.0,0.0,0.0,0.0,0.0,0.0,0.0,0.0,0.0,0.0,0.0,0.0,0.0,0.0,0.0,0.0,0.0,0.0,0.0,0.0,0.0,0.0,0.0,0.0,0.0,0.0,0.0,0.0,0.0,0.0,0.0,0.0,-4332.6248302847625,-4332.6248302847625,-4332.6248302847625,0.0,0.0,0.0,-1997.3519908540063,-1997.3519908540063,-1997.3519908540063,-965.6856366729374,-965.6856366729374,-965.6856366729374,-1369.5872027578187,-1369.5872027578187,-1369.5872027578187,0.0,0.0,0.0,23055.328211389267
2017-10-21,27440.963754515094,10766.58252960298,23880.143712815614,27440.963754515094,27440.963754515094,0.0,0.0,0.0,0.0,0.0,0.0,0.0,0.0,0.0,0.0,0.0,0.0,0.0,0.0,0.0,0.0,0.0,0.0,0.0,0.0,0.0,0.0,0.0,0.0,0.0,0.0,0.0,0.0,0.0,0.0,0.0,0.0,0.0,0.0,0.0,0.0,-10080.936029340503,-10080.936029340503,-10080.936029340503,0.0,0.0,0.0,-2345.2127083016744,-2345.2127083016744,-2345.2127083016744,-5946.296305795207,-5946.296305795207,-5946.296305795207,-1789.4270152436197,-1789.4270152436197,-1789.4270152436197,0.0,0.0,0.0,17360.027725174594
2017-10-22,27493.97446735616,12726.76667684508,25604.31703322912,27493.97446735616,27493.97446735616,0.0,0.0,0.0,0.0,0.0,0.0,0.0,0.0,0.0,0.0,0.0,0.0,0.0,0.0,0.0,0.0,0.0,0.0,0.0,0.0,0.0,0.0,0.0,0.0,0.0,0.0,0.0,0.0,0.0,0.0,0.0,0.0,0.0,0.0,0.0,0.0,-8587.03192781131,-8587.03192781131,-8587.03192781131,0.0,0.0,0.0,-2000.7736094463792,-2000.7736094463792,-2000.7736094463792,-4335.859526207546,-4335.859526207546,-4335.859526207546,-2250.398792157382,-2250.398792157382,-2250.398792157382,0.0,0.0,0.0,18906.942539544852
2017-10-23,27546.98473318963,20941.996692351808,33956.03920191671,27546.98473318963,27546.98473318963,0.0,0.0,0.0,0.0,0.0,0.0,0.0,0.0,0.0,0.0,0.0,0.0,0.0,0.0,0.0,0.0,0.0,0.0,0.0,0.0,0.0,0.0,0.0,0.0,0.0,0.0,0.0,0.0,0.0,0.0,0.0,0.0,0.0,0.0,0.0,0.0,-69.27275442201692,-69.27275442201692,-69.27275442201692,0.0,0.0,0.0,-1531.2268650766525,-1531.2268650766525,-1531.2268650766525,4203.539984525497,4203.539984525497,4203.539984525497,-2741.5858738708603,-2741.5858738708603,-2741.5858738708603,0.0,0.0,0.0,27477.711978767613
2017-10-24,27599.994999023096,20164.565777111453,32351.12823553149,27599.994999023096,27599.994999023096,0.0,0.0,0.0,0.0,0.0,0.0,0.0,0.0,0.0,0.0,0.0,0.0,0.0,0.0,0.0,0.0,0.0,0.0,0.0,0.0,0.0,0.0,0.0,0.0,0.0,0.0,0.0,0.0,0.0,0.0,0.0,0.0,0.0,0.0,0.0,0.0,-1355.0606430638416,-1355.0606430638416,-1355.0606430638416,0.0,0.0,0.0,-1452.0877989597864,-1452.0877989597864,-1452.0877989597864,3347.8978975256223,3347.8978975256223,3347.8978975256223,-3250.870741629675,-3250.870741629675,-3250.870741629675,0.0,0.0,0.0,26244.934355959256
2017-10-25,27653.005264856565,17957.872831271146,30995.04742999103,27653.005264856565,27653.005264856565,0.0,0.0,0.0,0.0,0.0,0.0,0.0,0.0,0.0,0.0,0.0,0.0,0.0,0.0,0.0,0.0,0.0,0.0,0.0,0.0,0.0,0.0,0.0,0.0,0.0,0.0,0.0,0.0,0.0,0.0,0.0,0.0,0.0,0.0,0.0,0.0,-3077.267609422699,-3077.267609422699,-3077.267609422699,0.0,0.0,0.0,-1788.5525815952933,-1788.5525815952933,-1788.5525815952933,2476.4677993013497,2476.4677993013497,2476.4677993013497,-3765.182827128756,-3765.182827128756,-3765.182827128756,0.0,0.0,0.0,24575.737655433866
2017-10-26,27706.015530690038,16141.39893627682,28960.793512953875,27706.015530690038,27706.015530690038,0.0,0.0,0.0,0.0,0.0,0.0,0.0,0.0,0.0,0.0,0.0,0.0,0.0,0.0,0.0,0.0,0.0,0.0,0.0,0.0,0.0,0.0,0.0,0.0,0.0,0.0,0.0,0.0,0.0,0.0,0.0,0.0,0.0,0.0,0.0,0.0,-5143.747138353917,-5143.747138353917,-5143.747138353917,0.0,0.0,0.0,-2092.9106634455043,-2092.9106634455043,-2092.9106634455043,1219.9357873401043,1219.9357873401043,1219.9357873401043,-4270.772262248515,-4270.772262248515,-4270.772262248515,0.0,0.0,0.0,22562.268392336122
2017-10-27,27759.025796523503,13817.303114124254,26585.665883371283,27759.025796523503,27759.025796523503,0.0,0.0,0.0,0.0,0.0,0.0,0.0,0.0,0.0,0.0,0.0,0.0,0.0,0.0,0.0,0.0,0.0,0.0,0.0,0.0,0.0,0.0,0.0,0.0,0.0,0.0,0.0,0.0,0.0,0.0,0.0,0.0,0.0,0.0,0.0,0.0,-7599.08389244486,-7599.08389244486,-7599.08389244486,0.0,0.0,0.0,-1879.894431853422,-1879.894431853422,-1879.894431853422,-965.6856366720526,-965.6856366720526,-965.6856366720526,-4753.503823919384,-4753.503823919384,-4753.503823919384,0.0,0.0,0.0,20159.941904078645
2017-10-28,27812.036062356972,8800.80894495698,21698.85031372324,27812.036062356972,27812.036062356972,0.0,0.0,0.0,0.0,0.0,0.0,0.0,0.0,0.0,0.0,0.0,0.0,0.0,0.0,0.0,0.0,0.0,0.0,0.0,0.0,0.0,0.0,0.0,0.0,0.0,0.0,0.0,0.0,0.0,0.0,0.0,0.0,0.0,0.0,0.0,0.0,-12215.83379732041,-12215.83379732041,-12215.83379732041,0.0,0.0,0.0,-1070.3726526471794,-1070.3726526471794,-1070.3726526471794,-5946.296305795677,-5946.296305795677,-5946.296305795677,-5199.164838877557,-5199.164838877557,-5199.164838877557,0.0,0.0,0.0,15596.202265036562
2017-10-29,27865.046328190438,10943.01904648876,24750.488133022423,27865.046328190438,27865.046328190438,0.0,0.0,0.0,0.0,0.0,0.0,0.0,0.0,0.0,0.0,0.0,0.0,0.0,0.0,0.0,0.0,0.0,0.0,0.0,0.0,0.0,0.0,0.0,0.0,0.0,0.0,0.0,0.0,0.0,0.0,0.0,0.0,0.0,0.0,0.0,0.0,-9977.352733109481,-9977.352733109481,-9977.352733109481,0.0,0.0,0.0,-47.712749707637684,-47.712749707637684,-47.712749707637684,-4335.859526212784,-4335.859526212784,-4335.859526212784,-5593.78045718906,-5593.78045718906,-5593.78045718906,0.0,0.0,0.0,17887.693595080957
2017-10-30,27918.05659402391,20678.423701571635,33608.3232057358,27918.05659402391,27918.05659402391,0.0,0.0,0.0,0.0,0.0,0.0,0.0,0.0,0.0,0.0,0.0,0.0,0.0,0.0,0.0,0.0,0.0,0.0,0.0,0.0,0.0,0.0,0.0,0.0,0.0,0.0,0.0,0.0,0.0,0.0,0.0,0.0,0.0,0.0,0.0,0.0,-1024.326518326059,-1024.326518326059,-1024.326518326059,0.0,0.0,0.0,696.0629871052965,696.0629871052965,696.0629871052965,4203.5399845095035,4203.5399845095035,4203.5399845095035,-5923.929489940859,-5923.929489940859,-5923.929489940859,0.0,0.0,0.0,26893.73007569785
2017-10-31,27971.066859857376,19365.29679438811,32580.38807461517,27971.066859857376,27971.066859857376,0.0,0.0,0.0,0.0,0.0,0.0,0.0,0.0,0.0,0.0,0.0,0.0,0.0,0.0,0.0,0.0,0.0,0.0,0.0,0.0,0.0,0.0,0.0,0.0,0.0,0.0,0.0,0.0,0.0,0.0,0.0,0.0,0.0,0.0,0.0,0.0,-1855.4340030630817,-1855.4340030630817,-1855.4340030630817,0.0,0.0,0.0,973.7220397043096,973.7220397043096,973.7220397043096,3347.897897523894,3347.897897523894,3347.897897523894,-6177.053940291285,-6177.053940291285,-6177.053940291285,0.0,0.0,0.0,26115.632856794295
2017-11-01,28024.077125690845,18358.425551297154,31925.048694147004,28024.077125690845,28024.077125690845,0.0,0.0,0.0,0.0,0.0,0.0,0.0,0.0,0.0,0.0,0.0,0.0,0.0,0.0,0.0,0.0,0.0,0.0,0.0,0.0,0.0,0.0,0.0,0.0,0.0,0.0,0.0,0.0,0.0,0.0,0.0,0.0,0.0,0.0,0.0,0.0,-2868.718477750157,-2868.718477750157,-2868.718477750157,0.0,0.0,0.0,996.5691629584348,996.5691629584348,996.5691629584348,2476.467799299759,2476.467799299759,2476.467799299759,-6341.755440008351,-6341.755440008351,-6341.755440008351,0.0,0.0,0.0,25155.358647940688
2017-11-02,28077.08739152431,17291.517829218516,30726.70256486553,28077.08739152431,28077.08739152431,0.0,0.0,0.0,0.0,0.0,0.0,0.0,0.0,0.0,0.0,0.0,0.0,0.0,0.0,0.0,0.0,0.0,0.0,0.0,0.0,0.0,0.0,0.0,0.0,0.0,0.0,0.0,0.0,0.0,0.0,0.0,0.0,0.0,0.0,0.0,0.0,-4093.8647545066947,-4093.8647545066947,-4093.8647545066947,0.0,0.0,0.0,1094.2714922878565,1094.2714922878565,1094.2714922878565,1219.9357873464762,1219.9357873464762,1219.9357873464762,-6408.072034141027,-6408.072034141027,-6408.072034141027,0.0,0.0,0.0,23983.222637017614
2017-11-03,28130.09765735778,15060.058479231016,28163.682340995358,28130.09765735778,28130.09765735778,0.0,0.0,0.0,0.0,0.0,0.0,0.0,0.0,0.0,0.0,0.0,0.0,0.0,0.0,0.0,0.0,0.0,0.0,0.0,0.0,0.0,0.0,0.0,0.0,0.0,0.0,0.0,0.0,0.0,0.0,0.0,0.0,0.0,0.0,0.0,0.0,-5972.0867786906465,-5972.0867786906465,-5972.0867786906465,0.0,0.0,0.0,1361.3279878891965,1361.3279878891965,1361.3279878891965,-965.6856366727992,-965.6856366727992,-965.6856366727992,-6367.729129907045,-6367.729129907045,-6367.729129907045,0.0,0.0,0.0,22158.010878667134
2017-11-04,28183.10792319125,11160.464252393927,23847.596569353744,28183.10792319125,28183.10792319125,0.0,0.0,0.0,0.0,0.0,0.0,0.0,0.0,0.0,0.0,0.0,0.0,0.0,0.0,0.0,0.0,0.0,0.0,0.0,0.0,0.0,0.0,0.0,0.0,0.0,0.0,0.0,0.0,0.0,0.0,0.0,0.0,0.0,0.0,0.0,0.0,-10582.981865205253,-10582.981865205253,-10582.981865205253,0.0,0.0,0.0,1577.6733750095286,1577.6733750095286,1577.6733750095286,-5946.296305797138,-5946.296305797138,-5946.296305797138,-6214.3589344176435,-6214.3589344176435,-6214.3589344176435,0.0,0.0,0.0,17600.126057986
2017-11-05,28236.118189024717,13131.678611723453,25954.10484128531,28236.118189024717,28236.118189024717,0.0,0.0,0.0,0.0,0.0,0.0,0.0,0.0,0.0,0.0,0.0,0.0,0.0,0.0,0.0,0.0,0.0,0.0,0.0,0.0,0.0,0.0,0.0,0.0,0.0,0.0,0.0,0.0,0.0,0.0,0.0,0.0,0.0,0.0,0.0,0.0,-8818.257899136752,-8818.257899136752,-8818.257899136752,0.0,0.0,0.0,1461.2849659422052,1461.2849659422052,1461.2849659422052,-4335.859526208799,-4335.859526208799,-4335.859526208799,-5943.683338870156,-5943.683338870156,-5943.683338870156,0.0,0.0,0.0,19417.860289887965
2017-11-06,28289.128454858186,21256.529141863197,33987.745612738305,28289.128454858186,28289.128454858186,0.0,0.0,0.0,0.0,0.0,0.0,0.0,0.0,0.0,0.0,0.0,0.0,0.0,0.0,0.0,0.0,0.0,0.0,0.0,0.0,0.0,0.0,0.0,0.0,0.0,0.0,0.0,0.0,0.0,0.0,0.0,0.0,0.0,0.0,0.0,0.0,-369.2163586940724,-369.2163586940724,-369.2163586940724,0.0,0.0,0.0,980.8996075556764,980.8996075556764,980.8996075556764,4203.5399845137,4203.5399845137,4203.5399845137,-5553.655950763448,-5553.655950763448,-5553.655950763448,0.0,0.0,0.0,27919.912096164113
2017-11-07,28342.13872069165,20222.35745672687,33081.757988894286,28342.13872069165,28342.13872069165,0.0,0.0,0.0,0.0,0.0,0.0,0.0,0.0,0.0,0.0,0.0,0.0,0.0,0.0,0.0,0.0,0.0,0.0,0.0,0.0,0.0,0.0,0.0,0.0,0.0,0.0,0.0,0.0,0.0,0.0,0.0,0.0,0.0,0.0,0.0,0.0,-1286.0790376270288,-1286.0790376270288,-1286.0790376270288,0.0,0.0,0.0,410.5828798348877,410.5828798348877,410.5828798348877,3347.8978975216733,3347.8978975216733,3347.8978975216733,-5044.5598149835905,-5044.5598149835905,-5044.5598149835905,0.0,0.0,0.0,27056.059683064625
2017-11-08,28395.148986525124,19966.28707662591,33212.554305309,28395.148986525124,28395.148986525124,0.0,0.0,0.0,0.0,0.0,0.0,0.0,0.0,0.0,0.0,0.0,0.0,0.0,0.0,0.0,0.0,0.0,0.0,0.0,0.0,0.0,0.0,0.0,0.0,0.0,0.0,0.0,0.0,0.0,0.0,0.0,0.0,0.0,0.0,0.0,0.0,-1863.0859209849043,-1863.0859209849043,-1863.0859209849043,0.0,0.0,0.0,79.50456088517969,79.50456088517969,79.50456088517969,2476.467799298168,2476.467799298168,2476.467799298168,-4419.058281168252,-4419.058281168252,-4419.058281168252,0.0,0.0,0.0,26532.06306554022
2017-11-09,28448.15925235859,19332.06771210383,32249.895126297437,28448.15925235859,28448.15925235859,0.0,0.0,0.0,0.0,0.0,0.0,0.0,0.0,0.0,0.0,0.0,0.0,0.0,0.0,0.0,0.0,0.0,0.0,0.0,0.0,0.0,0.0,0.0,0.0,0.0,0.0,0.0,0.0,0.0,0.0,0.0,0.0,0.0,0.0,0.0,0.0,-2382.889947569538,-2382.889947569538,-2382.889947569538,0.0,0.0,0.0,79.37171435432954,79.37171435432954,79.37171435432954,1219.9357873426268,1219.9357873426268,1219.9357873426268,-3682.197449266495,-3682.197449266495,-3682.197449266495,0.0,0.0,0.0,26065.26930478905
2017-11-10,28501.169518192055,18666.341805888795,32124.791039157655,28501.169518192055,28501.169518192055,0.0,0.0,0.0,0.0,0.0,0.0,0.0,0.0,0.0,0.0,0.0,0.0,0.0,0.0,0.0,0.0,0.0,0.0,0.0,0.0,0.0,0.0,0.0,0.0,0.0,0.0,0.0,0.0,0.0,0.0,0.0,0.0,0.0,0.0,0.0,0.0,-3579.8755691847987,-3579.8755691847987,-3579.8755691847987,0.0,0.0,0.0,227.16970438922502,227.16970438922502,227.16970438922502,-965.6856366719142,-965.6856366719142,-965.6856366719142,-2841.3596369021093,-2841.3596369021093,-2841.3596369021093,0.0,0.0,0.0,24921.293949007257
2017-11-11,28554.179304177866,14036.375647985933,27373.99070493779,28554.179304177866,28554.179304177866,0.0,0.0,0.0,0.0,0.0,0.0,0.0,0.0,0.0,0.0,0.0,0.0,0.0,0.0,0.0,0.0,0.0,0.0,0.0,0.0,0.0,0.0,0.0,0.0,0.0,0.0,0.0,0.0,0.0,0.0,0.0,0.0,0.0,0.0,0.0,0.0,-7541.965141006498,-7541.965141006498,-7541.965141006498,0.0,0.0,0.0,310.4995041627924,310.4995041627924,310.4995041627924,-5946.296305797608,-5946.296305797608,-5946.296305797608,-1906.1683393716835,-1906.1683393716835,-1906.1683393716835,0.0,0.0,0.0,21012.214163171368
2017-11-12,28607.18909016368,17074.959897158842,30010.068599025195,28607.18909016368,28607.18909016368,0.0,0.0,0.0,0.0,0.0,0.0,0.0,0.0,0.0,0.0,0.0,0.0,0.0,0.0,0.0,0.0,0.0,0.0,0.0,0.0,0.0,0.0,0.0,0.0,0.0,0.0,0.0,0.0,0.0,0.0,0.0,0.0,0.0,0.0,0.0,0.0,-4879.48169483262,-4879.48169483262,-4879.48169483262,0.0,0.0,0.0,344.7240055949272,344.7240055949272,344.7240055949272,-4335.859526204815,-4335.859526204815,-4335.859526204815,-888.3461742227321,-888.3461742227321,-888.3461742227321,0.0,0.0,0.0,23727.70739533106
2017-11-13,28660.198876149498,26803.958655140374,39976.0012549983,28660.198876149498,28660.198876149498,0.0,0.0,0.0,0.0,0.0,0.0,0.0,0.0,0.0,0.0,0.0,0.0,0.0,0.0,0.0,0.0,0.0,0.0,0.0,0.0,0.0,0.0,0.0,0.0,0.0,0.0,0.0,0.0,0.0,0.0,0.0,0.0,0.0,0.0,0.0,0.0,4955.093555391743,4955.093555391743,4955.093555391743,0.0,0.0,0.0,553.0818662075619,553.0818662075619,553.0818662075619,4203.539984517896,4203.539984517896,4203.539984517896,198.47170466628464,198.47170466628464,198.47170466628464,0.0,0.0,0.0,33615.29243154124
2017-11-14,28713.208662135305,28109.930988308373,40704.25342569239,28713.208662135305,28713.208662135305,0.0,0.0,0.0,0.0,0.0,0.0,0.0,0.0,0.0,0.0,0.0,0.0,0.0,0.0,0.0,0.0,0.0,0.0,0.0,0.0,0.0,0.0,0.0,0.0,0.0,0.0,0.0,0.0,0.0,0.0,0.0,0.0,0.0,0.0,0.0,0.0,5756.080073917329,5756.080073917329,5756.080073917329,0.0,0.0,0.0,1069.2168818325538,1069.2168818325538,1069.2168818325538,3347.897897525506,3347.897897525506,3347.897897525506,1338.9652945592693,1338.9652945592693,1338.9652945592693,0.0,0.0,0.0,34469.28873605264
2017-11-15,28766.218448121115,28669.888377938274,41916.130638360104,28766.218448121115,28766.218448121115,0.0,0.0,0.0,0.0,0.0,0.0,0.0,0.0,0.0,0.0,0.0,0.0,0.0,0.0,0.0,0.0,0.0,0.0,0.0,0.0,0.0,0.0,0.0,0.0,0.0,0.0,0.0,0.0,0.0,0.0,0.0,0.0,0.0,0.0,0.0,0.0,6661.452726007795,6661.452726007795,6661.452726007795,0.0,0.0,0.0,1668.5906975847543,1668.5906975847543,1668.5906975847543,2476.467799302159,2476.467799302159,2476.467799302159,2516.3942291208828,2516.3942291208828,2516.3942291208828,0.0,0.0,0.0,35427.67117412891
2017-11-16,28819.22823410693,28922.258807784918,42368.83689220552,28819.22823410693,28819.22823410693,0.0,0.0,0.0,0.0,0.0,0.0,0.0,0.0,0.0,0.0,0.0,0.0,0.0,0.0,0.0,0.0,0.0,0.0,0.0,0.0,0.0,0.0,0.0,0.0,0.0,0.0,0.0,0.0,0.0,0.0,0.0,0.0,0.0,0.0,0.0,0.0,6775.002078056399,6775.002078056399,6775.002078056399,0.0,0.0,0.0,1842.1723199224728,1842.1723199224728,1842.1723199224728,1219.9357873493893,1219.9357873493893,1219.9357873493893,3712.8939707845375,3712.8939707845375,3712.8939707845375,0.0,0.0,0.0,35594.23031216333
2017-11-17,28872.238020092736,27594.216712882808,40130.64908645942,28872.238020092736,28872.238020092736,0.0,0.0,0.0,0.0,0.0,0.0,0.0,0.0,0.0,0.0,0.0,0.0,0.0,0.0,0.0,0.0,0.0,0.0,0.0,0.0,0.0,0.0,0.0,0.0,0.0,0.0,0.0,0.0,0.0,0.0,0.0,0.0,0.0,0.0,0.0,0.0,5148.467840889087,5148.467840889087,5148.467840889087,0.0,0.0,0.0,1204.3555406332193,1204.3555406332193,1204.3555406332193,-965.6856366773736,-965.6856366773736,-965.6856366773736,4909.79793693324,4909.79793693324,4909.79793693324,0.0,0.0,0.0,34020.70586098182
2017-11-18,28925.24780607855,22133.17856193842,35320.58138724104,28925.24780607855,28925.24780607855,0.0,0.0,0.0,0.0,0.0,0.0,0.0,0.0,0.0,0.0,0.0,0.0,0.0,0.0,0.0,0.0,0.0,0.0,0.0,0.0,0.0,0.0,0.0,0.0,0.0,0.0,0.0,0.0,0.0,0.0,0.0,0.0,0.0,0.0,0.0,0.0,22.17644484690177,22.17644484690177,22.17644484690177,0.0,0.0,0.0,-119.50647245547052,-119.50647245547052,-119.50647245547052,-5946.2963058042005,-5946.2963058042005,-5946.2963058042005,6087.979223106572,6087.979223106572,6087.979223106572,0.0,0.0,0.0,28947.42425092545
2017-11-19,28978.25759206436,24187.57027681329,37190.5557119228,28978.25759206436,28978.25759206436,0.0,0.0,0.0,0.0,0.0,0.0,0.0,0.0,0.0,0.0,0.0,0.0,0.0,0.0,0.0,0.0,0.0,0.0,0.0,0.0,0.0,0.0,0.0,0.0,0.0,0.0,0.0,0.0,0.0,0.0,0.0,0.0,0.0,0.0,0.0,0.0,1386.716246903556,1386.716246903556,1386.716246903556,0.0,0.0,0.0,-1505.6293809240126,-1505.6293809240126,-1505.6293809240126,-4335.85952620083,-4335.85952620083,-4335.85952620083,7228.205154028399,7228.205154028399,7228.205154028399,0.0,0.0,0.0,30364.97383896792
2017-11-20,29031.267378050175,33205.57938539212,45941.63252958723,29031.267378050175,29031.267378050175,0.0,0.0,0.0,0.0,0.0,0.0,0.0,0.0,0.0,0.0,0.0,0.0,0.0,0.0,0.0,0.0,0.0,0.0,0.0,0.0,0.0,0.0,0.0,0.0,0.0,0.0,0.0,0.0,0.0,0.0,0.0,0.0,0.0,0.0,0.0,0.0,10235.60509302742,10235.60509302742,10235.60509302742,0.0,0.0,0.0,-2279.4324922792293,-2279.4324922792293,-2279.4324922792293,4203.539984511997,4203.539984511997,4203.539984511997,8311.49760079465,8311.49760079465,8311.49760079465,0.0,0.0,0.0,39266.87247107759
2017-11-21,29084.277164035986,32033.73374235459,44841.72074316283,29084.277164035986,29084.277164035986,0.0,0.0,0.0,-953.2687758328,-953.2687758328,-953.2687758328,0.0,0.0,0.0,0.0,0.0,0.0,0.0,0.0,0.0,0.0,0.0,0.0,0.0,0.0,0.0,0.0,0.0,0.0,0.0,0.0,0.0,0.0,0.0,0.0,0.0,0.0,0.0,0.0,0.0,0.0,9484.300957562109,9484.300957562109,9484.300957562109,-953.2687758328,-953.2687758328,-953.2687758328,-2229.820020913001,-2229.820020913001,-2229.820020913001,3347.897897523285,3347.897897523285,3347.897897523285,9319.491856784623,9319.491856784623,9319.491856784623,0.0,0.0,0.0,38568.5781215981
2017-11-22,29137.2869500218,24018.21448325679,36722.73163851869,29137.2869500218,29137.2869500218,0.0,0.0,0.0,-9677.2378664752,-9677.2378664752,-9677.2378664752,0.0,0.0,0.0,0.0,0.0,0.0,0.0,0.0,0.0,0.0,0.0,0.0,0.0,0.0,0.0,0.0,0.0,0.0,0.0,0.0,0.0,0.0,0.0,0.0,0.0,0.0,0.0,0.0,0.0,0.0,1292.5829675782416,1292.5829675782416,1292.5829675782416,-9677.2378664752,-9677.2378664752,-9677.2378664752,-1741.4338336529388,-1741.4338336529388,-1741.4338336529388,2476.467799300568,2476.467799300568,2476.467799300568,10234.786868405812,10234.786868405812,10234.786868405812,0.0,0.0,0.0,30429.86991760004
2017-11-23,29190.296736007615,42427.29597694469,55907.10854971495,29190.296736007615,29190.296736007615,0.0,0.0,0.0,9233.766498425279,9233.766498425279,9233.766498425279,0.0,0.0,0.0,0.0,0.0,0.0,0.0,0.0,0.0,0.0,0.0,0.0,0.0,0.0,0.0,0.0,0.0,0.0,0.0,0.0,0.0,0.0,0.0,0.0,0.0,0.0,0.0,0.0,0.0,0.0,20067.655303161348,20067.655303161348,20067.655303161348,9233.766498425279,9233.766498425279,9233.766498425279,-1427.3267526835498,-1427.3267526835498,-1427.3267526835498,1219.9357873451493,1219.9357873451493,1219.9357873451493,11041.279770074467,11041.279770074467,11041.279770074467,0.0,0.0,0.0,49257.95203916896
2017-11-24,29243.306521993425,159796.1305367188,172775.54068682235,29243.306521993425,29243.306521993425,0.0,0.0,0.0,127681.67458477759,127681.67458477759,127681.67458477759,0.0,0.0,0.0,0.0,0.0,0.0,0.0,0.0,0.0,0.0,0.0,0.0,0.0,0.0,0.0,0.0,0.0,0.0,0.0,0.0,0.0,0.0,0.0,0.0,0.0,0.0,0.0,0.0,0.0,0.0,136851.37634561173,136851.37634561173,136851.37634561173,127681.67458477759,127681.67458477759,127681.67458477759,-1589.0905747940833,-1589.0905747940833,-1589.0905747940833,-965.685636682832,-965.685636682832,-965.685636682832,11724.477972311039,11724.477972311039,11724.477972311039,0.0,0.0,0.0,166094.68286760515
2017-11-25,29296.31630797924,61410.18937433564,75029.2370213157,29296.31630797924,29296.31630797924,0.0,0.0,0.0,34646.6770056736,34646.6770056736,34646.6770056736,0.0,0.0,0.0,0.0,0.0,0.0,0.0,0.0,0.0,0.0,0.0,0.0,0.0,0.0,0.0,0.0,0.0,0.0,0.0,0.0,0.0,0.0,0.0,0.0,0.0,0.0,0.0,0.0,0.0,0.0,38991.578241115276,38991.578241115276,38991.578241115276,34646.6770056736,34646.6770056736,34646.6770056736,-1980.5849502159417,-1980.5849502159417,-1980.5849502159417,-5946.296305793417,-5946.296305793417,-5946.296305793417,12271.78249145104,12271.78249145104,12271.78249145104,0.0,0.0,0.0,68287.89454909452
2017-11-26,29349.326093965046,45610.01153439682,58284.27137069566,29349.326093965046,29349.326093965046,0.0,0.0,0.0,16110.36085389472,16110.36085389472,16110.36085389472,0.0,0.0,0.0,0.0,0.0,0.0,0.0,0.0,0.0,0.0,0.0,0.0,0.0,0.0,0.0,0.0,0.0,0.0,0.0,0.0,0.0,0.0,0.0,0.0,0.0,0.0,0.0,0.0,0.0,0.0,22378.58485813015,22378.58485813015,22378.58485813015,16110.36085389472,16110.36085389472,16110.36085389472,-2068.6532496374257,-2068.6532496374257,-2068.6532496374257,-4335.859526206067,-4335.859526206067,-4335.859526206067,12672.736780078922,12672.736780078922,12672.736780078922,0.0,0.0,0.0,51727.9109520952
2017-11-27,29402.33587995086,49192.76324555481,62238.63332804274,29402.33587995086,29402.33587995086,0.0,0.0,0.0,5372.21946235744,5372.21946235744,5372.21946235744,0.0,0.0,0.0,0.0,0.0,0.0,5372.21946235744,5372.21946235744,5372.21946235744,0.0,0.0,0.0,0.0,0.0,0.0,0.0,0.0,0.0,0.0,0.0,0.0,0.0,0.0,0.0,0.0,0.0,0.0,0.0,0.0,0.0,26333.369832214656,26333.369832214656,26333.369832214656,10744.43892471488,10744.43892471488,10744.43892471488,-1533.8450836630514,-1533.8450836630514,-1533.8450836630514,4203.539984513864,4203.539984513864,4203.539984513864,12919.236006648965,12919.236006648965,12919.236006648965,0.0,0.0,0.0,55735.705712165516
2017-11-28,29455.34566593667,48761.82493700175,61552.20011921516,29455.34566593667,29455.34566593667,0.0,0.0,0.0,0.0,0.0,0.0,0.0,0.0,0.0,0.0,0.0,0.0,9968.619569901439,9968.619569901439,9968.619569901439,0.0,0.0,0.0,0.0,0.0,0.0,0.0,0.0,0.0,0.0,0.0,0.0,0.0,0.0,0.0,0.0,0.0,0.0,0.0,0.0,0.0,25770.41761439911,25770.41761439911,25770.41761439911,9968.619569901439,9968.619569901439,9968.619569901439,-551.7923798041553,-551.7923798041553,-551.7923798041553,3347.897897521557,3347.897897521557,3347.897897521557,13005.692526780265,13005.692526780265,13005.692526780265,0.0,0.0,0.0,55225.763280335785
2017-11-29,29504.758325925908,38820.91223150285,52376.05894682303,29504.758325925908,29504.758325925908,0.0,0.0,0.0,0.0,0.0,0.0,0.0,0.0,0.0,0.0,0.0,0.0,0.0,0.0,0.0,0.0,0.0,0.0,0.0,0.0,0.0,0.0,0.0,0.0,0.0,0.0,0.0,0.0,0.0,0.0,0.0,0.0,0.0,0.0,0.0,0.0,15786.760581437098,15786.760581437098,15786.760581437098,0.0,0.0,0.0,381.1386116397662,381.1386116397662,381.1386116397662,2476.4677993021955,2476.4677993021955,2476.4677993021955,12929.154170495138,12929.154170495138,12929.154170495138,0.0,0.0,0.0,45291.518907363
2017-11-30,29554.170985915145,37662.00144612072,50789.77179295312,29554.170985915145,29554.170985915145,0.0,0.0,0.0,0.0,0.0,0.0,0.0,0.0,0.0,0.0,0.0,0.0,0.0,0.0,0.0,0.0,0.0,0.0,0.0,0.0,0.0,0.0,0.0,0.0,0.0,0.0,0.0,0.0,0.0,0.0,0.0,0.0,0.0,0.0,0.0,0.0,14796.679148481748,14796.679148481748,14796.679148481748,0.0,0.0,0.0,887.3704401835261,887.3704401835261,887.3704401835261,1219.9357873466058,1219.9357873466058,1219.9357873466058,12689.372920951615,12689.372920951615,12689.372920951615,0.0,0.0,0.0,44350.8501343969
2017-12-01,29603.583645904386,35375.60941127759,48378.759424451455,29603.583645904386,29603.583645904386,0.0,0.0,0.0,0.0,0.0,0.0,0.0,0.0,0.0,0.0,0.0,0.0,0.0,0.0,0.0,0.0,0.0,0.0,0.0,0.0,0.0,0.0,0.0,0.0,0.0,0.0,0.0,0.0,0.0,0.0,0.0,0.0,0.0,0.0,0.0,0.0,12317.498866643624,12317.498866643624,12317.498866643624,0.0,0.0,0.0,994.3619423545198,994.3619423545198,994.3619423545198,-965.6856366772349,-965.6856366772349,-965.6856366772349,12288.822560966339,12288.822560966339,12288.822560966339,0.0,0.0,0.0,41921.08251254801
2017-12-02,29652.99630589362,29926.67518796843,42626.09536902415,29652.99630589362,29652.99630589362,0.0,0.0,0.0,0.0,0.0,0.0,0.0,0.0,0.0,0.0,0.0,0.0,0.0,0.0,0.0,0.0,0.0,0.0,0.0,0.0,0.0,0.0,0.0,0.0,0.0,0.0,0.0,0.0,0.0,0.0,0.0,0.0,0.0,0.0,0.0,0.0,6808.176621766769,6808.176621766769,6808.176621766769,0.0,0.0,0.0,1021.80803449741,1021.80803449741,1021.80803449741,-5946.296305800007,-5946.296305800007,-5946.296305800007,11732.664893069368,11732.664893069368,11732.664893069368,0.0,0.0,0.0,36461.17292766039
2017-12-03,29702.40896588286,31096.61705083229,44490.1924501674,29702.40896588286,29702.40896588286,0.0,0.0,0.0,0.0,0.0,0.0,0.0,0.0,0.0,0.0,0.0,0.0,0.0,0.0,0.0,0.0,0.0,0.0,0.0,0.0,0.0,0.0,0.0,0.0,0.0,0.0,0.0,0.0,0.0,0.0,0.0,0.0,0.0,0.0,0.0,0.0,7907.564485466495,7907.564485466495,7907.564485466495,0.0,0.0,0.0,1214.758836282783,1214.758836282783,1214.758836282783,-4335.859526220685,-4335.859526220685,-4335.859526220685,11028.665175404398,11028.665175404398,11028.665175404398,0.0,0.0,0.0,37609.97345134935
2017-12-04,29751.821625872097,38895.59890625722,52031.92743076394,29751.821625872097,29751.821625872097,0.0,0.0,0.0,0.0,0.0,0.0,0.0,0.0,0.0,0.0,0.0,0.0,0.0,0.0,0.0,0.0,0.0,0.0,0.0,0.0,0.0,0.0,0.0,0.0,0.0,0.0,0.0,0.0,0.0,0.0,0.0,0.0,0.0,0.0,0.0,0.0,15886.919577833509,15886.919577833509,15886.919577833509,0.0,0.0,0.0,1496.321155385241,1496.321155385241,1496.321155385241,4203.539984515731,4203.539984515731,4203.539984515731,10187.058437932536,10187.058437932536,10187.058437932536,0.0,0.0,0.0,45638.741203705606
2017-12-05,29801.234285861334,37294.76503562293,50725.80530761438,29801.234285861334,29801.234285861334,0.0,0.0,0.0,0.0,0.0,0.0,0.0,0.0,0.0,0.0,0.0,0.0,0.0,0.0,0.0,0.0,0.0,0.0,0.0,0.0,0.0,0.0,0.0,0.0,0.0,0.0,0.0,0.0,0.0,0.0,0.0,0.0,0.0,0.0,0.0,0.0,14139.585646030671,14139.585646030671,14139.585646030671,0.0,0.0,0.0,1571.3184185707826,1571.3184185707826,1571.3184185707826,3347.8978975198293,3347.8978975198293,3347.8978975198293,9220.369329940058,9220.369329940058,9220.369329940058,0.0,0.0,0.0,43940.81993189201
2017-12-06,29850.64694585057,35658.67451535166,48196.691040241145,29850.64694585057,29850.64694585057,0.0,0.0,0.0,0.0,0.0,0.0,0.0,0.0,0.0,0.0,0.0,0.0,0.0,0.0,0.0,0.0,0.0,0.0,0.0,0.0,0.0,0.0,0.0,0.0,0.0,0.0,0.0,0.0,0.0,0.0,0.0,0.0,0.0,0.0,0.0,0.0,11874.42826849421,11874.42826849421,11874.42826849421,0.0,0.0,0.0,1254.7713890678563,1254.7713890678563,1254.7713890678563,2476.4677992997495,2476.4677992997495,2476.4677992997495,8143.189080126603,8143.189080126603,8143.189080126603,0.0,0.0,0.0,41725.07521434478
2017-12-07,29900.059605839808,31886.05556224803,45419.1853195977,29900.059605839808,29900.059605839808,0.0,0.0,0.0,0.0,0.0,0.0,0.0,0.0,0.0,0.0,0.0,0.0,0.0,0.0,0.0,0.0,0.0,0.0,0.0,0.0,0.0,0.0,0.0,0.0,0.0,0.0,0.0,0.0,0.0,0.0,0.0,0.0,0.0,0.0,0.0,0.0,8875.438272401598,8875.438272401598,8875.438272401598,0.0,0.0,0.0,683.5884794638557,683.5884794638557,683.5884794638557,1219.9357873476717,1219.9357873476717,1219.9357873476717,6971.914005590071,6971.914005590071,6971.914005590071,0.0,0.0,0.0,38775.497878241404
2017-12-08,29949.47226582905,28321.20244327266,41022.64568268754,29949.47226582905,29949.47226582905,0.0,0.0,0.0,0.0,0.0,0.0,0.0,0.0,0.0,0.0,0.0,0.0,0.0,0.0,0.0,0.0,0.0,0.0,0.0,0.0,0.0,0.0,0.0,0.0,0.0,0.0,0.0,0.0,0.0,0.0,0.0,0.0,0.0,0.0,0.0,0.0,4960.461847186039,4960.461847186039,4960.461847186039,0.0,0.0,0.0,201.69671595528368,201.69671595528368,201.69671595528368,-965.6856366763504,-965.6856366763504,-965.6856366763504,5724.450767907108,5724.450767907108,5724.450767907108,0.0,0.0,0.0,34909.934113015086
2017-12-09,29998.88492581828,21536.205121791943,34498.741006524724,29998.88492581828,29998.88492581828,0.0,0.0,0.0,0.0,0.0,0.0,0.0,0.0,0.0,0.0,0.0,0.0,0.0,0.0,0.0,0.0,0.0,0.0,0.0,0.0,0.0,0.0,0.0,0.0,0.0,0.0,0.0,0.0,0.0,0.0,0.0,0.0,0.0,0.0,0.0,0.0,-1481.3975490936587,-1481.3975490936587,-1481.3975490936587,0.0,0.0,0.0,45.00452877820836,45.00452877820836,45.00452877820836,-5946.296305800478,-5946.296305800478,-5946.296305800478,4419.89422792861,4419.89422792861,4419.89422792861,0.0,0.0,0.0,28517.487376724624
2017-12-10,30048.297585807522,22352.162430971428,35568.85250363821,30048.297585807522,30048.297585807522,0.0,0.0,0.0,0.0,0.0,0.0,0.0,0.0,0.0,0.0,0.0,0.0,0.0,0.0,0.0,0.0,0.0,0.0,0.0,0.0,0.0,0.0,0.0,0.0,0.0,0.0,0.0,0.0,0.0,0.0,0.0,0.0,0.0,0.0,0.0,0.0,-1106.4641069947204,-1106.4641069947204,-1106.4641069947204,0.0,0.0,0.0,151.21113714170417,151.21113714170417,151.21113714170417,-4335.859526212011,-4335.859526212011,-4335.859526212011,3078.184282075588,3078.184282075588,3078.184282075588,0.0,0.0,0.0,28941.8334788128
2017-12-11,30097.71024579676,29877.10595203239,42982.24698313261,30097.71024579676,30097.71024579676,0.0,0.0,0.0,0.0,0.0,0.0,0.0,0.0,0.0,0.0,0.0,0.0,0.0,0.0,0.0,0.0,0.0,0.0,0.0,0.0,0.0,0.0,0.0,0.0,0.0,0.0,0.0,0.0,0.0,0.0,0.0,0.0,0.0,0.0,0.0,0.0,6206.092962793152,6206.092962793152,6206.092962793152,0.0,0.0,0.0,282.8045165508307,282.8045165508307,282.8045165508307,4203.539984509832,4203.539984509832,4203.539984509832,1719.7484617324887,1719.7484617324887,1719.7484617324887,0.0,0.0,0.0,36303.80320858991
2017-12-12,30147.122905785996,27899.970336722483,40922.95415264949,30147.122905785996,30147.122905785996,0.0,0.0,0.0,0.0,0.0,0.0,0.0,0.0,0.0,0.0,0.0,0.0,0.0,0.0,0.0,0.0,0.0,0.0,0.0,0.0,0.0,0.0,0.0,0.0,0.0,0.0,0.0,0.0,0.0,0.0,0.0,0.0,0.0,0.0,0.0,0.0,4035.048452493019,4035.048452493019,4035.048452493019,0.0,0.0,0.0,322.01321965579524,322.01321965579524,322.01321965579524,3347.8978975231676,3347.8978975231676,3347.8978975231676,365.13733531405546,365.13733531405546,365.13733531405546,0.0,0.0,0.0,34182.17135827902
2017-12-13,30196.535565775233,25910.940451267204,38361.63266402556,30196.535565775233,30196.535565775233,0.0,0.0,0.0,0.0,0.0,0.0,0.0,0.0,0.0,0.0,0.0,0.0,0.0,0.0,0.0,0.0,0.0,0.0,0.0,0.0,0.0,0.0,0.0,0.0,0.0,0.0,0.0,0.0,0.0,0.0,0.0,0.0,0.0,0.0,0.0,0.0,1923.5479725994269,1923.5479725994269,1923.5479725994269,0.0,0.0,0.0,412.42030824533606,412.42030824533606,412.42030824533606,2476.467799300523,2476.467799300523,2476.467799300523,-965.3401349464314,-965.3401349464314,-965.3401349464314,0.0,0.0,0.0,32120.08353837466
2017-12-14,30245.94822576447,24066.59492607208,36647.77838086266,30245.94822576447,30245.94822576447,0.0,0.0,0.0,0.0,0.0,0.0,0.0,0.0,0.0,0.0,0.0,0.0,0.0,0.0,0.0,0.0,0.0,0.0,0.0,0.0,0.0,0.0,0.0,0.0,0.0,0.0,0.0,0.0,0.0,0.0,0.0,0.0,0.0,0.0,0.0,0.0,-254.96770691976303,-254.96770691976303,-254.96770691976303,0.0,0.0,0.0,777.0706699860306,777.0706699860306,777.0706699860306,1219.9357873487377,1219.9357873487377,1219.9357873487377,-2251.9741642545314,-2251.9741642545314,-2251.9741642545314,0.0,0.0,0.0,29990.980518844706
2017-12-15,30295.36088575371,20646.924530270946,33634.08133922368,30295.36088575371,30295.36088575371,0.0,0.0,0.0,0.0,0.0,0.0,0.0,0.0,0.0,0.0,0.0,0.0,0.0,0.0,0.0,0.0,0.0,0.0,0.0,0.0,0.0,0.0,0.0,0.0,0.0,0.0,0.0,0.0,0.0,0.0,0.0,0.0,0.0,0.0,0.0,0.0,-3054.284046925444,-3054.284046925444,-3054.284046925444,0.0,0.0,0.0,1387.3992980078806,1387.3992980078806,1387.3992980078806,-965.685636675467,-965.685636675467,-965.685636675467,-3475.9977082578575,-3475.9977082578575,-3475.9977082578575,0.0,0.0,0.0,27241.076838828267
2017-12-16,30344.773545742948,14955.316382967807,27559.37892102201,30344.773545742948,30344.773545742948,0.0,0.0,0.0,0.0,0.0,0.0,0.0,0.0,0.0,0.0,0.0,0.0,0.0,0.0,0.0,0.0,0.0,0.0,0.0,0.0,0.0,0.0,0.0,0.0,0.0,0.0,0.0,0.0,0.0,0.0,0.0,0.0,0.0,0.0,0.0,0.0,-8724.828983146386,-8724.828983146386,-8724.828983146386,0.0,0.0,0.0,1841.376727072094,1841.376727072094,1841.376727072094,-5946.296305800945,-5946.296305800945,-5946.296305800945,-4619.909404417534,-4619.909404417534,-4619.909404417534,0.0,0.0,0.0,21619.94456259656
2017-12-17,30394.186205732185,15578.79130942662,28269.076440498455,30394.186205732185,30394.186205732185,0.0,0.0,0.0,0.0,0.0,0.0,0.0,0.0,0.0,0.0,0.0,0.0,0.0,0.0,0.0,0.0,0.0,0.0,0.0,0.0,0.0,0.0,0.0,0.0,0.0,0.0,0.0,0.0,0.0,0.0,0.0,0.0,0.0,0.0,0.0,0.0,-8372.401379557308,-8372.401379557308,-8372.401379557308,0.0,0.0,0.0,1631.2278820866106,1631.2278820866106,1631.2278820866106,-4335.85952622663,-4335.85952622663,-4335.85952622663,-5667.769735417289,-5667.769735417289,-5667.769735417289,0.0,0.0,0.0,22021.784826174877
2017-12-18,30439.77705199121,26917.713486372,39873.26980770173,30439.77705199121,30439.77705199121,0.0,0.0,0.0,0.0,0.0,0.0,0.0,0.0,0.0,0.0,0.0,0.0,0.0,0.0,0.0,0.0,0.0,0.0,0.0,0.0,0.0,0.0,0.0,0.0,0.0,0.0,0.0,4523.49830234176,4523.49830234176,4523.49830234176,0.0,0.0,0.0,0.0,0.0,0.0,2718.7594640143393,2718.7594640143393,2718.7594640143393,4523.49830234176,4523.49830234176,4523.49830234176,597.1860171016074,597.1860171016074,597.1860171016074,4203.539984514028,4203.539984514028,4203.539984514028,-6605.464839943054,-6605.464839943054,-6605.464839943054,0.0,0.0,0.0,33158.536516005544
2017-12-19,30485.367898250235,17491.30514863887,30169.823808958587,30485.367898250235,30485.367898250235,0.0,0.0,0.0,0.0,0.0,0.0,0.0,0.0,0.0,0.0,0.0,0.0,0.0,0.0,0.0,0.0,0.0,0.0,0.0,0.0,0.0,0.0,0.0,0.0,0.0,0.0,0.0,-1345.788102714048,-1345.788102714048,-1345.788102714048,0.0,0.0,0.0,0.0,0.0,0.0,-6271.541673395277,-6271.541673395277,-6271.541673395277,-1345.788102714048,-1345.788102714048,-1345.788102714048,-852.7183789739914,-852.7183789739914,-852.7183789739914,3347.8978975209475,3347.8978975209475,3347.8978975209475,-7420.933089228186,-7420.933089228186,-7420.933089228186,0.0,0.0,0.0,24213.826224854958
2017-12-20,30530.958744509247,23579.401390970095,36209.300335835935,30530.958744509247,30530.958744509247,0.0,0.0,0.0,0.0,0.0,0.0,0.0,0.0,0.0,0.0,0.0,0.0,0.0,0.0,0.0,0.0,0.0,0.0,0.0,0.0,0.0,0.0,0.0,0.0,0.0,0.0,0.0,7280.079743229439,7280.079743229439,7280.079743229439,0.0,0.0,0.0,0.0,0.0,0.0,-345.15478582447975,-345.15478582447975,-345.15478582447975,7280.079743229439,7280.079743229439,7280.079743229439,-1997.3519908538321,-1997.3519908538321,-1997.3519908538321,2476.4677992989314,2476.4677992989314,2476.4677992989314,-8104.350337499019,-8104.350337499019,-8104.350337499019,0.0,0.0,0.0,30185.803958684766
2017-12-21,30576.54959076827,14595.615923343694,27352.913551846457,30576.54959076827,30576.54959076827,0.0,0.0,0.0,0.0,0.0,0.0,0.0,0.0,0.0,0.0,0.0,0.0,0.0,0.0,0.0,0.0,0.0,0.0,0.0,0.0,0.0,0.0,0.0,0.0,0.0,0.0,0.0,409.77995406835197,409.77995406835197,409.77995406835197,0.0,0.0,0.0,0.0,0.0,0.0,-9363.7675904367,-9363.7675904367,-9363.7675904367,409.77995406835197,409.77995406835197,409.77995406835197,-2345.212708300494,-2345.212708300494,-2345.212708300494,1219.935787344498,1219.935787344498,1219.935787344498,-8648.270623549055,-8648.270623549055,-8648.270623549055,0.0,0.0,0.0,21212.782000331572
2017-12-22,30622.14043702729,10776.735697015376,23446.974179933095,30622.14043702729,30622.14043702729,0.0,0.0,0.0,0.0,0.0,0.0,0.0,0.0,0.0,0.0,0.0,0.0,0.0,0.0,0.0,0.0,0.0,0.0,0.0,0.0,0.0,0.0,0.0,0.0,0.0,0.0,0.0,-1345.0526899991999,-1345.0526899991999,-1345.0526899991999,0.0,0.0,0.0,0.0,0.0,0.0,-13359.231966751664,-13359.231966751664,-13359.231966751664,-1345.0526899991999,-1345.0526899991999,-1345.0526899991999,-2000.7736094444067,-2000.7736094444067,-2000.7736094444067,-965.6856366698702,-965.6856366698702,-965.6856366698702,-9047.720030638187,-9047.720030638187,-9047.720030638187,0.0,0.0,0.0,17262.908470275626
2017-12-23,30667.73128328631,7538.974618726687,20918.570655400777,30667.73128328631,30667.73128328631,0.0,0.0,0.0,0.0,0.0,0.0,0.0,0.0,0.0,0.0,0.0,0.0,0.0,0.0,0.0,0.0,0.0,0.0,0.0,0.0,0.0,0.0,0.0,0.0,0.0,0.0,0.0,274.43069023708796,274.43069023708796,274.43069023708796,0.0,0.0,0.0,0.0,0.0,0.0,-16503.334863515753,-16503.334863515753,-16503.334863515753,274.43069023708796,274.43069023708796,274.43069023708796,-1531.2268650766182,-1531.2268650766182,-1531.2268650766182,-5946.296305796285,-5946.296305796285,-5946.296305796285,-9300.242382879935,-9300.242382879935,-9300.242382879935,0.0,0.0,0.0,14164.396419770557
2017-12-24,30713.322129545326,927.747463410443,13764.758103971573,30713.322129545326,30713.322129545326,0.0,0.0,0.0,0.0,0.0,0.0,0.0,0.0,0.0,0.0,0.0,0.0,0.0,0.0,0.0,0.0,0.0,0.0,0.0,0.0,0.0,0.0,0.0,0.0,0.0,0.0,0.0,-8195.35661044576,-8195.35661044576,-8195.35661044576,0.0,0.0,0.0,0.0,0.0,0.0,-23389.200382934556,-23389.200382934556,-23389.200382934556,-8195.35661044576,-8195.35661044576,-8195.35661044576,-1452.0877989600572,-1452.0877989600572,-1452.0877989600572,-4335.859526217954,-4335.859526217954,-4335.859526217954,-9405.896447310788,-9405.896447310788,-9405.896447310788,0.0,0.0,0.0,7324.12174661077
2017-12-25,30758.912975804345,6530.018160162989,19846.654400098672,30758.912975804345,30758.912975804345,0.0,0.0,0.0,0.0,0.0,0.0,0.0,0.0,0.0,0.0,0.0,0.0,0.0,0.0,0.0,0.0,0.0,0.0,0.0,0.0,0.0,0.0,0.0,0.0,0.0,0.0,0.0,-10659.27476635168,-10659.27476635168,-10659.27476635168,0.0,0.0,0.0,0.0,0.0,0.0,-17611.492664667578,-17611.492664667578,-17611.492664667578,-10659.27476635168,-10659.27476635168,-10659.27476635168,-1788.5525815951876,-1788.5525815951876,-1788.5525815951876,4203.539984518224,4203.539984518224,4203.539984518224,-9367.205301238935,-9367.205301238935,-9367.205301238935,0.0,0.0,0.0,13147.420311136768
2017-12-26,30804.503822063365,16476.73652365578,29359.58486821151,30804.503822063365,30804.503822063365,0.0,0.0,0.0,0.0,0.0,0.0,0.0,0.0,0.0,0.0,0.0,0.0,0.0,0.0,0.0,0.0,0.0,0.0,0.0,0.0,0.0,0.0,0.0,0.0,0.0,0.0,0.0,0.0,0.0,0.0,0.0,0.0,0.0,0.0,0.0,0.0,-7934.072259003806,-7934.072259003806,-7934.072259003806,0.0,0.0,0.0,-2092.9106634452637,-2092.9106634452637,-2092.9106634452637,3347.897897518726,3347.897897518726,3347.897897518726,-9189.059493077268,-9189.059493077268,-9189.059493077268,0.0,0.0,0.0,22870.43156305956
2017-12-27,30850.094668322385,16002.86064937889,29242.455566073142,30850.094668322385,30850.094668322385,0.0,0.0,0.0,0.0,0.0,0.0,0.0,0.0,0.0,0.0,0.0,0.0,0.0,0.0,0.0,0.0,0.0,0.0,0.0,0.0,0.0,0.0,0.0,0.0,0.0,0.0,0.0,0.0,0.0,0.0,0.0,0.0,0.0,0.0,0.0,0.0,-8282.003183932486,-8282.003183932486,-8282.003183932486,0.0,0.0,0.0,-1879.894431853246,-1879.894431853246,-1879.894431853246,2476.4677993029222,2476.4677993029222,2476.4677993029222,-8878.576551382159,-8878.576551382159,-8878.576551382159,0.0,0.0,0.0,22568.0914843899
2017-12-28,30895.685514581408,16272.955209989834,28868.28871095541,30895.685514581408,30895.685514581408,0.0,0.0,0.0,0.0,0.0,0.0,0.0,0.0,0.0,0.0,0.0,0.0,0.0,0.0,0.0,0.0,0.0,0.0,0.0,0.0,0.0,0.0,0.0,0.0,0.0,0.0,0.0,0.0,0.0,0.0,0.0,0.0,0.0,0.0,0.0,0.0,-8295.35712724114,-8295.35712724114,-8295.35712724114,0.0,0.0,0.0,-1070.372652647763,-1070.372652647763,-1070.372652647763,1219.9357873512604,1219.9357873512604,1219.9357873512604,-8444.920261944637,-8444.920261944637,-8444.920261944637,0.0,0.0,0.0,22600.32838734027
2017-12-29,30941.276360840428,15330.513977582963,28848.23549117955,30941.276360840428,30941.276360840428,0.0,0.0,0.0,0.0,0.0,0.0,0.0,0.0,0.0,0.0,0.0,0.0,0.0,0.0,0.0,0.0,0.0,0.0,0.0,0.0,0.0,0.0,0.0,0.0,0.0,0.0,0.0,0.0,0.0,0.0,0.0,0.0,0.0,0.0,0.0,0.0,-8912.482304784508,-8912.482304784508,-8912.482304784508,0.0,0.0,0.0,-47.71274970807507,-47.71274970807507,-47.71274970807507,-965.6856366753287,-965.6856366753287,-965.6856366753287,-7899.083918401105,-7899.083918401105,-7899.083918401105,0.0,0.0,0.0,22028.794056055922
2017-12-30,30986.86720709945,12055.749764870763,24824.36113517855,30986.86720709945,30986.86720709945,0.0,0.0,0.0,0.0,0.0,0.0,0.0,0.0,0.0,0.0,0.0,0.0,0.0,0.0,0.0,0.0,0.0,0.0,0.0,0.0,0.0,0.0,0.0,0.0,0.0,0.0,0.0,0.0,0.0,0.0,0.0,0.0,0.0,0.0,0.0,0.0,-12503.875760640649,-12503.875760640649,-12503.875760640649,0.0,0.0,0.0,696.0629871043741,696.0629871043741,696.0629871043741,-5946.296305791625,-5946.296305791625,-5946.296305791625,-7253.642441953401,-7253.642441953401,-7253.642441953401,0.0,0.0,0.0,18482.9914464588
2017-12-31,31032.45805335847,15004.708995715238,27730.92806721978,31032.45805335847,31032.45805335847,0.0,0.0,0.0,0.0,0.0,0.0,0.0,0.0,0.0,0.0,0.0,0.0,0.0,0.0,0.0,0.0,0.0,0.0,0.0,0.0,0.0,0.0,0.0,0.0,0.0,0.0,0.0,0.0,0.0,0.0,0.0,0.0,0.0,0.0,0.0,0.0,-9884.61633272178,-9884.61633272178,-9884.61633272178,0.0,0.0,0.0,973.7220397029272,973.7220397029272,973.7220397029272,-4335.85952621397,-4335.85952621397,-4335.85952621397,-6522.478846210738,-6522.478846210738,-6522.478846210738,0.0,0.0,0.0,21147.84172063669
2018-01-01,31078.048899617486,17441.77256988964,30218.33220315805,31078.048899617486,31078.048899617486,-6894.5499187980795,-6894.5499187980795,-6894.5499187980795,0.0,0.0,0.0,0.0,0.0,0.0,0.0,0.0,0.0,0.0,0.0,0.0,0.0,0.0,0.0,0.0,0.0,0.0,0.0,0.0,0.0,0.0,0.0,0.0,0.0,0.0,0.0,0.0,0.0,0.0,0.0,0.0,0.0,-7414.931753830005,-7414.931753830005,-7414.931753830005,-6894.5499187980795,-6894.5499187980795,-6894.5499187980795,996.5691629583837,996.5691629583837,996.5691629583837,4203.539984520091,4203.539984520091,4203.539984520091,-5720.4909825104,-5720.4909825104,-5720.4909825104,0.0,0.0,0.0,23663.11714578748
2018-01-02,31123.639745876506,22451.004067167818,35396.382747772936,31123.639745876506,31123.639745876506,-1592.562361878656,-1592.562361878656,-1592.562361878656,0.0,0.0,0.0,0.0,0.0,0.0,0.0,0.0,0.0,0.0,0.0,0.0,0.0,0.0,0.0,0.0,0.0,0.0,0.0,0.0,0.0,0.0,0.0,0.0,0.0,0.0,0.0,0.0,0.0,0.0,0.0,0.0,0.0,-2013.6778021969667,-2013.6778021969667,-2013.6778021969667,-1592.562361878656,-1592.562361878656,-1592.562361878656,1094.2714922878904,1094.2714922878904,1094.2714922878904,3347.8978975220657,3347.8978975220657,3347.8978975220657,-4863.2848301282675,-4863.2848301282675,-4863.2848301282675,0.0,0.0,0.0,29109.96194367954
2018-01-03,31169.230592135526,24198.66457761035,37832.0155351085,31169.230592135526,31169.230592135526,0.0,0.0,0.0,0.0,0.0,0.0,0.0,0.0,0.0,0.0,0.0,0.0,0.0,0.0,0.0,0.0,0.0,0.0,0.0,0.0,0.0,0.0,0.0,0.0,0.0,0.0,0.0,0.0,0.0,0.0,0.0,0.0,0.0,0.0,0.0,0.0,-129.06500173542042,-129.06500173542042,-129.06500173542042,0.0,0.0,0.0,1361.3279878890883,1361.3279878890883,1361.3279878890883,2476.467799301331,2476.467799301331,2476.467799301331,-3966.860788925839,-3966.860788925839,-3966.860788925839,0.0,0.0,0.0,31040.165590400105
2018-01-04,31214.821438394538,24600.23092200859,37525.80094095903,31214.821438394538,31214.821438394538,0.0,0.0,0.0,0.0,0.0,0.0,0.0,0.0,0.0,0.0,0.0,0.0,0.0,0.0,0.0,0.0,0.0,0.0,0.0,0.0,0.0,0.0,0.0,0.0,0.0,0.0,0.0,0.0,0.0,0.0,0.0,0.0,0.0,0.0,0.0,0.0,-249.6903233358891,-249.6903233358891,-249.6903233358891,0.0,0.0,0.0,1577.673375009174,1577.673375009174,1577.673375009174,1219.9357873470206,1219.9357873470206,1219.9357873470206,-3047.2994856920836,-3047.2994856920836,-3047.2994856920836,0.0,0.0,0.0,30965.131115058648
2018-01-05,31250.914817368768,23062.703619764387,35942.32651965717,31250.914817368768,31250.914817368768,0.0,0.0,0.0,0.0,0.0,0.0,0.0,0.0,0.0,0.0,0.0,0.0,0.0,0.0,0.0,0.0,0.0,0.0,0.0,0.0,0.0,0.0,0.0,0.0,0.0,0.0,0.0,0.0,0.0,0.0,0.0,0.0,0.0,0.0,0.0,0.0,-1624.854190901655,-1624.854190901655,-1624.854190901655,0.0,0.0,0.0,1461.2849659430447,1461.2849659430447,1461.2849659430447,-965.6856366807876,-965.6856366807876,-965.6856366807876,-2120.453520163912,-2120.453520163912,-2120.453520163912,0.0,0.0,0.0,29626.06062646711
2018-01-06,31287.008196343006,18153.466752374003,31700.319439322026,31287.008196343006,31287.008196343006,0.0,0.0,0.0,0.0,0.0,0.0,0.0,0.0,0.0,0.0,0.0,0.0,0.0,0.0,0.0,0.0,0.0,0.0,0.0,0.0,0.0,0.0,0.0,0.0,0.0,0.0,0.0,0.0,0.0,0.0,0.0,0.0,0.0,0.0,0.0,0.0,-6167.048053356366,-6167.048053356366,-6167.048053356366,0.0,0.0,0.0,980.8996075575412,980.8996075575412,980.8996075575412,-5946.296305792093,-5946.296305792093,-5946.296305792093,-1201.6513551218125,-1201.6513551218125,-1201.6513551218125,0.0,0.0,0.0,25119.960142986638
2018-01-07,31323.10157531724,20873.82637042212,33725.613988633944,31323.10157531724,31323.10157531724,0.0,0.0,0.0,0.0,0.0,0.0,0.0,0.0,0.0,0.0,0.0,0.0,0.0,0.0,0.0,0.0,0.0,0.0,0.0,0.0,0.0,0.0,0.0,0.0,0.0,0.0,0.0,0.0,0.0,0.0,0.0,0.0,0.0,0.0,0.0,0.0,-4230.69584967054,-4230.69584967054,-4230.69584967054,0.0,0.0,0.0,410.58287983493534,410.58287983493534,410.58287983493534,-4335.8595262192075,-4335.8595262192075,-4335.8595262192075,-305.4192032862682,-305.4192032862682,-305.4192032862682,0.0,0.0,0.0,27092.4057256467
2018-01-08,31359.194954291474,29997.67681764391,42436.51901835307,31359.194954291474,31359.194954291474,0.0,0.0,0.0,0.0,0.0,0.0,0.0,0.0,0.0,0.0,0.0,0.0,0.0,0.0,0.0,0.0,0.0,0.0,0.0,0.0,0.0,0.0,0.0,0.0,0.0,0.0,0.0,0.0,0.0,0.0,0.0,0.0,0.0,0.0,0.0,0.0,4837.818254625608,4837.818254625608,4837.818254625608,0.0,0.0,0.0,79.50456088497504,79.50456088497504,79.50456088497504,4203.539984516522,4203.539984516522,4203.539984516522,554.7737092241109,554.7737092241109,554.7737092241109,0.0,0.0,0.0,36197.01320891708
2018-01-09,31395.2883332657,29245.922609608548,43107.15368564393,31395.2883332657,31395.2883332657,0.0,0.0,0.0,0.0,0.0,0.0,0.0,0.0,0.0,0.0,0.0,0.0,0.0,0.0,0.0,0.0,0.0,0.0,0.0,0.0,0.0,0.0,0.0,0.0,0.0,0.0,0.0,0.0,0.0,0.0,0.0,0.0,0.0,0.0,0.0,0.0,4794.011318045766,4794.011318045766,4794.011318045766,0.0,0.0,0.0,79.37171435435971,79.37171435435971,79.37171435435971,3347.8978975203377,3347.8978975203377,3347.8978975203377,1366.741706171067,1366.741706171067,1366.741706171067,0.0,0.0,0.0,36189.29965131146
2018-01-10,31431.381712239934,29943.089003215533,42929.92245625042,31431.381712239934,31431.381712239934,0.0,0.0,0.0,0.0,0.0,0.0,0.0,0.0,0.0,0.0,0.0,0.0,0.0,0.0,0.0,0.0,0.0,0.0,0.0,0.0,0.0,0.0,0.0,0.0,0.0,0.0,0.0,0.0,0.0,0.0,0.0,0.0,0.0,0.0,0.0,0.0,4823.414437195136,4823.414437195136,4823.414437195136,0.0,0.0,0.0,227.16970438901288,227.16970438901288,227.16970438901288,2476.46779929974,2476.46779929974,2476.46779929974,2119.7769335063836,2119.7769335063836,2119.7769335063836,0.0,0.0,0.0,36254.79614943507
2018-01-11,31467.475091214168,29711.533360925798,42033.05709636878,31467.475091214168,31467.475091214168,0.0,0.0,0.0,0.0,0.0,0.0,0.0,0.0,0.0,0.0,0.0,0.0,0.0,0.0,0.0,0.0,0.0,0.0,0.0,0.0,0.0,0.0,0.0,0.0,0.0,0.0,0.0,0.0,0.0,0.0,0.0,0.0,0.0,0.0,0.0,0.0,4335.243274007234,4335.243274007234,4335.243274007234,0.0,0.0,0.0,310.4995041619462,310.4995041619462,310.4995041619462,1219.9357873480867,1219.9357873480867,1219.9357873480867,2804.8079824972006,2804.8079824972006,2804.8079824972006,0.0,0.0,0.0,35802.7183652214
2018-01-12,31503.568470188402,27604.91842337647,41074.511432405285,31503.568470188402,31503.568470188402,0.0,0.0,0.0,0.0,0.0,0.0,0.0,0.0,0.0,0.0,0.0,0.0,0.0,0.0,0.0,0.0,0.0,0.0,0.0,0.0,0.0,0.0,0.0,0.0,0.0,0.0,0.0,0.0,0.0,0.0,0.0,0.0,0.0,0.0,0.0,0.0,2793.5586966692135,2793.5586966692135,2793.5586966692135,0.0,0.0,0.0,344.72400559527756,344.72400559527756,344.72400559527756,-965.6856366799029,-965.6856366799029,-965.6856366799029,3414.520327753839,3414.520327753839,3414.520327753839,0.0,0.0,0.0,34297.127166857616
2018-01-13,31539.661849162632,23812.411691058347,35978.05721168258,31539.661849162632,31539.661849162632,0.0,0.0,0.0,0.0,0.0,0.0,0.0,0.0,0.0,0.0,0.0,0.0,0.0,0.0,0.0,0.0,0.0,0.0,0.0,0.0,0.0,0.0,0.0,0.0,0.0,0.0,0.0,0.0,0.0,0.0,0.0,0.0,0.0,0.0,0.0,0.0,-1449.7775289101003,-1449.7775289101003,-1449.7775289101003,0.0,0.0,0.0,553.0818662084222,553.0818662084222,553.0818662084222,-5946.296305793555,-5946.296305793555,-5946.296305793555,3943.4369106750332,3943.4369106750332,3943.4369106750332,0.0,0.0,0.0,30089.88432025253
2018-01-14,31575.755228136863,25530.935548160003,39334.73105538092,31575.755228136863,31575.755228136863,0.0,0.0,0.0,0.0,0.0,0.0,0.0,0.0,0.0,0.0,0.0,0.0,0.0,0.0,0.0,0.0,0.0,0.0,0.0,0.0,0.0,0.0,0.0,0.0,0.0,0.0,0.0,0.0,0.0,0.0,0.0,0.0,0.0,0.0,0.0,0.0,1121.3154453694308,1121.3154453694308,1121.3154453694308,0.0,0.0,0.0,1069.2168818328223,1069.2168818328223,1069.2168818328223,-4335.859526215223,-4335.859526215223,-4335.859526215223,4387.958089751831,4387.958089751831,4387.958089751831,0.0,0.0,0.0,32697.070673506292
2018-01-15,31611.848607111096,36076.124720413434,49055.83908378937,31611.848607111096,31611.848607111096,0.0,0.0,0.0,0.0,0.0,0.0,0.0,0.0,0.0,0.0,0.0,0.0,0.0,0.0,0.0,0.0,0.0,0.0,0.0,0.0,0.0,0.0,0.0,0.0,0.0,0.0,0.0,0.0,0.0,0.0,0.0,0.0,0.0,0.0,0.0,0.0,10618.49175670664,10618.49175670664,10618.49175670664,0.0,0.0,0.0,1668.590697584449,1668.590697584449,1668.590697584449,4203.539984518388,4203.539984518388,4203.539984518388,4746.361074603803,4746.361074603803,4746.361074603803,0.0,0.0,0.0,42230.34036381774
2018-01-16,31647.941986085334,35805.34971952502,48622.982784072556,31647.941986085334,31647.941986085334,0.0,0.0,0.0,0.0,0.0,0.0,0.0,0.0,0.0,0.0,0.0,0.0,0.0,0.0,0.0,0.0,0.0,0.0,0.0,0.0,0.0,0.0,0.0,0.0,0.0,0.0,0.0,0.0,0.0,0.0,0.0,0.0,0.0,0.0,0.0,0.0,10208.830058056976,10208.830058056976,10208.830058056976,0.0,0.0,0.0,1842.1723199222654,1842.1723199222654,1842.1723199222654,3347.8978975241694,3347.8978975241694,3347.8978975241694,5018.759840610542,5018.759840610542,5018.759840610542,0.0,0.0,0.0,41856.77204414231
2018-01-17,31684.035365059568,34183.35392049667,46977.79308885991,31684.035365059568,31684.035365059568,0.0,0.0,0.0,0.0,0.0,0.0,0.0,0.0,0.0,0.0,0.0,0.0,0.0,0.0,0.0,0.0,0.0,0.0,0.0,0.0,0.0,0.0,0.0,0.0,0.0,0.0,0.0,0.0,0.0,0.0,0.0,0.0,0.0,0.0,0.0,0.0,8887.850705937326,8887.850705937326,8887.850705937326,0.0,0.0,0.0,1204.3555406339938,1204.3555406339938,1204.3555406339938,2476.4677992981497,2476.4677992981497,2476.4677992981497,5207.027366005181,5207.027366005181,5207.027366005181,0.0,0.0,0.0,40571.886070996894
2018-01-18,31720.12874403379,31961.961201432798,44614.79788582547,31720.12874403379,31720.12874403379,0.0,0.0,0.0,0.0,0.0,0.0,0.0,0.0,0.0,0.0,0.0,0.0,0.0,0.0,0.0,0.0,0.0,0.0,0.0,0.0,0.0,0.0,0.0,0.0,0.0,0.0,0.0,0.0,0.0,0.0,0.0,0.0,0.0,0.0,0.0,0.0,6415.11213975883,6415.11213975883,6415.11213975883,0.0,0.0,0.0,-119.50647245601137,-119.50647245601137,-119.50647245601137,1219.9357873442373,1219.9357873442373,1219.9357873442373,5314.682824870605,5314.682824870605,5314.682824870605,0.0,0.0,0.0,38135.24088379262
2018-01-19,31756.22212300803,28308.203811458858,41370.811738622615,31756.22212300803,31756.22212300803,0.0,0.0,0.0,0.0,0.0,0.0,0.0,0.0,0.0,0.0,0.0,0.0,0.0,0.0,0.0,0.0,0.0,0.0,0.0,0.0,0.0,0.0,0.0,0.0,0.0,0.0,0.0,0.0,0.0,0.0,0.0,0.0,0.0,0.0,0.0,0.0,2875.4320727300374,2875.4320727300374,2875.4320727300374,0.0,0.0,0.0,-1505.6293809244996,-1505.6293809244996,-1505.6293809244996,-965.6856366806483,-965.6856366806483,-965.6856366806483,5346.747090335187,5346.747090335187,5346.747090335187,0.0,0.0,0.0,34631.65419573807
2018-01-20,31792.315501982263,22373.713575325382,35268.262709102906,31792.315501982263,31792.315501982263,0.0,0.0,0.0,0.0,0.0,0.0,0.0,0.0,0.0,0.0,0.0,0.0,0.0,0.0,0.0,0.0,0.0,0.0,0.0,0.0,0.0,0.0,0.0,0.0,0.0,0.0,0.0,0.0,0.0,0.0,0.0,0.0,0.0,0.0,0.0,0.0,-2916.1582609861753,-2916.1582609861753,-2916.1582609861753,0.0,0.0,0.0,-2279.4324922788796,-2279.4324922788796,-2279.4324922788796,-5946.296305787902,-5946.296305787902,-5946.296305787902,5309.570537080606,5309.570537080606,5309.570537080606,0.0,0.0,0.0,28876.157240996086
2018-01-21,31828.408880956496,24131.94404980702,37281.17127618669,31828.408880956496,31828.408880956496,0.0,0.0,0.0,0.0,0.0,0.0,0.0,0.0,0.0,0.0,0.0,0.0,0.0,0.0,0.0,0.0,0.0,0.0,0.0,0.0,0.0,0.0,0.0,0.0,0.0,0.0,0.0,0.0,0.0,0.0,0.0,0.0,0.0,0.0,0.0,0.0,-1355.0418796111717,-1355.0418796111717,-1355.0418796111717,0.0,0.0,0.0,-2229.8200209116544,-2229.8200209116544,-2229.8200209116544,-4335.8595262112385,-4335.8595262112385,-4335.8595262112385,5210.637667511721,5210.637667511721,5210.637667511721,0.0,0.0,0.0,30473.367001345323
2018-01-22,31864.502259930727,33154.95977296054,45427.04394772032,31864.502259930727,31864.502259930727,0.0,0.0,0.0,0.0,0.0,0.0,0.0,0.0,0.0,0.0,0.0,0.0,0.0,0.0,0.0,0.0,0.0,0.0,0.0,0.0,0.0,0.0,0.0,0.0,0.0,0.0,0.0,0.0,0.0,0.0,0.0,0.0,0.0,0.0,0.0,0.0,7520.459661592359,7520.459661592359,7520.459661592359,0.0,0.0,0.0,-1741.433833653031,-1741.433833653031,-1741.433833653031,4203.539984522585,4203.539984522585,4203.539984522585,5058.3535107228045,5058.3535107228045,5058.3535107228045,0.0,0.0,0.0,39384.961921523085
2018-01-23,31900.594579774122,32154.34614554963,45023.58622640641,31900.594579774122,31900.594579774122,0.0,0.0,0.0,0.0,0.0,0.0,0.0,0.0,0.0,0.0,0.0,0.0,0.0,0.0,0.0,0.0,0.0,0.0,0.0,0.0,0.0,0.0,0.0,0.0,0.0,0.0,0.0,0.0,0.0,0.0,0.0,0.0,0.0,0.0,0.0,0.0,6782.388194143245,6782.388194143245,6782.388194143245,0.0,0.0,0.0,-1427.3267526833695,-1427.3267526833695,-1427.3267526833695,3347.897897527016,3347.897897527016,3347.897897527016,4861.817049299599,4861.817049299599,4861.817049299599,0.0,0.0,0.0,38682.98277391736
2018-01-24,31936.686899617514,31089.367326162646,44068.467321312215,31936.686899617514,31936.686899617514,0.0,0.0,0.0,0.0,0.0,0.0,0.0,0.0,0.0,0.0,0.0,0.0,0.0,0.0,0.0,0.0,0.0,0.0,0.0,0.0,0.0,0.0,0.0,0.0,0.0,0.0,0.0,0.0,0.0,0.0,0.0,0.0,0.0,0.0,0.0,0.0,5517.964334937362,5517.964334937362,5517.964334937362,0.0,0.0,0.0,-1589.090574793473,-1589.090574793473,-1589.090574793473,2476.46779930214,2476.46779930214,2476.46779930214,4630.587110428694,4630.587110428694,4630.587110428694,0.0,0.0,0.0,37454.651234554876
2018-01-25,31972.77921946091,28629.447823590497,41919.605655908716,31972.77921946091,31972.77921946091,0.0,0.0,0.0,0.0,0.0,0.0,0.0,0.0,0.0,0.0,0.0,0.0,0.0,0.0,0.0,0.0,0.0,0.0,0.0,0.0,0.0,0.0,0.0,0.0,0.0,0.0,0.0,0.0,0.0,0.0,0.0,0.0,0.0,0.0,0.0,0.0,3613.797049211275,3613.797049211275,3613.797049211275,0.0,0.0,0.0,-1980.5849502156768,-1980.5849502156768,-1980.5849502156768,1219.9357873453032,1219.9357873453032,1219.9357873453032,4374.446212081649,4374.446212081649,4374.446212081649,0.0,0.0,0.0,35586.57626867219
2018-01-26,32008.871539304306,26571.685860060847,39144.01066839647,32008.871539304306,32008.871539304306,0.0,0.0,0.0,0.0,0.0,0.0,0.0,0.0,0.0,0.0,0.0,0.0,0.0,0.0,0.0,0.0,0.0,0.0,0.0,0.0,0.0,0.0,0.0,0.0,0.0,0.0,0.0,0.0,0.0,0.0,0.0,0.0,0.0,0.0,0.0,0.0,1068.8288961263988,1068.8288961263988,1068.8288961263988,0.0,0.0,0.0,-2068.6532496380114,-2068.6532496380114,-2068.6532496380114,-965.6856366687091,-965.6856366687091,-965.6856366687091,4103.167782433119,4103.167782433119,4103.167782433119,0.0,0.0,0.0,33077.70043543071
2018-01-27,32044.963859147694,22235.788410955385,34771.78916820381,32044.963859147694,32044.963859147694,0.0,0.0,0.0,0.0,0.0,0.0,0.0,0.0,0.0,0.0,0.0,0.0,0.0,0.0,0.0,0.0,0.0,0.0,0.0,0.0,0.0,0.0,0.0,0.0,0.0,0.0,0.0,0.0,0.0,0.0,0.0,0.0,0.0,0.0,0.0,0.0,-3653.849414950565,-3653.849414950565,-3653.849414950565,0.0,0.0,0.0,-1533.845083662919,-1533.845083662919,-1533.845083662919,-5946.296305794494,-5946.296305794494,-5946.296305794494,3826.2919745068484,3826.2919745068484,3826.2919745068484,0.0,0.0,0.0,28391.11444419713
2018-01-28,32081.056178991086,24173.426000007323,36924.50849211936,32081.056178991086,32081.056178991086,0.0,0.0,0.0,0.0,0.0,0.0,0.0,0.0,0.0,0.0,0.0,0.0,0.0,0.0,0.0,0.0,0.0,0.0,0.0,0.0,0.0,0.0,0.0,0.0,0.0,0.0,0.0,0.0,0.0,0.0,0.0,0.0,0.0,0.0,0.0,0.0,-1334.736921792057,-1334.736921792057,-1334.736921792057,0.0,0.0,0.0,-551.7923798040326,-551.7923798040326,-551.7923798040326,-4335.859526207253,-4335.859526207253,-4335.859526207253,3552.9149842192287,3552.9149842192287,3552.9149842192287,0.0,0.0,0.0,30746.31925719903
2018-01-29,32117.148498834482,33379.38404144266,46639.88168135503,32117.148498834482,32117.148498834482,0.0,0.0,0.0,0.0,0.0,0.0,0.0,0.0,0.0,0.0,0.0,0.0,0.0,0.0,0.0,0.0,0.0,0.0,0.0,0.0,0.0,0.0,0.0,0.0,0.0,0.0,0.0,0.0,0.0,0.0,0.0,0.0,0.0,0.0,0.0,0.0,7876.174953567361,7876.174953567361,7876.174953567361,0.0,0.0,0.0,381.1386116394267,381.1386116394267,381.1386116394267,4203.539984514357,4203.539984514357,4203.539984514357,3291.4963574135777,3291.4963574135777,3291.4963574135777,0.0,0.0,0.0,39993.32345240184
2018-01-30,32153.240818677878,33058.18288929169,46219.50811809144,32153.240818677878,32153.240818677878,0.0,0.0,0.0,0.0,0.0,0.0,0.0,0.0,0.0,0.0,0.0,0.0,0.0,0.0,0.0,0.0,0.0,0.0,0.0,0.0,0.0,0.0,0.0,0.0,0.0,0.0,0.0,0.0,0.0,0.0,0.0,0.0,0.0,0.0,0.0,0.0,7284.956588990806,7284.956588990806,7284.956588990806,0.0,0.0,0.0,887.3704401837399,887.3704401837399,887.3704401837399,3347.8978975252885,3347.8978975252885,3347.8978975252885,3049.6882512817783,3049.6882512817783,3049.6882512817783,0.0,0.0,0.0,39438.19740766868
2018-01-31,32189.33313852127,32266.58792719101,45325.68350669879,32189.33313852127,32189.33313852127,0.0,0.0,0.0,0.0,0.0,0.0,0.0,0.0,0.0,0.0,0.0,0.0,0.0,0.0,0.0,0.0,0.0,0.0,0.0,0.0,0.0,0.0,0.0,0.0,0.0,0.0,0.0,0.0,0.0,0.0,0.0,0.0,0.0,0.0,0.0,0.0,6305.019752928883,6305.019752928883,6305.019752928883,0.0,0.0,0.0,994.3619423547774,994.3619423547774,994.3619423547774,2476.4677992973307,2476.4677992973307,2476.4677992973307,2834.190011276773,2834.190011276773,2834.190011276773,0.0,0.0,0.0,38494.35289145015
2018-02-01,32225.425458364665,30679.828845412794,43799.644673701485,32225.425458364665,32225.425458364665,0.0,0.0,0.0,0.0,0.0,0.0,0.0,0.0,0.0,0.0,0.0,0.0,0.0,0.0,0.0,0.0,0.0,0.0,0.0,0.0,0.0,0.0,0.0,0.0,0.0,0.0,0.0,0.0,0.0,0.0,0.0,0.0,0.0,0.0,0.0,0.0,4892.37457324698,4892.37457324698,4892.37457324698,0.0,0.0,0.0,1021.8080344975542,1021.8080344975542,1021.8080344975542,1219.9357873463691,1219.9357873463691,1219.9357873463691,2650.630751403055,2650.630751403055,2650.630751403055,0.0,0.0,0.0,37117.800031611645
2018-02-02,32261.517778208054,28771.748214097763,41576.11125980094,32261.517778208054,32261.517778208054,0.0,0.0,0.0,0.0,0.0,0.0,0.0,0.0,0.0,0.0,0.0,0.0,0.0,0.0,0.0,0.0,0.0,0.0,0.0,0.0,0.0,0.0,0.0,0.0,0.0,0.0,0.0,0.0,0.0,0.0,0.0,0.0,0.0,0.0,0.0,0.0,2752.5551002000316,2752.5551002000316,2752.5551002000316,0.0,0.0,0.0,1214.7588362813547,1214.7588362813547,1214.7588362813547,-965.6856366805107,-965.6856366805107,-965.6856366805107,2503.481900599187,2503.481900599187,2503.481900599187,0.0,0.0,0.0,35014.072878408086
2018-02-03,32297.61009805145,23510.832274675202,36506.70294029186,32297.61009805145,32297.61009805145,0.0,0.0,0.0,0.0,0.0,0.0,0.0,0.0,0.0,0.0,0.0,0.0,0.0,0.0,0.0,0.0,0.0,0.0,0.0,0.0,0.0,0.0,0.0,0.0,0.0,0.0,0.0,0.0,0.0,0.0,0.0,0.0,0.0,0.0,0.0,0.0,-2053.9742319479524,-2053.9742319479524,-2053.9742319479524,0.0,0.0,0.0,1496.3211553846547,1496.3211553846547,1496.3211553846547,-5946.296305795956,-5946.296305795956,-5946.296305795956,2396.0009184633477,2396.0009184633477,2396.0009184633477,0.0,0.0,0.0,30243.635866103497
2018-02-04,32333.702417894845,25291.188902757847,38068.939265957,32333.702417894845,32333.702417894845,0.0,0.0,0.0,0.0,0.0,0.0,0.0,0.0,0.0,0.0,0.0,0.0,0.0,0.0,0.0,0.0,0.0,0.0,0.0,0.0,0.0,0.0,0.0,0.0,0.0,0.0,0.0,0.0,0.0,0.0,0.0,0.0,0.0,0.0,0.0,0.0,-434.334498986527,-434.334498986527,-434.334498986527,0.0,0.0,0.0,1571.3184185708208,1571.3184185708208,1571.3184185708208,-4335.859526212492,-4335.859526212492,-4335.859526212492,2330.206608655144,2330.206608655144,2330.206608655144,0.0,0.0,0.0,31899.36791890832
2018-02-05,32369.794737738237,33896.30206586045,47041.89290606138,32369.794737738237,32369.794737738237,0.0,0.0,0.0,0.0,0.0,0.0,0.0,0.0,0.0,0.0,0.0,0.0,0.0,0.0,0.0,0.0,0.0,0.0,0.0,0.0,0.0,0.0,0.0,0.0,0.0,0.0,0.0,0.0,0.0,0.0,0.0,0.0,0.0,0.0,0.0,0.0,7765.197059926511,7765.197059926511,7765.197059926511,0.0,0.0,0.0,1254.771389068046,1254.771389068046,1254.771389068046,4203.539984518552,4203.539984518552,4203.539984518552,2306.885686339913,2306.885686339913,2306.885686339913,0.0,0.0,0.0,40134.99179766475
2018-02-06,32405.887057581633,32223.65887486603,45574.868320924914,32405.887057581633,32405.887057581633,0.0,0.0,0.0,0.0,0.0,0.0,0.0,0.0,0.0,0.0,0.0,0.0,0.0,0.0,0.0,0.0,0.0,0.0,0.0,0.0,0.0,0.0,0.0,0.0,0.0,0.0,0.0,0.0,0.0,0.0,0.0,0.0,0.0,0.0,0.0,0.0,6357.115882928212,6357.115882928212,6357.115882928212,0.0,0.0,0.0,683.5884794633864,683.5884794633864,683.5884794633864,3347.897897523067,3347.897897523067,3347.897897523067,2325.629505941758,2325.629505941758,2325.629505941758,0.0,0.0,0.0,38763.00294050985
2018-02-07,32441.979377425025,30469.65766456583,44157.432306855684,32441.979377425025,32441.979377425025,0.0,0.0,0.0,0.0,0.0,0.0,0.0,0.0,0.0,0.0,0.0,0.0,0.0,0.0,0.0,0.0,0.0,0.0,0.0,0.0,0.0,0.0,0.0,0.0,0.0,0.0,0.0,0.0,0.0,0.0,0.0,0.0,0.0,0.0,0.0,0.0,5063.063659981413,5063.063659981413,5063.063659981413,0.0,0.0,0.0,201.6967159550333,201.6967159550333,201.6967159550333,2476.4677992989587,2476.4677992989587,2476.4677992989587,2384.8991447274198,2384.8991447274198,2384.8991447274198,0.0,0.0,0.0,37505.04303740644
2018-02-08,32478.07169726842,29693.075678732457,43324.892668531524,32478.07169726842,32478.07169726842,0.0,0.0,0.0,0.0,0.0,0.0,0.0,0.0,0.0,0.0,0.0,0.0,0.0,0.0,0.0,0.0,0.0,0.0,0.0,0.0,0.0,0.0,0.0,0.0,0.0,0.0,0.0,0.0,0.0,0.0,0.0,0.0,0.0,0.0,0.0,0.0,3747.056699517689,3747.056699517689,3747.056699517689,0.0,0.0,0.0,45.004528779197685,45.004528779197685,45.004528779197685,1219.9357873474353,1219.9357873474353,1219.9357873474353,2482.1163833910564,2482.1163833910564,2482.1163833910564,0.0,0.0,0.0,36225.12839678611
2018-02-09,32514.16401711181,28158.816480126934,40601.585293741875,32514.16401711181,32514.16401711181,0.0,0.0,0.0,0.0,0.0,0.0,0.0,0.0,0.0,0.0,0.0,0.0,0.0,0.0,0.0,0.0,0.0,0.0,0.0,0.0,0.0,0.0,0.0,0.0,0.0,0.0,0.0,0.0,0.0,0.0,0.0,0.0,0.0,0.0,0.0,0.0,1799.303042314747,1799.303042314747,1799.303042314747,0.0,0.0,0.0,151.21113714293605,151.21113714293605,151.21113714293605,-965.685636668571,-965.685636668571,-965.685636668571,2613.7775418403817,2613.7775418403817,2613.7775418403817,0.0,0.0,0.0,34313.467059426555
2018-02-10,32550.25633695521,20233.38678565865,33655.28678572096,32550.25633695521,32550.25633695521,0.0,0.0,0.0,0.0,0.0,0.0,-2688.778235808,-2688.778235808,-2688.778235808,0.0,0.0,0.0,0.0,0.0,0.0,0.0,0.0,0.0,0.0,0.0,0.0,0.0,0.0,0.0,0.0,0.0,0.0,0.0,0.0,0.0,0.0,0.0,0.0,0.0,0.0,0.0,-5576.683394648611,-5576.683394648611,-5576.683394648611,-2688.778235808,-2688.778235808,-2688.778235808,282.8045165505681,282.8045165505681,282.8045165505681,-5946.296305796425,-5946.296305796425,-5946.296305796425,2775.586630405246,2775.586630405246,2775.586630405246,0.0,0.0,0.0,26973.5729423066
2018-02-11,32586.34860400586,21754.50198015648,35048.609806614746,32586.34860400586,32586.34860400586,0.0,0.0,0.0,0.0,0.0,0.0,-3240.39463693792,-3240.39463693792,-3240.39463693792,0.0,0.0,0.0,0.0,0.0,0.0,0.0,0.0,0.0,0.0,0.0,0.0,0.0,0.0,0.0,0.0,0.0,0.0,0.0,0.0,0.0,0.0,0.0,0.0,0.0,0.0,0.0,-4291.6370688575225,-4291.6370688575225,-4291.6370688575225,-3240.39463693792,-3240.39463693792,-3240.39463693792,322.0132196558599,322.0132196558599,322.0132196558599,-4335.859526213198,-4335.859526213198,-4335.859526213198,2962.6038746377344,2962.6038746377344,2962.6038746377344,0.0,0.0,0.0,28294.711535148337
2018-02-12,32622.440871056508,23054.089699605247,35363.350820961474,32622.440871056508,32622.440871056508,0.0,0.0,0.0,0.0,0.0,0.0,-10977.268227336319,-10977.268227336319,-10977.268227336319,0.0,0.0,0.0,0.0,0.0,0.0,0.0,0.0,0.0,0.0,0.0,0.0,0.0,0.0,0.0,0.0,0.0,0.0,0.0,0.0,0.0,0.0,0.0,0.0,0.0,0.0,0.0,-3191.9025598143803,-3191.9025598143803,-3191.9025598143803,-10977.268227336319,-10977.268227336319,-10977.268227336319,412.420308244962,412.420308244962,412.420308244962,4203.539984514984,4203.539984514984,4203.539984514984,3169.405374761993,3169.405374761993,3169.405374761993,0.0,0.0,0.0,29430.538311242126
2018-02-13,32658.533138107156,25615.07090342273,38385.392467833495,32658.533138107156,32658.533138107156,0.0,0.0,0.0,0.0,0.0,0.0,-8195.679610675199,-8195.679610675199,-8195.679610675199,0.0,0.0,0.0,0.0,0.0,0.0,0.0,0.0,0.0,0.0,0.0,0.0,0.0,0.0,0.0,0.0,0.0,0.0,0.0,0.0,0.0,0.0,0.0,0.0,0.0,0.0,0.0,-680.4615686557469,-680.4615686557469,-680.4615686557469,-8195.679610675199,-8195.679610675199,-8195.679610675199,777.0706699855634,777.0706699855634,777.0706699855634,3347.8978975218333,3347.8978975218333,3347.8978975218333,3390.249474512056,3390.249474512056,3390.249474512056,0.0,0.0,0.0,31978.071569451407
2018-02-14,32694.625405157803,33941.16306968676,47273.50064997238,32694.625405157803,32694.625405157803,0.0,0.0,0.0,0.0,0.0,0.0,260.920733237472,260.920733237472,260.920733237472,0.0,0.0,0.0,0.0,0.0,0.0,0.0,0.0,0.0,0.0,0.0,0.0,0.0,0.0,0.0,0.0,0.0,0.0,0.0,0.0,0.0,0.0,0.0,0.0,0.0,0.0,0.0,7744.033172602666,7744.033172602666,7744.033172602666,260.920733237472,260.920733237472,260.920733237472,1387.3992980076466,1387.3992980076466,1387.3992980076466,2476.46779930295,2476.46779930295,2476.46779930295,3619.2453420545958,3619.2453420545958,3619.2453420545958,0.0,0.0,0.0,40438.65857776047
2018-02-15,32730.717672208455,30457.609473462388,43690.951774568064,32730.717672208455,32730.717672208455,0.0,0.0,0.0,0.0,0.0,0.0,-2397.23776955712,-2397.23776955712,-2397.23776955712,0.0,0.0,0.0,0.0,0.0,0.0,0.0,0.0,0.0,0.0,0.0,0.0,0.0,0.0,0.0,0.0,0.0,0.0,0.0,0.0,0.0,0.0,0.0,0.0,0.0,0.0,0.0,4514.594053157958,4514.594053157958,4514.594053157958,-2397.23776955712,-2397.23776955712,-2397.23776955712,1841.3767270715464,1841.3767270715464,1841.3767270715464,1219.935787343586,1219.935787343586,1219.935787343586,3850.519308299946,3850.519308299946,3850.519308299946,0.0,0.0,0.0,37245.31172536641
2018-02-16,32766.809939259103,28420.23527520267,41384.19382423333,32766.809939259103,32766.809939259103,0.0,0.0,0.0,0.0,0.0,0.0,-2421.77995921568,-2421.77995921568,-2421.77995921568,0.0,0.0,0.0,0.0,0.0,0.0,0.0,0.0,0.0,0.0,0.0,0.0,0.0,0.0,0.0,0.0,0.0,0.0,0.0,0.0,0.0,0.0,0.0,0.0,0.0,0.0,0.0,2322.136949027691,2322.136949027691,2322.136949027691,-2421.77995921568,-2421.77995921568,-2421.77995921568,1631.2278820863778,1631.2278820863778,1631.2278820863778,-965.6856366740299,-965.6856366740299,-965.6856366740299,4078.3746628310223,4078.3746628310223,4078.3746628310223,0.0,0.0,0.0,35088.946888286795
2018-02-17,32802.90220630975,25555.38967943443,38575.84501056876,32802.90220630975,32802.90220630975,0.0,0.0,0.0,0.0,0.0,0.0,0.0,0.0,0.0,0.0,0.0,0.0,0.0,0.0,0.0,0.0,0.0,0.0,0.0,0.0,0.0,0.0,0.0,0.0,0.0,0.0,0.0,0.0,0.0,0.0,0.0,0.0,0.0,0.0,0.0,0.0,-1051.669419010881,-1051.669419010881,-1051.669419010881,0.0,0.0,0.0,597.1860170982783,597.1860170982783,597.1860170982783,-5946.296305803016,-5946.296305803016,-5946.296305803016,4297.440869693859,4297.440869693859,4297.440869693859,0.0,0.0,0.0,31751.232787298868
2018-02-18,32838.9944733604,25393.176099450477,38037.557908109855,32838.9944733604,32838.9944733604,0.0,0.0,0.0,0.0,0.0,0.0,0.0,0.0,0.0,0.0,0.0,0.0,0.0,0.0,0.0,0.0,0.0,0.0,0.0,0.0,0.0,0.0,0.0,0.0,0.0,0.0,0.0,0.0,0.0,0.0,0.0,0.0,0.0,0.0,0.0,0.0,-685.7693785628943,-685.7693785628943,-685.7693785628943,0.0,0.0,0.0,-852.7183789751969,-852.7183789751969,-852.7183789751969,-4335.859526204523,-4335.859526204523,-4335.859526204523,4502.8085266168255,4502.8085266168255,4502.8085266168255,0.0,0.0,0.0,32153.225094797504
2018-02-19,32875.08674041105,32986.07487069259,46141.84613186215,32875.08674041105,32875.08674041105,0.0,0.0,0.0,0.0,0.0,0.0,0.0,0.0,0.0,0.0,0.0,0.0,0.0,0.0,0.0,0.0,0.0,0.0,0.0,0.0,0.0,0.0,0.0,0.0,0.0,0.0,0.0,0.0,0.0,0.0,0.0,0.0,0.0,0.0,0.0,0.0,6896.334835320889,6896.334835320889,6896.334835320889,0.0,0.0,0.0,-1997.351990853944,-1997.351990853944,-1997.351990853944,4203.539984509085,4203.539984509085,4203.539984509085,4690.146841665749,4690.146841665749,4690.146841665749,0.0,0.0,0.0,39771.42157573193
2018-02-20,32911.179007461695,32430.03403754997,45605.39654648014,32911.179007461695,32911.179007461695,0.0,0.0,0.0,0.0,0.0,0.0,0.0,0.0,0.0,0.0,0.0,0.0,0.0,0.0,0.0,0.0,0.0,0.0,0.0,0.0,0.0,0.0,0.0,0.0,0.0,0.0,0.0,0.0,0.0,0.0,0.0,0.0,0.0,0.0,0.0,0.0,5858.486117573065,5858.486117573065,5858.486117573065,0.0,0.0,0.0,-2345.2127083018568,-2345.2127083018568,-2345.2127083018568,3347.8978975246787,3347.8978975246787,3347.8978975246787,4855.800928350243,4855.800928350243,4855.800928350243,0.0,0.0,0.0,38769.66512503476
2018-02-21,32947.27127451234,32099.767386488405,45089.761335035415,32947.27127451234,32947.27127451234,0.0,0.0,0.0,0.0,0.0,0.0,0.0,0.0,0.0,0.0,0.0,0.0,0.0,0.0,0.0,0.0,0.0,0.0,0.0,0.0,0.0,0.0,0.0,0.0,0.0,0.0,0.0,0.0,0.0,0.0,0.0,0.0,0.0,0.0,0.0,0.0,5472.560999534706,5472.560999534706,5472.560999534706,0.0,0.0,0.0,-2000.7736094451334,-2000.7736094451334,-2000.7736094451334,2476.4677993013584,2476.4677993013584,2476.4677993013584,4996.86680967848,4996.86680967848,4996.86680967848,0.0,0.0,0.0,38419.83227404705
2018-02-22,32983.36354156299,31169.79956270205,44486.77027665237,32983.36354156299,32983.36354156299,0.0,0.0,0.0,0.0,0.0,0.0,0.0,0.0,0.0,0.0,0.0,0.0,0.0,0.0,0.0,0.0,0.0,0.0,0.0,0.0,0.0,0.0,0.0,0.0,0.0,0.0,0.0,0.0,0.0,0.0,0.0,0.0,0.0,0.0,0.0,0.0,4799.95157999033,4799.95157999033,4799.95157999033,0.0,0.0,0.0,-1531.2268650765834,-1531.2268650765834,-1531.2268650765834,1219.9357873499578,1219.9357873499578,1219.9357873499578,5111.242657716954,5111.242657716954,5111.242657716954,0.0,0.0,0.0,37783.31512155332
2018-02-23,33019.455808613646,29062.969113002222,42018.66799325607,33019.455808613646,33019.455808613646,0.0,0.0,0.0,0.0,0.0,0.0,0.0,0.0,0.0,0.0,0.0,0.0,0.0,0.0,0.0,0.0,0.0,0.0,0.0,0.0,0.0,0.0,0.0,0.0,0.0,0.0,0.0,0.0,0.0,0.0,0.0,0.0,0.0,0.0,0.0,0.0,2779.882025454534,2779.882025454534,2779.882025454534,0.0,0.0,0.0,-1452.0877989599485,-1452.0877989599485,-1452.0877989599485,-965.6856366794877,-965.6856366794877,-965.6856366794877,5197.655461093969,5197.655461093969,5197.655461093969,0.0,0.0,0.0,35799.33783406818
2018-02-24,33055.548075664294,23475.452923403776,37025.92894920016,33055.548075664294,33055.548075664294,0.0,0.0,0.0,0.0,0.0,0.0,0.0,0.0,0.0,0.0,0.0,0.0,0.0,0.0,0.0,0.0,0.0,0.0,0.0,0.0,0.0,0.0,0.0,0.0,0.0,0.0,0.0,0.0,0.0,0.0,0.0,0.0,0.0,0.0,0.0,0.0,-2479.1858962751057,-2479.1858962751057,-2479.1858962751057,0.0,0.0,0.0,-1788.5525815932542,-1788.5525815932542,-1788.5525815932542,-5946.296305797363,-5946.296305797363,-5946.296305797363,5255.662991115511,5255.662991115511,5255.662991115511,0.0,0.0,0.0,30576.362179389187
2018-02-25,33091.64034271494,25601.219899299915,38804.712392301044,33091.64034271494,33091.64034271494,0.0,0.0,0.0,0.0,0.0,0.0,0.0,0.0,0.0,0.0,0.0,0.0,0.0,0.0,0.0,0.0,0.0,0.0,0.0,0.0,0.0,0.0,0.0,0.0,0.0,0.0,0.0,0.0,0.0,0.0,0.0,0.0,0.0,0.0,0.0,0.0,-1143.1385797257124,-1143.1385797257124,-1143.1385797257124,0.0,0.0,0.0,-2092.910663445208,-2092.910663445208,-2092.910663445208,-4335.85952620976,-4335.85952620976,-4335.85952620976,5285.631609929255,5285.631609929255,5285.631609929255,0.0,0.0,0.0,31948.501762989228
2018-02-26,33127.73260976559,34094.35757798431,47036.53768910274,33127.73260976559,33127.73260976559,0.0,0.0,0.0,0.0,0.0,0.0,0.0,0.0,0.0,0.0,0.0,0.0,0.0,0.0,0.0,0.0,0.0,0.0,0.0,0.0,0.0,0.0,0.0,0.0,0.0,0.0,0.0,0.0,0.0,0.0,0.0,0.0,0.0,0.0,0.0,0.0,7612.336666816911,7612.336666816911,7612.336666816911,0.0,0.0,0.0,-1879.8944318526865,-1879.8944318526865,-1879.8944318526865,4203.539984510951,4203.539984510951,4203.539984510951,5288.691114158643,5288.691114158643,5288.691114158643,0.0,0.0,0.0,40740.0692765825
2018-02-27,33163.82487681624,34204.33598575371,47100.13710599932,33163.82487681624,33163.82487681624,0.0,0.0,0.0,0.0,0.0,0.0,0.0,0.0,0.0,0.0,0.0,0.0,0.0,0.0,0.0,0.0,0.0,0.0,0.0,0.0,0.0,0.0,0.0,0.0,0.0,0.0,0.0,0.0,0.0,0.0,0.0,0.0,0.0,0.0,0.0,0.0,7544.1936626127535,7544.1936626127535,7544.1936626127535,0.0,0.0,0.0,-1070.3726526467503,-1070.3726526467503,-1070.3726526467503,3347.8978975229506,3347.8978975229506,3347.8978975229506,5266.668417736553,5266.668417736553,5266.668417736553,0.0,0.0,0.0,40708.01853942899
2018-02-28,33199.917143866885,34797.934410628564,47899.58006690843,33199.917143866885,33199.917143866885,0.0,0.0,0.0,0.0,0.0,0.0,0.0,0.0,0.0,0.0,0.0,0.0,0.0,0.0,0.0,0.0,0.0,0.0,0.0,0.0,0.0,0.0,0.0,0.0,0.0,0.0,0.0,0.0,0.0,0.0,0.0,0.0,0.0,0.0,0.0,0.0,7650.757482243767,7650.757482243767,7650.757482243767,0.0,0.0,0.0,-47.712749707793,-47.712749707793,-47.712749707793,2476.4677993029864,2476.4677993029864,2476.4677993029864,5222.002432648575,5222.002432648575,5222.002432648575,0.0,0.0,0.0,40850.67462611065
2018-03-01,33236.009229094656,33600.52700179953,46626.98615941295,33236.009229094656,33236.009229094656,0.0,0.0,0.0,0.0,0.0,0.0,0.0,0.0,0.0,0.0,0.0,0.0,0.0,0.0,0.0,0.0,0.0,0.0,0.0,0.0,0.0,0.0,0.0,0.0,0.0,0.0,0.0,0.0,0.0,0.0,0.0,0.0,0.0,0.0,0.0,0.0,7073.64176628762,7073.64176628762,7073.64176628762,0.0,0.0,0.0,696.0629871061603,696.0629871061603,696.0629871061603,1219.9357873461086,1219.9357873461086,1219.9357873461086,5157.642991835352,5157.642991835352,5157.642991835352,0.0,0.0,0.0,40309.650995382275
2018-03-02,33272.10131432242,32126.60216746947,45121.29919161321,33272.10131432242,33272.10131432242,0.0,0.0,0.0,0.0,0.0,0.0,0.0,0.0,0.0,0.0,0.0,0.0,0.0,0.0,0.0,0.0,0.0,0.0,0.0,0.0,0.0,0.0,0.0,0.0,0.0,0.0,0.0,0.0,0.0,0.0,0.0,0.0,0.0,0.0,0.0,0.0,5084.9734652082425,5084.9734652082425,5084.9734652082425,0.0,0.0,0.0,973.7220397031457,973.7220397031457,973.7220397031457,-965.6856366738916,-965.6856366738916,-965.6856366738916,5076.937062178987,5076.937062178987,5076.937062178987,0.0,0.0,0.0,38357.07477953066
2018-03-03,33308.1933995502,26405.800773493465,40007.87136271009,33308.1933995502,33308.1933995502,0.0,0.0,0.0,0.0,0.0,0.0,0.0,0.0,0.0,0.0,0.0,0.0,0.0,0.0,0.0,0.0,0.0,0.0,0.0,0.0,0.0,0.0,0.0,0.0,0.0,0.0,0.0,0.0,0.0,0.0,0.0,0.0,0.0,0.0,0.0,0.0,33.778664446024905,33.778664446024905,33.778664446024905,0.0,0.0,0.0,996.5691629586082,996.5691629586082,996.5691629586082,-5946.296305798825,-5946.296305798825,-5946.296305798825,4983.505807286242,4983.505807286242,4983.505807286242,0.0,0.0,0.0,33341.972063996225
2018-03-04,33344.28548477796,28444.55013016726,42165.69525696005,33344.28548477796,33344.28548477796,0.0,0.0,0.0,0.0,0.0,0.0,0.0,0.0,0.0,0.0,0.0,0.0,0.0,0.0,0.0,0.0,0.0,0.0,0.0,0.0,0.0,0.0,0.0,0.0,0.0,0.0,0.0,0.0,0.0,0.0,0.0,0.0,0.0,0.0,0.0,0.0,1639.528237977637,1639.528237977637,1639.528237977637,0.0,0.0,0.0,1094.2714922879243,1094.2714922879243,1094.2714922879243,-4335.859526205775,-4335.859526205775,-4335.859526205775,4881.116271895489,4881.116271895489,4881.116271895489,0.0,0.0,0.0,34983.8137227556
2018-03-05,33380.37757000573,37689.66210408476,49942.63282313663,33380.37757000573,33380.37757000573,0.0,0.0,0.0,0.0,0.0,0.0,0.0,0.0,0.0,0.0,0.0,0.0,0.0,0.0,0.0,0.0,0.0,0.0,0.0,0.0,0.0,0.0,0.0,0.0,0.0,0.0,0.0,0.0,0.0,0.0,0.0,0.0,0.0,0.0,0.0,0.0,10338.419539593742,10338.419539593742,10338.419539593742,0.0,0.0,0.0,1361.3279878889787,1361.3279878889787,1361.3279878889787,4203.539984515148,4203.539984515148,4203.539984515148,4773.551567189615,4773.551567189615,4773.551567189615,0.0,0.0,0.0,43718.79710959947
2018-03-06,33416.46965523349,37180.22976065548,49401.735306652714,33416.46965523349,33416.46965523349,0.0,0.0,0.0,0.0,0.0,0.0,0.0,0.0,0.0,0.0,0.0,0.0,0.0,0.0,0.0,0.0,0.0,0.0,0.0,0.0,0.0,0.0,0.0,0.0,0.0,0.0,0.0,0.0,0.0,0.0,0.0,0.0,0.0,0.0,0.0,0.0,9590.054709198177,9590.054709198177,9590.054709198177,0.0,0.0,0.0,1577.6733750091253,1577.6733750091253,1577.6733750091253,3347.897897521223,3347.897897521223,3347.897897521223,4664.483436667827,4664.483436667827,4664.483436667827,0.0,0.0,0.0,43006.52436443167
2018-03-07,33452.561740461264,35197.598599787896,48884.79409193142,33452.561740461264,33452.561740461264,0.0,0.0,0.0,0.0,0.0,0.0,0.0,0.0,0.0,0.0,0.0,0.0,0.0,0.0,0.0,0.0,0.0,0.0,0.0,0.0,0.0,0.0,0.0,0.0,0.0,0.0,0.0,0.0,0.0,0.0,0.0,0.0,0.0,0.0,0.0,0.0,8495.103741355426,8495.103741355426,8495.103741355426,0.0,0.0,0.0,1461.284965943104,1461.284965943104,1461.284965943104,2476.4677992981765,2476.4677992981765,2476.4677992981765,4557.350976114146,4557.350976114146,4557.350976114146,0.0,0.0,0.0,41947.665481816686
2018-03-08,33488.65382568903,33929.54485658112,46333.495372247904,33488.65382568903,33488.65382568903,0.0,0.0,0.0,0.0,0.0,0.0,0.0,0.0,0.0,0.0,0.0,0.0,0.0,0.0,0.0,0.0,0.0,0.0,0.0,0.0,0.0,0.0,0.0,0.0,0.0,0.0,0.0,0.0,0.0,0.0,0.0,0.0,0.0,0.0,0.0,0.0,6656.084466713607,6656.084466713607,6656.084466713607,0.0,0.0,0.0,980.8996075566364,980.8996075566364,980.8996075566364,1219.9357873528706,1219.9357873528706,1219.9357873528706,4455.249071804097,4455.249071804097,4455.249071804097,0.0,0.0,0.0,40144.73829240263
2018-03-09,33524.745910916805,30441.88891329885,43496.920052711925,33524.745910916805,33524.745910916805,0.0,0.0,0.0,0.0,0.0,0.0,0.0,0.0,0.0,0.0,0.0,0.0,0.0,0.0,0.0,0.0,0.0,0.0,0.0,0.0,0.0,0.0,0.0,0.0,0.0,0.0,0.0,0.0,0.0,0.0,0.0,0.0,0.0,0.0,0.0,0.0,3805.7270577130153,3805.7270577130153,3805.7270577130153,0.0,0.0,0.0,410.5828798347392,410.5828798347392,410.5828798347392,-965.6856366730076,-965.6856366730076,-965.6856366730076,4360.829814551284,4360.829814551284,4360.829814551284,0.0,0.0,0.0,37330.47296862982
2018-03-10,33560.837996144575,25544.282302613992,38499.7759779688,33560.837996144575,33560.837996144575,0.0,0.0,0.0,0.0,0.0,0.0,0.0,0.0,0.0,0.0,0.0,0.0,0.0,0.0,0.0,0.0,0.0,0.0,0.0,0.0,0.0,0.0,0.0,0.0,0.0,0.0,0.0,0.0,0.0,0.0,0.0,0.0,0.0,0.0,0.0,0.0,-1590.5719930543771,-1590.5719930543771,-1590.5719930543771,0.0,0.0,0.0,79.50456088477851,79.50456088477851,79.50456088477851,-5946.296305799295,-5946.296305799295,-5946.296305799295,4276.219751860139,4276.219751860139,4276.219751860139,0.0,0.0,0.0,31970.266003090197
2018-03-11,33596.93008137234,26866.68033504901,40099.25971157966,33596.93008137234,33596.93008137234,0.0,0.0,0.0,0.0,0.0,0.0,0.0,0.0,0.0,0.0,0.0,0.0,0.0,0.0,0.0,0.0,0.0,0.0,0.0,0.0,0.0,0.0,0.0,0.0,0.0,0.0,0.0,0.0,0.0,0.0,0.0,0.0,0.0,0.0,0.0,0.0,-53.53244441243604,-53.53244441243604,-53.53244441243604,0.0,0.0,0.0,79.37171435453098,79.37171435453098,79.37171435453098,-4335.859526215702,-4335.859526215702,-4335.859526215702,4202.955367448736,4202.955367448736,4202.955367448736,0.0,0.0,0.0,33543.397636959904
2018-03-12,33633.02216660011,35621.0387100221,48590.62662520992,33633.02216660011,33633.02216660011,0.0,0.0,0.0,0.0,0.0,0.0,0.0,0.0,0.0,0.0,0.0,0.0,0.0,0.0,0.0,0.0,0.0,0.0,0.0,0.0,0.0,0.0,0.0,0.0,0.0,0.0,0.0,0.0,0.0,0.0,0.0,0.0,0.0,0.0,0.0,0.0,8572.648328444924,8572.648328444924,8572.648328444924,0.0,0.0,0.0,227.16970438895743,227.16970438895743,227.16970438895743,4203.539984517014,4203.539984517014,4203.539984517014,4141.938639538953,4141.938639538953,4141.938639538953,0.0,0.0,0.0,42205.67049504504
2018-03-13,33669.11425182787,34574.94204163518,48052.29931469833,33669.11425182787,33669.11425182787,0.0,0.0,0.0,0.0,0.0,0.0,0.0,0.0,0.0,0.0,0.0,0.0,0.0,0.0,0.0,0.0,0.0,0.0,0.0,0.0,0.0,0.0,0.0,0.0,0.0,0.0,0.0,0.0,0.0,0.0,0.0,0.0,0.0,0.0,0.0,0.0,7751.811342910631,7751.811342910631,7751.811342910631,0.0,0.0,0.0,310.4995041621982,310.4995041621982,310.4995041621982,3347.8978975245623,3347.8978975245623,3347.8978975245623,4093.413941223871,4093.413941223871,4093.413941223871,0.0,0.0,0.0,41420.9255947385
2018-03-14,33705.20633705564,33946.09155233423,46881.74434563192,33705.20633705564,33705.20633705564,0.0,0.0,0.0,0.0,0.0,0.0,0.0,0.0,0.0,0.0,0.0,0.0,0.0,0.0,0.0,0.0,0.0,0.0,0.0,0.0,0.0,0.0,0.0,0.0,0.0,0.0,0.0,0.0,0.0,0.0,0.0,0.0,0.0,0.0,0.0,0.0,6878.158728941756,6878.158728941756,6878.158728941756,0.0,0.0,0.0,344.7240055972017,344.7240055972017,344.7240055972017,2476.4677993021683,2476.4677993021683,2476.4677993021683,4056.9669240423873,4056.9669240423873,4056.9669240423873,0.0,0.0,0.0,40583.3650659974
2018-03-15,33741.298422283406,33336.09433169872,45976.64245787017,33741.298422283406,33741.298422283406,0.0,0.0,0.0,0.0,0.0,0.0,0.0,0.0,0.0,0.0,0.0,0.0,0.0,0.0,0.0,0.0,0.0,0.0,0.0,0.0,0.0,0.0,0.0,0.0,0.0,0.0,0.0,0.0,0.0,0.0,0.0,0.0,0.0,0.0,0.0,0.0,5804.56303986219,5804.56303986219,5804.56303986219,0.0,0.0,0.0,553.081866209056,553.081866209056,553.081866209056,1219.935787348631,1219.935787348631,1219.935787348631,4031.5453863045013,4031.5453863045013,4031.5453863045013,0.0,0.0,0.0,39545.86146214559
2018-03-16,33777.39050751118,31316.032578690498,44484.836457599784,33777.39050751118,33777.39050751118,0.0,0.0,0.0,0.0,0.0,0.0,0.0,0.0,0.0,0.0,0.0,0.0,0.0,0.0,0.0,0.0,0.0,0.0,0.0,0.0,0.0,0.0,0.0,0.0,0.0,0.0,0.0,0.0,0.0,0.0,0.0,0.0,0.0,0.0,0.0,0.0,4119.032733484663,4119.032733484663,4119.032733484663,0.0,0.0,0.0,1069.2168818323544,1069.2168818323544,1069.2168818323544,-965.6856366784662,-965.6856366784662,-965.6856366784662,4015.5014883307745,4015.5014883307745,4015.5014883307745,0.0,0.0,0.0,37896.42324099585
2018-03-17,33813.48259273895,27367.168350880387,39991.41833789869,33813.48259273895,33813.48259273895,0.0,0.0,0.0,0.0,0.0,0.0,0.0,0.0,0.0,0.0,0.0,0.0,0.0,0.0,0.0,0.0,0.0,0.0,0.0,0.0,0.0,0.0,0.0,0.0,0.0,0.0,0.0,0.0,0.0,0.0,0.0,0.0,0.0,0.0,0.0,0.0,-271.0515534504362,-271.0515534504362,-271.0515534504362,0.0,0.0,0.0,1668.5906975857433,1668.5906975857433,1668.5906975857433,-5946.296305799764,-5946.296305799764,-5946.296305799764,4006.654054763584,4006.654054763584,4006.654054763584,0.0,0.0,0.0,33542.43103928851
2018-03-18,33849.57467796672,28925.49424161759,41651.02825163356,33849.57467796672,33849.57467796672,0.0,0.0,0.0,0.0,0.0,0.0,0.0,0.0,0.0,0.0,0.0,0.0,0.0,0.0,0.0,0.0,0.0,0.0,0.0,0.0,0.0,0.0,0.0,0.0,0.0,0.0,0.0,0.0,0.0,0.0,0.0,0.0,0.0,0.0,0.0,0.0,1508.6819103037774,1508.6819103037774,1508.6819103037774,0.0,0.0,0.0,1842.1723199231787,1842.1723199231787,1842.1723199231787,-4335.8595262303215,-4335.8595262303215,-4335.8595262303215,4002.3691166109193,4002.3691166109193,4002.3691166109193,0.0,0.0,0.0,35358.256588270495
2018-03-19,33885.66676319449,37059.10758676836,49689.74830102354,33885.66676319449,33885.66676319449,0.0,0.0,0.0,0.0,0.0,0.0,0.0,0.0,0.0,0.0,0.0,0.0,0.0,0.0,0.0,0.0,0.0,0.0,0.0,0.0,0.0,0.0,0.0,0.0,0.0,0.0,0.0,0.0,0.0,0.0,0.0,0.0,0.0,0.0,0.0,0.0,9407.551833749882,9407.551833749882,9407.551833749882,0.0,0.0,0.0,1204.3555406325293,1204.3555406325293,1204.3555406325293,4203.539984513445,4203.539984513445,4203.539984513445,3999.656308603908,3999.656308603908,3999.656308603908,0.0,0.0,0.0,43293.21859694437
2018-03-20,33921.75877957993,34784.22498858824,47712.24363551703,33921.75877957993,33921.75877957993,0.0,0.0,0.0,0.0,0.0,0.0,0.0,0.0,0.0,0.0,0.0,0.0,0.0,0.0,0.0,0.0,0.0,0.0,0.0,0.0,0.0,0.0,0.0,0.0,0.0,0.0,0.0,0.0,0.0,0.0,0.0,0.0,0.0,0.0,0.0,0.0,7223.66969073588,7223.66969073588,7223.66969073588,0.0,0.0,0.0,-119.50647245567332,-119.50647245567332,-119.50647245567332,3347.8978975223413,3347.8978975223413,3347.8978975223413,3995.2782656692107,3995.2782656692107,3995.2782656692107,0.0,0.0,0.0,41145.42847031581
2018-03-21,33957.85079596539,32231.967845894993,45548.13996235126,33957.85079596539,33957.85079596539,0.0,0.0,0.0,0.0,0.0,0.0,0.0,0.0,0.0,0.0,0.0,0.0,0.0,0.0,0.0,0.0,0.0,0.0,0.0,0.0,0.0,0.0,0.0,0.0,0.0,0.0,0.0,0.0,0.0,0.0,0.0,0.0,0.0,0.0,0.0,0.0,4956.708187182236,4956.708187182236,4956.708187182236,0.0,0.0,0.0,-1505.6293809246065,-1505.6293809246065,-1505.6293809246065,2476.467799300576,2476.467799300576,2476.467799300576,3985.8697688062653,3985.8697688062653,3985.8697688062653,0.0,0.0,0.0,38914.558983147625
2018-03-22,33993.94281235083,30430.043194832822,43120.98976125741,33993.94281235083,33993.94281235083,0.0,0.0,0.0,0.0,0.0,0.0,0.0,0.0,0.0,0.0,0.0,0.0,0.0,0.0,0.0,0.0,0.0,0.0,0.0,0.0,0.0,0.0,0.0,0.0,0.0,0.0,0.0,0.0,0.0,0.0,0.0,0.0,0.0,0.0,0.0,0.0,2908.5663814909735,2908.5663814909735,2908.5663814909735,0.0,0.0,0.0,-2279.43249227884,-2279.43249227884,-2279.43249227884,1219.9357873443912,1219.9357873443912,1219.9357873443912,3968.0630864254226,3968.0630864254226,3968.0630864254226,0.0,0.0,0.0,36902.509193841805
2018-03-23,34030.03482873629,28042.860235877462,41284.38132220804,34030.03482873629,34030.03482873629,0.0,0.0,0.0,0.0,0.0,0.0,0.0,0.0,0.0,0.0,0.0,0.0,0.0,0.0,0.0,0.0,0.0,0.0,0.0,0.0,0.0,0.0,0.0,0.0,0.0,0.0,0.0,0.0,0.0,0.0,0.0,0.0,0.0,0.0,0.0,0.0,743.1100933085652,743.1100933085652,743.1100933085652,0.0,0.0,0.0,-2229.820020911819,-2229.820020911819,-2229.820020911819,-965.6856366775822,-965.6856366775822,-965.6856366775822,3938.6157508979677,3938.6157508979677,3938.6157508979677,0.0,0.0,0.0,34773.14492204485
2018-03-24,34066.12684512173,23891.3100639587,36688.35272677193,34066.12684512173,34066.12684512173,0.0,0.0,0.0,0.0,0.0,0.0,0.0,0.0,0.0,0.0,0.0,0.0,0.0,0.0,0.0,0.0,0.0,0.0,0.0,0.0,0.0,0.0,0.0,0.0,0.0,0.0,0.0,0.0,0.0,0.0,0.0,0.0,0.0,0.0,0.0,0.0,-3793.193231686148,-3793.193231686148,-3793.193231686148,0.0,0.0,0.0,-1741.4338336537833,-1741.4338336537833,-1741.4338336537833,-5946.296305795103,-5946.296305795103,-5946.296305795103,3894.536907762738,3894.536907762738,3894.536907762738,0.0,0.0,0.0,30272.933613435584
2018-03-25,34102.21886150719,25849.58955595495,38764.60523180992,34102.21886150719,34102.21886150719,0.0,0.0,0.0,0.0,0.0,0.0,0.0,0.0,0.0,0.0,0.0,0.0,0.0,0.0,0.0,0.0,0.0,0.0,0.0,0.0,0.0,0.0,0.0,0.0,0.0,0.0,0.0,0.0,0.0,0.0,0.0,0.0,0.0,0.0,0.0,0.0,-1929.9778988998796,-1929.9778988998796,-1929.9778988998796,0.0,0.0,0.0,-1427.3267526840293,-1427.3267526840293,-1427.3267526840293,-4335.859526221647,-4335.859526221647,-4335.859526221647,3833.2083800057962,3833.2083800057962,3833.2083800057962,0.0,0.0,0.0,32172.240962607306
2018-03-26,34138.31087789263,34438.04353690886,46929.79883221639,34138.31087789263,34138.31087789263,0.0,0.0,0.0,0.0,0.0,0.0,0.0,0.0,0.0,0.0,0.0,0.0,0.0,0.0,0.0,0.0,0.0,0.0,0.0,0.0,0.0,0.0,0.0,0.0,0.0,0.0,0.0,0.0,0.0,0.0,0.0,0.0,0.0,0.0,0.0,0.0,6366.94611222691,6366.94611222691,6366.94611222691,0.0,0.0,0.0,-1589.0905747931063,-1589.0905747931063,-1589.0905747931063,4203.539984515312,4203.539984515312,4203.539984515312,3752.496702504704,3752.496702504704,3752.496702504704,0.0,0.0,0.0,40505.256990119546
2018-03-27,34174.40289427808,32877.712612469244,45846.26698877422,34174.40289427808,34174.40289427808,0.0,0.0,0.0,0.0,0.0,0.0,0.0,0.0,0.0,0.0,0.0,0.0,0.0,0.0,0.0,0.0,0.0,0.0,0.0,0.0,0.0,0.0,0.0,0.0,0.0,0.0,0.0,0.0,0.0,0.0,0.0,0.0,0.0,0.0,0.0,0.0,5018.16554702598,5018.16554702598,5018.16554702598,0.0,0.0,0.0,-1980.5849502167232,-1980.5849502167232,-1980.5849502167232,3347.897897520614,3347.897897520614,3347.897897520614,3650.85259972209,3650.85259972209,3650.85259972209,0.0,0.0,0.0,39192.56844130406
2018-03-28,34210.49491066353,31869.79518950509,44728.43487997204,34210.49491066353,34210.49491066353,0.0,0.0,0.0,0.0,0.0,0.0,0.0,0.0,0.0,0.0,0.0,0.0,0.0,0.0,0.0,0.0,0.0,0.0,0.0,0.0,0.0,0.0,0.0,0.0,0.0,0.0,0.0,0.0,0.0,0.0,0.0,0.0,0.0,0.0,0.0,0.0,3935.2092474191513,3935.2092474191513,3935.2092474191513,0.0,0.0,0.0,-2068.6532496380105,-2068.6532496380105,-2068.6532496380105,2476.4677993013493,2476.4677993013493,2476.4677993013493,3527.394697755812,3527.394697755812,3527.394697755812,0.0,0.0,0.0,38145.704158082684
2018-03-29,34246.586927048986,30543.238904273137,43657.36483193523,34246.586927048986,34246.586927048986,0.0,0.0,0.0,0.0,0.0,0.0,0.0,0.0,0.0,0.0,0.0,0.0,0.0,0.0,0.0,0.0,0.0,0.0,0.0,0.0,0.0,0.0,0.0,0.0,0.0,0.0,0.0,0.0,0.0,0.0,0.0,0.0,0.0,0.0,0.0,0.0,3068.0653755449766,3068.0653755449766,3068.0653755449766,0.0,0.0,0.0,-1533.8450836619877,-1533.8450836619877,-1533.8450836619877,1219.9357873511535,1219.9357873511535,1219.9357873511535,3381.974671855812,3381.974671855812,3381.974671855812,0.0,0.0,0.0,37314.65230259396
2018-03-30,34282.67894343443,29538.86609528012,42676.47808665555,34282.67894343443,34282.67894343443,0.0,0.0,0.0,0.0,0.0,0.0,0.0,0.0,0.0,0.0,0.0,0.0,0.0,0.0,0.0,0.0,0.0,0.0,0.0,0.0,0.0,0.0,0.0,0.0,0.0,0.0,0.0,0.0,0.0,0.0,0.0,0.0,0.0,0.0,0.0,0.0,1697.74350569564,1697.74350569564,1697.74350569564,0.0,0.0,0.0,-551.7923798045871,-551.7923798045871,-551.7923798045871,-965.6856366783277,-965.6856366783277,-965.6856366783277,3215.2215221785546,3215.2215221785546,3215.2215221785546,0.0,0.0,0.0,35980.42244913007
2018-03-31,34318.770959819885,24286.215521269198,37292.25139602564,34318.770959819885,34318.770959819885,0.0,0.0,0.0,0.0,0.0,0.0,0.0,0.0,0.0,0.0,0.0,0.0,0.0,0.0,0.0,0.0,0.0,0.0,0.0,0.0,0.0,0.0,0.0,0.0,0.0,0.0,0.0,0.0,0.0,0.0,-1210.4543796264638,-1210.4543796264638,-1210.4543796264638,0.0,0.0,0.0,-3747.048842772488,-3747.048842772488,-3747.048842772488,-1210.4543796264638,-1210.4543796264638,-1210.4543796264638,381.13861164167105,381.13861164167105,381.13861164167105,-5946.296305801696,-5946.296305801696,-5946.296305801696,3028.563231014001,3028.563231014001,3028.563231014001,0.0,0.0,0.0,30571.722117047397
2018-04-01,34354.86297620534,24770.84642305356,38664.806068181984,34354.86297620534,34354.86297620534,0.0,0.0,0.0,0.0,0.0,0.0,0.0,0.0,0.0,0.0,0.0,0.0,0.0,0.0,0.0,0.0,0.0,0.0,0.0,0.0,0.0,0.0,0.0,0.0,0.0,0.0,0.0,0.0,0.0,0.0,-2287.27393966848,-2287.27393966848,-2287.27393966848,0.0,0.0,0.0,-2911.5383563599576,-2911.5383563599576,-2911.5383563599576,-2287.27393966848,-2287.27393966848,-2287.27393966848,887.3704401839092,887.3704401839092,887.3704401839092,-4335.859526217662,-4335.859526217662,-4335.859526217662,2824.224669342275,2824.224669342275,2824.224669342275,0.0,0.0,0.0,31443.32461984538
2018-04-02,34390.954992590785,33185.651028520166,45756.485742068406,34390.954992590785,34390.954992590785,0.0,0.0,0.0,0.0,0.0,0.0,0.0,0.0,0.0,0.0,0.0,0.0,0.0,0.0,0.0,0.0,0.0,0.0,0.0,0.0,0.0,0.0,0.0,0.0,0.0,0.0,0.0,0.0,0.0,0.0,-2757.2825403468796,-2757.2825403468796,-2757.2825403468796,0.0,0.0,0.0,5045.820659834786,5045.820659834786,5045.820659834786,-2757.2825403468796,-2757.2825403468796,-2757.2825403468796,994.361942355035,994.361942355035,994.361942355035,4203.539984517179,4203.539984517179,4203.539984517179,2605.2012733094525,2605.2012733094525,2605.2012733094525,0.0,0.0,0.0,39436.77565242557
2018-04-03,34427.04700897624,34835.15628386195,47264.675712925324,34427.04700897624,34427.04700897624,0.0,0.0,0.0,0.0,0.0,0.0,0.0,0.0,0.0,0.0,0.0,0.0,0.0,0.0,0.0,0.0,0.0,0.0,0.0,0.0,0.0,0.0,0.0,0.0,0.0,0.0,0.0,0.0,0.0,0.0,0.0,0.0,0.0,0.0,0.0,0.0,6744.91461654282,6744.91461654282,6744.91461654282,0.0,0.0,0.0,1021.8080344983275,1021.8080344983275,1021.8080344983275,3347.8978975183923,3347.8978975183923,3347.8978975183923,2375.2086845260988,2375.2086845260988,2375.2086845260988,0.0,0.0,0.0,41171.961625519056
2018-04-04,34463.139025361685,33919.586093652295,47038.40922061014,34463.139025361685,34463.139025361685,0.0,0.0,0.0,0.0,0.0,0.0,0.0,0.0,0.0,0.0,0.0,0.0,0.0,0.0,0.0,0.0,0.0,0.0,0.0,0.0,0.0,0.0,0.0,0.0,0.0,0.0,0.0,0.0,0.0,0.0,0.0,0.0,0.0,0.0,0.0,0.0,5829.835859751562,5829.835859751562,5829.835859751562,0.0,0.0,0.0,1214.7588362819815,1214.7588362819815,1214.7588362819815,2476.467799302122,2476.467799302122,2476.467799302122,2138.6092241674583,2138.6092241674583,2138.6092241674583,0.0,0.0,0.0,40292.974885113246
2018-04-05,34499.23104174713,32532.47756067935,45819.39125145829,34499.23104174713,34499.23104174713,0.0,0.0,0.0,0.0,0.0,0.0,0.0,0.0,0.0,0.0,0.0,0.0,0.0,0.0,0.0,0.0,0.0,0.0,0.0,0.0,0.0,0.0,0.0,0.0,0.0,0.0,0.0,0.0,0.0,0.0,0.0,0.0,0.0,0.0,0.0,0.0,4616.573674151469,4616.573674151469,4616.573674151469,0.0,0.0,0.0,1496.3211553845501,1496.3211553845501,1496.3211553845501,1219.9357873469137,1219.9357873469137,1219.9357873469137,1900.3167314200052,1900.3167314200052,1900.3167314200052,0.0,0.0,0.0,39115.8047158986
2018-04-06,34535.323058132584,30632.314936696483,42987.9319415693,34535.323058132584,34535.323058132584,0.0,0.0,0.0,0.0,0.0,0.0,0.0,0.0,0.0,0.0,0.0,0.0,0.0,0.0,0.0,0.0,0.0,0.0,0.0,0.0,0.0,0.0,0.0,0.0,0.0,0.0,0.0,0.0,0.0,0.0,0.0,0.0,0.0,0.0,0.0,0.0,2271.3147058034824,2271.3147058034824,2271.3147058034824,0.0,0.0,0.0,1571.3184185704763,1571.3184185704763,1571.3184185704763,-965.6856366774432,-965.6856366774432,-965.6856366774432,1665.6819239104498,1665.6819239104498,1665.6819239104498,0.0,0.0,0.0,36806.637763936065
2018-04-07,34571.399506829766,24996.69452707979,37408.89105505244,34571.399506829766,34571.399506829766,0.0,0.0,0.0,0.0,0.0,0.0,0.0,0.0,0.0,0.0,0.0,0.0,0.0,0.0,0.0,0.0,0.0,0.0,0.0,0.0,0.0,0.0,0.0,0.0,0.0,0.0,0.0,0.0,0.0,0.0,0.0,0.0,0.0,0.0,0.0,0.0,-3251.163902442609,-3251.163902442609,-3251.163902442609,0.0,0.0,0.0,1254.77138906691,1254.77138906691,1254.77138906691,-5946.296305802164,-5946.296305802164,-5946.296305802164,1440.3610142926457,1440.3610142926457,1440.3610142926457,0.0,0.0,0.0,31320.23560438716
2018-04-08,34607.47595552695,25465.31136068093,38728.310800459105,34607.47595552695,34607.47595552695,0.0,0.0,0.0,0.0,0.0,0.0,0.0,0.0,0.0,0.0,0.0,0.0,0.0,0.0,0.0,0.0,0.0,0.0,0.0,0.0,0.0,0.0,0.0,0.0,0.0,0.0,0.0,0.0,0.0,0.0,0.0,0.0,0.0,0.0,0.0,0.0,-2422.100219705473,-2422.100219705473,-2422.100219705473,0.0,0.0,0.0,683.5884794627028,683.5884794627028,683.5884794627028,-4335.859526208987,-4335.859526208987,-4335.859526208987,1230.1708270408103,1230.1708270408103,1230.1708270408103,0.0,0.0,0.0,32185.375735821475
2018-04-09,34643.55240422414,33883.57232826304,46725.708972699824,34643.55240422414,34643.55240422414,0.0,0.0,0.0,0.0,0.0,0.0,0.0,0.0,0.0,0.0,0.0,0.0,0.0,0.0,0.0,0.0,0.0,0.0,0.0,0.0,0.0,0.0,0.0,0.0,0.0,0.0,0.0,0.0,0.0,0.0,0.0,0.0,0.0,0.0,0.0,0.0,5446.170788969814,5446.170788969814,5446.170788969814,0.0,0.0,0.0,201.69671595564247,201.69671595564247,201.69671595564247,4203.53998451361,4203.53998451361,4203.53998451361,1040.934088500561,1040.934088500561,1040.934088500561,0.0,0.0,0.0,40089.72319319395
2018-04-10,34679.62885292132,32861.57476244868,45589.568573608885,34679.62885292132,34679.62885292132,0.0,0.0,0.0,0.0,0.0,0.0,0.0,0.0,0.0,0.0,0.0,0.0,0.0,0.0,0.0,0.0,0.0,0.0,0.0,0.0,0.0,0.0,0.0,0.0,0.0,0.0,0.0,0.0,0.0,0.0,0.0,0.0,0.0,0.0,0.0,0.0,4271.221325274294,4271.221325274294,4271.221325274294,0.0,0.0,0.0,45.00452877813882,45.00452877813882,45.00452877813882,3347.897897522225,3347.897897522225,3347.897897522225,878.3188989739298,878.3188989739298,878.3188989739298,0.0,0.0,0.0,38950.850178195615
2018-04-11,34715.7053016185,31585.65150097204,44626.45619915925,34715.7053016185,34715.7053016185,0.0,0.0,0.0,0.0,0.0,0.0,0.0,0.0,0.0,0.0,0.0,0.0,0.0,0.0,0.0,0.0,0.0,0.0,0.0,0.0,0.0,0.0,0.0,0.0,0.0,0.0,0.0,0.0,0.0,0.0,0.0,0.0,0.0,0.0,0.0,0.0,3375.3555645426336,3375.3555645426336,3375.3555645426336,0.0,0.0,0.0,151.21113714119883,151.21113714119883,151.21113714119883,2476.467799300531,2476.467799300531,2476.467799300531,747.676628100903,747.676628100903,747.676628100903,0.0,0.0,0.0,38091.06086616113
2018-04-12,34751.781750315684,30589.17822736858,43091.23538870587,34751.781750315684,34751.781750315684,0.0,0.0,0.0,0.0,0.0,0.0,0.0,0.0,0.0,0.0,0.0,0.0,0.0,0.0,0.0,0.0,0.0,0.0,0.0,0.0,0.0,0.0,0.0,0.0,0.0,0.0,0.0,0.0,0.0,0.0,0.0,0.0,0.0,0.0,0.0,0.0,2156.622900699089,2156.622900699089,2156.622900699089,0.0,0.0,0.0,282.8045165504024,282.8045165504024,282.8045165504024,1219.9357873479796,1219.9357873479796,1219.9357873479796,653.8825968007066,653.8825968007066,653.8825968007066,0.0,0.0,0.0,36908.404651014775
2018-04-13,34787.858199012866,28334.988412950457,42029.00310744502,34787.858199012866,34787.858199012866,0.0,0.0,0.0,0.0,0.0,0.0,0.0,0.0,0.0,0.0,0.0,0.0,0.0,0.0,0.0,0.0,0.0,0.0,0.0,0.0,0.0,0.0,0.0,0.0,0.0,0.0,0.0,0.0,0.0,0.0,0.0,0.0,0.0,0.0,0.0,0.0,-42.48850097441847,-42.48850097441847,-42.48850097441847,0.0,0.0,0.0,322.0132196567599,322.0132196567599,322.0132196567599,-965.6856366765594,-965.6856366765594,-965.6856366765594,601.1839160453804,601.1839160453804,601.1839160453804,0.0,0.0,0.0,34745.36969803845
2018-04-14,34823.934647710055,23126.307792264033,35872.99326484563,34823.934647710055,34823.934647710055,0.0,0.0,0.0,0.0,0.0,0.0,0.0,0.0,0.0,0.0,0.0,0.0,0.0,0.0,0.0,0.0,0.0,0.0,0.0,0.0,0.0,0.0,0.0,0.0,0.0,0.0,0.0,0.0,0.0,0.0,0.0,0.0,0.0,0.0,0.0,0.0,-4940.817254290698,-4940.817254290698,-4940.817254290698,0.0,0.0,0.0,412.4203082459775,412.4203082459775,412.4203082459775,-5946.296305792373,-5946.296305792373,-5946.296305792373,593.0587432556978,593.0587432556978,593.0587432556978,0.0,0.0,0.0,29883.117393419358
2018-04-15,34860.011096407245,25020.332013769137,38127.44116418359,34860.011096407245,34860.011096407245,0.0,0.0,0.0,0.0,0.0,0.0,0.0,0.0,0.0,0.0,0.0,0.0,0.0,0.0,0.0,0.0,0.0,0.0,0.0,0.0,0.0,0.0,0.0,0.0,0.0,0.0,0.0,0.0,0.0,0.0,0.0,0.0,0.0,0.0,0.0,0.0,-2926.697863431622,-2926.697863431622,-2926.697863431622,0.0,0.0,0.0,777.0706699858268,777.0706699858268,777.0706699858268,-4335.859526218915,-4335.859526218915,-4335.859526218915,632.0909928014659,632.0909928014659,632.0909928014659,0.0,0.0,0.0,31933.313232975623
2018-04-16,34896.08754510442,35173.33180798304,47186.01896576104,34896.08754510442,34896.08754510442,0.0,0.0,0.0,0.0,0.0,0.0,0.0,0.0,0.0,0.0,0.0,0.0,0.0,0.0,0.0,0.0,0.0,0.0,0.0,0.0,0.0,0.0,0.0,0.0,0.0,0.0,0.0,0.0,0.0,0.0,0.0,0.0,0.0,0.0,0.0,0.0,6310.803485023497,6310.803485023497,6310.803485023497,0.0,0.0,0.0,1387.399298008413,1387.399298008413,1387.399298008413,4203.539984515476,4203.539984515476,4203.539984515476,719.8642024996085,719.8642024996085,719.8642024996085,0.0,0.0,0.0,41206.89103012792
2018-04-17,34932.16399380161,34137.41496504859,47122.72908446143,34932.16399380161,34932.16399380161,0.0,0.0,0.0,0.0,0.0,0.0,0.0,0.0,0.0,0.0,0.0,0.0,0.0,0.0,0.0,0.0,0.0,0.0,0.0,0.0,0.0,0.0,0.0,0.0,0.0,0.0,0.0,0.0,0.0,0.0,0.0,0.0,0.0,0.0,0.0,0.0,6046.152445346682,6046.152445346682,6046.152445346682,0.0,0.0,0.0,1841.3767270730414,1841.3767270730414,1841.3767270730414,3347.897897520004,3347.897897520004,3347.897897520004,856.8778207536373,856.8778207536373,856.8778207536373,0.0,0.0,0.0,40978.31643914829
2018-04-18,34968.24044249879,33596.34979771032,46550.67128170628,34968.24044249879,34968.24044249879,0.0,0.0,0.0,0.0,0.0,0.0,0.0,0.0,0.0,0.0,0.0,0.0,0.0,0.0,0.0,0.0,0.0,0.0,0.0,0.0,0.0,0.0,0.0,0.0,0.0,0.0,0.0,0.0,0.0,0.0,0.0,0.0,0.0,0.0,0.0,0.0,5150.184330746434,5150.184330746434,5150.184330746434,0.0,0.0,0.0,1631.2278820856577,1631.2278820856577,1631.2278820856577,2476.4677992989405,2476.4677992989405,2476.4677992989405,1042.4886493618355,1042.4886493618355,1042.4886493618355,0.0,0.0,0.0,40118.42477324523
2018-04-19,35004.31689119598,31430.692951738853,44859.02206115454,35004.31689119598,35004.31689119598,0.0,0.0,0.0,0.0,0.0,0.0,0.0,0.0,0.0,0.0,0.0,0.0,0.0,0.0,0.0,0.0,0.0,0.0,0.0,0.0,0.0,0.0,0.0,0.0,0.0,0.0,0.0,0.0,0.0,0.0,0.0,0.0,0.0,0.0,0.0,0.0,3092.0013723344036,3092.0013723344036,3092.0013723344036,0.0,0.0,0.0,597.1860170985266,597.1860170985266,597.1860170985266,1219.93578734374,1219.93578734374,1219.93578734374,1274.8795678921365,1274.8795678921365,1274.8795678921365,0.0,0.0,0.0,38096.31826353038
2018-04-20,35040.393339893155,28653.66909034024,41322.68099033204,35040.393339893155,35040.393339893155,0.0,0.0,0.0,0.0,0.0,0.0,0.0,0.0,0.0,0.0,0.0,0.0,0.0,0.0,0.0,0.0,0.0,0.0,0.0,0.0,0.0,0.0,0.0,0.0,0.0,0.0,0.0,0.0,0.0,0.0,0.0,0.0,0.0,0.0,0.0,0.0,-267.34702372711973,-267.34702372711973,-267.34702372711973,0.0,0.0,0.0,-852.7183789748442,-852.7183789748442,-852.7183789748442,-965.6856366773056,-965.6856366773056,-965.6856366773056,1551.05699192503,1551.05699192503,1551.05699192503,0.0,0.0,0.0,34773.04631616604
2018-04-21,35076.469788590344,18867.539324791687,31388.912649618822,35076.469788590344,35076.469788590344,0.0,0.0,0.0,0.0,0.0,0.0,0.0,0.0,0.0,0.0,0.0,0.0,0.0,0.0,0.0,0.0,0.0,0.0,0.0,0.0,0.0,0.0,0.0,0.0,0.0,0.0,0.0,0.0,0.0,0.0,0.0,0.0,0.0,-4081.12538231104,-4081.12538231104,-4081.12538231104,-10157.895882624787,-10157.895882624787,-10157.895882624787,-4081.12538231104,-4081.12538231104,-4081.12538231104,-1997.3519908537703,-1997.3519908537703,-1997.3519908537703,-5946.296305786719,-5946.296305786719,-5946.296305786719,1866.8777963267423,1866.8777963267423,1866.8777963267423,0.0,0.0,0.0,24918.573905965557
2018-04-22,35112.546237287526,24103.59518112568,37242.2957389994,35112.546237287526,35112.546237287526,0.0,0.0,0.0,0.0,0.0,0.0,0.0,0.0,0.0,0.0,0.0,0.0,0.0,0.0,0.0,0.0,0.0,0.0,0.0,0.0,0.0,0.0,0.0,0.0,0.0,0.0,0.0,0.0,0.0,0.0,0.0,0.0,0.0,0.0,0.0,0.0,-4463.966550320552,-4463.966550320552,-4463.966550320552,0.0,0.0,0.0,-2345.212708301948,-2345.212708301948,-2345.212708301948,-4335.859526214931,-4335.859526214931,-4335.859526214931,2217.105684196326,2217.105684196326,2217.105684196326,0.0,0.0,0.0,30648.579686966972
2018-04-23,35148.62268598471,32885.687588779285,46011.36282960562,35148.62268598471,35148.62268598471,0.0,0.0,0.0,0.0,0.0,0.0,0.0,0.0,0.0,0.0,0.0,0.0,0.0,0.0,0.0,0.0,0.0,0.0,0.0,0.0,0.0,0.0,0.0,0.0,0.0,0.0,0.0,0.0,0.0,0.0,0.0,0.0,0.0,0.0,0.0,0.0,4798.262596667922,4798.262596667922,4798.262596667922,0.0,0.0,0.0,-2000.7736094452978,-2000.7736094452978,-2000.7736094452978,4203.5399845196725,4203.5399845196725,4203.5399845196725,2595.496221593547,2595.496221593547,2595.496221593547,0.0,0.0,0.0,39946.88528265263
2018-04-24,35184.69913468189,34125.43540485804,46759.61967410297,35184.69913468189,35184.69913468189,0.0,0.0,0.0,0.0,0.0,0.0,0.0,0.0,0.0,0.0,0.0,0.0,0.0,0.0,0.0,0.0,0.0,0.0,0.0,0.0,0.0,0.0,0.0,0.0,0.0,0.0,0.0,0.0,0.0,0.0,0.0,0.0,0.0,0.0,0.0,0.0,4811.5800395898605,4811.5800395898605,4811.5800395898605,0.0,0.0,0.0,-1531.226865077815,-1531.226865077815,-1531.226865077815,3347.897897523836,3347.897897523836,3347.897897523836,2994.9090071438395,2994.9090071438395,2994.9090071438395,0.0,0.0,0.0,39996.27917427175
2018-04-25,35220.77558337908,33422.3072825672,45165.24126767616,35220.77558337908,35220.77558337908,0.0,0.0,0.0,0.0,0.0,0.0,0.0,0.0,0.0,0.0,0.0,0.0,0.0,0.0,0.0,0.0,0.0,0.0,0.0,0.0,0.0,0.0,0.0,0.0,0.0,0.0,0.0,0.0,0.0,0.0,0.0,0.0,0.0,0.0,0.0,0.0,4431.82472419622,4431.82472419622,4431.82472419622,0.0,0.0,0.0,-1452.087798960635,-1452.087798960635,-1452.087798960635,2476.467799302931,2476.467799302931,2476.467799302931,3407.4447238539256,3407.4447238539256,3407.4447238539256,0.0,0.0,0.0,39652.600307575296
2018-04-26,35256.85203207626,32611.43444789382,44896.907584203276,35256.85203207626,35256.85203207626,0.0,0.0,0.0,0.0,0.0,0.0,0.0,0.0,0.0,0.0,0.0,0.0,0.0,0.0,0.0,0.0,0.0,0.0,0.0,0.0,0.0,0.0,0.0,0.0,0.0,0.0,0.0,0.0,0.0,0.0,0.0,0.0,0.0,0.0,0.0,0.0,3255.987352541478,3255.987352541478,3255.987352541478,0.0,0.0,0.0,-1788.5525815944964,-1788.5525815944964,-1788.5525815944964,1219.9357873451963,1219.9357873451963,1219.9357873451963,3824.604146790778,3824.604146790778,3824.604146790778,0.0,0.0,0.0,38512.83938461774
2018-04-27,35292.928480773444,30290.179142760186,42535.70450918446,35292.928480773444,35292.928480773444,0.0,0.0,0.0,0.0,0.0,0.0,0.0,0.0,0.0,0.0,0.0,0.0,0.0,0.0,0.0,0.0,0.0,0.0,0.0,0.0,0.0,0.0,0.0,0.0,0.0,0.0,0.0,0.0,0.0,0.0,0.0,0.0,0.0,0.0,0.0,0.0,1178.8692728454494,1178.8692728454494,1178.8692728454494,0.0,0.0,0.0,-2092.910663445797,-2092.910663445797,-2092.910663445797,-965.6856366764218,-965.6856366764218,-965.6856366764218,4237.465572967667,4237.465572967667,4237.465572967667,0.0,0.0,0.0,36471.79775361889
2018-04-28,35329.00492947063,25953.4619950094,38719.89405588019,35329.00492947063,35329.00492947063,0.0,0.0,0.0,0.0,0.0,0.0,0.0,0.0,0.0,0.0,0.0,0.0,0.0,0.0,0.0,0.0,0.0,0.0,0.0,0.0,0.0,0.0,0.0,0.0,0.0,0.0,0.0,0.0,0.0,0.0,0.0,0.0,0.0,0.0,0.0,0.0,-3189.314122788722,-3189.314122788722,-3189.314122788722,0.0,0.0,0.0,-1879.8944318530507,-1879.8944318530507,-1879.8944318530507,-5946.296305793311,-5946.296305793311,-5946.296305793311,4636.876614857638,4636.876614857638,4636.876614857638,0.0,0.0,0.0,32139.690806681912
2018-04-29,35365.08137816781,28633.188776202336,41603.653496678264,35365.08137816781,35365.08137816781,0.0,0.0,0.0,0.0,0.0,0.0,0.0,0.0,0.0,0.0,0.0,0.0,0.0,0.0,0.0,0.0,0.0,0.0,0.0,0.0,0.0,0.0,0.0,0.0,0.0,0.0,0.0,0.0,0.0,0.0,0.0,0.0,0.0,0.0,0.0,0.0,-392.57630763589776,-392.57630763589776,-392.57630763589776,0.0,0.0,0.0,-1070.3726526489309,-1070.3726526489309,-1070.3726526489309,-4335.859526210947,-4335.859526210947,-4335.859526210947,5013.6558712239785,5013.6558712239785,5013.6558712239785,0.0,0.0,0.0,34972.50507053191
2018-04-30,35401.157826865,38346.54035184737,51127.64297292,35401.157826865,35401.157826865,0.0,0.0,0.0,0.0,0.0,0.0,0.0,0.0,0.0,0.0,0.0,0.0,0.0,0.0,0.0,0.0,0.0,0.0,0.0,0.0,0.0,0.0,0.0,0.0,0.0,0.0,0.0,0.0,0.0,0.0,0.0,0.0,0.0,0.0,0.0,0.0,9514.626905064895,9514.626905064895,9514.626905064895,0.0,0.0,0.0,-47.71274970613679,-47.71274970613679,-47.71274970613679,4203.539984521539,4203.539984521539,4203.539984521539,5358.799670249493,5358.799670249493,5358.799670249493,0.0,0.0,0.0,44915.78473192989
2018-05-01,35437.23427556218,29823.791162752146,42689.062907886684,35437.23427556218,35437.23427556218,0.0,0.0,0.0,0.0,0.0,0.0,0.0,0.0,0.0,0.0,0.0,0.0,0.0,0.0,0.0,0.0,0.0,0.0,0.0,0.0,0.0,-8830.556252468159,-8830.556252468159,-8830.556252468159,0.0,0.0,0.0,0.0,0.0,0.0,0.0,0.0,0.0,0.0,0.0,0.0,877.0935119208316,877.0935119208316,877.0935119208316,-8830.556252468159,-8830.556252468159,-8830.556252468159,696.0629871060933,696.0629871060933,696.0629871060933,3347.8978975266823,3347.8978975266823,3347.8978975266823,5663.688879756215,5663.688879756215,5663.688879756215,0.0,0.0,0.0,36314.32778748301
2018-05-02,35473.31072425937,38419.49003303079,51279.813175567484,35473.31072425937,35473.31072425937,0.0,0.0,0.0,0.0,0.0,0.0,0.0,0.0,0.0,0.0,0.0,0.0,0.0,0.0,0.0,0.0,0.0,0.0,0.0,0.0,0.0,0.0,0.0,0.0,0.0,0.0,0.0,0.0,0.0,0.0,0.0,0.0,0.0,0.0,0.0,0.0,9370.480542945406,9370.480542945406,9370.480542945406,0.0,0.0,0.0,973.7220397032146,973.7220397032146,973.7220397032146,2476.4677992981215,2476.4677992981215,2476.4677992981215,5920.290703944071,5920.290703944071,5920.290703944071,0.0,0.0,0.0,44843.791267204775
2018-05-03,35509.38717295655,37301.227916912554,50225.439170621525,35509.38717295655,35509.38717295655,0.0,0.0,0.0,0.0,0.0,0.0,0.0,0.0,0.0,0.0,0.0,0.0,0.0,0.0,0.0,0.0,0.0,0.0,0.0,0.0,0.0,0.0,0.0,0.0,0.0,0.0,0.0,0.0,0.0,0.0,0.0,0.0,0.0,0.0,0.0,0.0,8337.855389184535,8337.855389184535,8337.855389184535,0.0,0.0,0.0,996.5691629591091,996.5691629591091,996.5691629591091,1219.9357873462625,1219.9357873462625,1219.9357873462625,6121.350438879162,6121.350438879162,6121.350438879162,0.0,0.0,0.0,43847.24256214109
2018-05-04,35545.46362165373,35407.14824702998,48258.898436348165,35545.46362165373,35545.46362165373,0.0,0.0,0.0,0.0,0.0,0.0,0.0,0.0,0.0,0.0,0.0,0.0,0.0,0.0,0.0,0.0,0.0,0.0,0.0,0.0,0.0,0.0,0.0,0.0,0.0,0.0,0.0,0.0,0.0,0.0,0.0,0.0,0.0,0.0,0.0,0.0,6389.154195460529,6389.154195460529,6389.154195460529,0.0,0.0,0.0,1094.27149228805,1094.27149228805,1094.27149228805,-965.6856366818804,-965.6856366818804,-965.6856366818804,6260.568339854359,6260.568339854359,6260.568339854359,0.0,0.0,0.0,41934.61781711426
2018-05-05,35581.54007035092,30618.37200096209,43808.74747432187,35581.54007035092,35581.54007035092,0.0,0.0,0.0,0.0,0.0,0.0,0.0,0.0,0.0,0.0,0.0,0.0,0.0,0.0,0.0,0.0,0.0,0.0,0.0,0.0,0.0,0.0,0.0,0.0,0.0,0.0,0.0,0.0,0.0,0.0,0.0,0.0,0.0,0.0,0.0,0.0,1747.7887415745251,1747.7887415745251,1747.7887415745251,0.0,0.0,0.0,1361.3279878904702,1361.3279878904702,1361.3279878904702,-5946.29630579378,-5946.29630579378,-5946.29630579378,6332.757059477835,6332.757059477835,6332.757059477835,0.0,0.0,0.0,37329.32881192545
2018-05-06,35617.616519048104,32976.48625333741,45721.50394968607,35617.616519048104,35617.616519048104,0.0,0.0,0.0,0.0,0.0,0.0,0.0,0.0,0.0,0.0,0.0,0.0,0.0,0.0,0.0,0.0,0.0,0.0,0.0,0.0,0.0,0.0,0.0,0.0,0.0,0.0,0.0,0.0,0.0,0.0,0.0,0.0,0.0,0.0,0.0,0.0,3575.789388101898,3575.789388101898,3575.789388101898,0.0,0.0,0.0,1577.6733750096614,1577.6733750096614,1577.6733750096614,-4335.8595262161825,-4335.8595262161825,-4335.8595262161825,6333.97553930842,6333.97553930842,6333.97553930842,0.0,0.0,0.0,39193.40590715
2018-05-07,35653.692967745286,40885.1438719969,54205.723848135465,35653.692967745286,35653.692967745286,0.0,0.0,0.0,0.0,0.0,0.0,0.0,0.0,0.0,0.0,0.0,0.0,0.0,0.0,0.0,0.0,0.0,0.0,0.0,0.0,0.0,0.0,0.0,0.0,0.0,0.0,0.0,0.0,0.0,0.0,0.0,0.0,0.0,0.0,0.0,0.0,11926.460720986299,11926.460720986299,11926.460720986299,0.0,0.0,0.0,1461.2849659424064,1461.2849659424064,1461.2849659424064,4203.539984515641,4203.539984515641,4203.539984515641,6261.635770528254,6261.635770528254,6261.635770528254,0.0,0.0,0.0,47580.15368873159
2018-05-08,35689.76941644247,39833.54009701061,52740.10542124667,35689.76941644247,35689.76941644247,0.0,0.0,0.0,0.0,0.0,0.0,0.0,0.0,0.0,0.0,0.0,0.0,0.0,0.0,0.0,0.0,0.0,0.0,0.0,0.0,0.0,0.0,0.0,0.0,0.0,0.0,0.0,0.0,0.0,0.0,0.0,0.0,0.0,0.0,0.0,0.0,10443.376973104203,10443.376973104203,10443.376973104203,0.0,0.0,0.0,980.8996075563444,980.8996075563444,980.8996075563444,3347.8978975244618,3347.8978975244618,3347.8978975244618,6114.579468023398,6114.579468023398,6114.579468023398,0.0,0.0,0.0,46133.14638954667
2018-05-09,35725.84586513965,37538.14566051671,50789.49637563295,35725.84586513965,35725.84586513965,0.0,0.0,0.0,0.0,0.0,0.0,0.0,0.0,0.0,0.0,0.0,0.0,0.0,0.0,0.0,0.0,0.0,0.0,0.0,0.0,0.0,0.0,0.0,0.0,0.0,0.0,0.0,0.0,0.0,0.0,0.0,0.0,0.0,0.0,0.0,0.0,8780.17309134432,8780.17309134432,8780.17309134432,0.0,0.0,0.0,410.582879834787,410.582879834787,410.582879834787,2476.467799299749,2476.467799299749,2476.467799299749,5893.122412209785,5893.122412209785,5893.122412209785,0.0,0.0,0.0,44506.01895648397
2018-05-10,35761.92231383684,35889.84426018972,49154.22764135271,35761.92231383684,35761.92231383684,0.0,0.0,0.0,0.0,0.0,0.0,0.0,0.0,0.0,0.0,0.0,0.0,0.0,0.0,0.0,0.0,0.0,0.0,0.0,0.0,0.0,0.0,0.0,0.0,0.0,0.0,0.0,0.0,0.0,0.0,0.0,0.0,0.0,0.0,0.0,0.0,6898.505335158451,6898.505335158451,6898.505335158451,0.0,0.0,0.0,79.50456088520266,79.50456088520266,79.50456088520266,1219.9357873473284,1219.9357873473284,1219.9357873473284,5599.0649869259205,5599.0649869259205,5599.0649869259205,0.0,0.0,0.0,42660.42764899529
2018-05-11,35797.99876253402,33710.47117217032,47194.87487950987,35797.99876253402,35797.99876253402,0.0,0.0,0.0,0.0,0.0,0.0,0.0,0.0,0.0,0.0,0.0,0.0,0.0,0.0,0.0,0.0,0.0,0.0,0.0,0.0,0.0,0.0,0.0,0.0,0.0,0.0,0.0,0.0,0.0,0.0,0.0,0.0,0.0,0.0,0.0,0.0,4349.354338162126,4349.354338162126,4349.354338162126,0.0,0.0,0.0,79.3717143545611,79.3717143545611,79.3717143545611,-965.6856366652278,-965.6856366652278,-965.6856366652278,5235.668260472792,5235.668260472792,5235.668260472792,0.0,0.0,0.0,40147.35310069615
2018-05-12,35834.075211231204,28726.00546710525,41787.146221734234,35834.075211231204,35834.075211231204,0.0,0.0,0.0,0.0,0.0,0.0,0.0,0.0,0.0,0.0,0.0,0.0,0.0,0.0,0.0,0.0,0.0,0.0,0.0,0.0,0.0,0.0,0.0,0.0,0.0,0.0,0.0,0.0,0.0,0.0,0.0,0.0,0.0,0.0,0.0,0.0,-911.5308010018765,-911.5308010018765,-911.5308010018765,0.0,0.0,0.0,227.16970438836654,227.16970438836654,227.16970438836654,-5946.296305795243,-5946.296305795243,-5946.296305795243,4807.595800404999,4807.595800404999,4807.595800404999,0.0,0.0,0.0,34922.544410229326
2018-05-13,35870.151659928386,29592.566810653436,42734.75362492953,35870.151659928386,35870.151659928386,0.0,0.0,0.0,0.0,0.0,0.0,0.0,0.0,0.0,0.0,0.0,0.0,0.0,0.0,0.0,0.0,0.0,0.0,0.0,0.0,0.0,0.0,0.0,0.0,0.0,0.0,0.0,0.0,0.0,0.0,0.0,0.0,0.0,0.0,0.0,0.0,295.4622374797886,295.4622374797886,295.4622374797886,0.0,0.0,0.0,310.4995041619126,310.4995041619126,310.4995041619126,-4335.859526216889,-4335.859526216889,-4335.859526216889,4320.822259534766,4320.822259534766,4320.822259534766,0.0,0.0,0.0,36165.61389740818
2018-05-14,35906.228108625575,38019.20649237304,51200.36111244452,35906.228108625575,35906.228108625575,0.0,0.0,0.0,0.0,0.0,0.0,0.0,0.0,0.0,0.0,0.0,0.0,0.0,0.0,0.0,0.0,0.0,0.0,0.0,0.0,0.0,0.0,0.0,0.0,0.0,0.0,0.0,0.0,0.0,0.0,0.0,0.0,0.0,0.0,0.0,0.0,8330.774589881628,8330.774589881628,8330.774589881628,0.0,0.0,0.0,344.72400559597787,344.72400559597787,344.72400559597787,4203.539984519836,4203.539984519836,4203.539984519836,3782.510599765812,3782.510599765812,3782.510599765812,0.0,0.0,0.0,44237.0026985072
2018-05-15,35942.30455732276,36884.50171995595,49866.27932664107,35942.30455732276,35942.30455732276,0.0,0.0,0.0,0.0,0.0,0.0,0.0,0.0,0.0,0.0,0.0,0.0,0.0,0.0,0.0,0.0,0.0,0.0,0.0,0.0,0.0,0.0,0.0,0.0,0.0,0.0,0.0,0.0,0.0,0.0,0.0,0.0,0.0,0.0,0.0,0.0,7101.840374210233,7101.840374210233,7101.840374210233,0.0,0.0,0.0,553.0818662082127,553.0818662082127,553.0818662082127,3347.8978975232276,3347.8978975232276,3347.8978975232276,3200.8606104787928,3200.8606104787928,3200.8606104787928,0.0,0.0,0.0,43044.14493153299
2018-05-16,35978.38100601995,35706.06591530753,48517.530961374774,35978.38100601995,35978.38100601995,0.0,0.0,0.0,0.0,0.0,0.0,0.0,0.0,0.0,0.0,0.0,0.0,0.0,0.0,0.0,0.0,0.0,0.0,0.0,0.0,0.0,0.0,0.0,0.0,0.0,0.0,0.0,0.0,0.0,0.0,0.0,0.0,0.0,0.0,0.0,0.0,6130.616790416716,6130.616790416716,6130.616790416716,0.0,0.0,0.0,1069.2168818327373,1069.2168818327373,1069.2168818327373,2476.467799298158,2476.467799298158,2476.467799298158,2584.932109285821,2584.932109285821,2584.932109285821,0.0,0.0,0.0,42108.99779643666
2018-05-17,36014.45745471712,34161.15174839529,47648.89656411996,36014.45745471712,36014.45745471712,0.0,0.0,0.0,0.0,0.0,0.0,0.0,0.0,0.0,0.0,0.0,0.0,0.0,0.0,0.0,0.0,0.0,0.0,0.0,0.0,0.0,0.0,0.0,0.0,0.0,0.0,0.0,0.0,0.0,0.0,0.0,0.0,0.0,0.0,0.0,0.0,4832.973350819816,4832.973350819816,4832.973350819816,0.0,0.0,0.0,1668.5906975853954,1668.5906975853954,1668.5906975853954,1219.9357873434792,1219.9357873434792,1219.9357873434792,1944.4468658909416,1944.4468658909416,1944.4468658909416,0.0,0.0,0.0,40847.43080553694
2018-05-18,36050.53390341431,31661.049544685473,44816.34239750498,36050.53390341431,36050.53390341431,0.0,0.0,0.0,0.0,0.0,0.0,0.0,0.0,0.0,0.0,0.0,0.0,0.0,0.0,0.0,0.0,0.0,0.0,0.0,0.0,0.0,0.0,0.0,0.0,0.0,0.0,0.0,0.0,0.0,0.0,0.0,0.0,0.0,0.0,0.0,0.0,2166.060530968215,2166.060530968215,2166.060530968215,0.0,0.0,0.0,1842.1723199229714,1842.1723199229714,1842.1723199229714,-965.6856366706863,-965.6856366706863,-965.6856366706863,1289.573847715929,1289.573847715929,1289.573847715929,0.0,0.0,0.0,38216.594434382525
2018-05-19,36086.61035211149,25475.523665819943,38144.95212410175,36086.61035211149,36086.61035211149,0.0,0.0,0.0,0.0,0.0,0.0,0.0,0.0,0.0,0.0,0.0,0.0,0.0,0.0,0.0,0.0,0.0,0.0,0.0,0.0,0.0,0.0,0.0,0.0,0.0,0.0,0.0,0.0,0.0,0.0,0.0,0.0,0.0,0.0,0.0,0.0,-4111.237931269032,-4111.237931269032,-4111.237931269032,0.0,0.0,0.0,1204.3555406326318,1204.3555406326318,1204.3555406326318,-5946.296305801834,-5946.296305801834,-5946.296305801834,630.702833900171,630.702833900171,630.702833900171,0.0,0.0,0.0,31975.37242084246
2018-05-20,36122.686800808675,25324.545502288704,38308.040248961326,36122.686800808675,36122.686800808675,0.0,0.0,0.0,0.0,0.0,0.0,0.0,0.0,0.0,0.0,0.0,0.0,0.0,0.0,0.0,0.0,0.0,0.0,0.0,0.0,0.0,0.0,0.0,0.0,0.0,0.0,0.0,0.0,0.0,0.0,0.0,0.0,0.0,0.0,0.0,0.0,-4477.154228177072,-4477.154228177072,-4477.154228177072,0.0,0.0,0.0,-119.50647245467883,-119.50647245467883,-119.50647245467883,-4335.859526208214,-4335.859526208214,-4335.859526208214,-21.788229514178582,-21.788229514178582,-21.788229514178582,0.0,0.0,0.0,31645.532572631604
2018-05-21,36158.76324950586,31618.270012840854,45338.078171809764,36158.76324950586,36158.76324950586,0.0,0.0,0.0,0.0,0.0,0.0,0.0,0.0,0.0,0.0,0.0,0.0,0.0,0.0,0.0,0.0,0.0,0.0,0.0,0.0,0.0,0.0,0.0,0.0,0.0,0.0,0.0,0.0,0.0,0.0,0.0,0.0,0.0,0.0,0.0,0.0,2040.1440380241788,2040.1440380241788,2040.1440380241788,0.0,0.0,0.0,-1505.6293809231368,-1505.6293809231368,-1505.6293809231368,4203.539984524032,4203.539984524032,4203.539984524032,-657.7665655767167,-657.7665655767167,-657.7665655767167,0.0,0.0,0.0,38198.90728753003
2018-05-22,36194.839698203046,29071.079613425143,42279.72580579119,36194.839698203046,36194.839698203046,0.0,0.0,0.0,0.0,0.0,0.0,0.0,0.0,0.0,0.0,0.0,0.0,0.0,0.0,0.0,0.0,0.0,0.0,0.0,0.0,0.0,0.0,0.0,0.0,0.0,0.0,0.0,0.0,0.0,0.0,0.0,0.0,0.0,0.0,0.0,0.0,-199.1075624476175,-199.1075624476175,-199.1075624476175,0.0,0.0,0.0,-2279.43249227913,-2279.43249227913,-2279.43249227913,3347.897897526073,3347.897897526073,3347.897897526073,-1267.5729676945602,-1267.5729676945602,-1267.5729676945602,0.0,0.0,0.0,35995.73213575543
2018-05-23,36230.91614690023,28277.44296553344,41144.216782076386,36230.91614690023,36230.91614690023,0.0,0.0,0.0,0.0,0.0,0.0,0.0,0.0,0.0,0.0,0.0,0.0,0.0,0.0,0.0,0.0,0.0,0.0,0.0,0.0,0.0,0.0,0.0,0.0,0.0,0.0,0.0,0.0,0.0,0.0,0.0,0.0,0.0,0.0,0.0,0.0,-1595.5919431849297,-1595.5919431849297,-1595.5919431849297,0.0,0.0,0.0,-2229.8200209119823,-2229.8200209119823,-2229.8200209119823,2476.4677993021496,2476.4677993021496,2476.4677993021496,-1842.2397215750966,-1842.2397215750966,-1842.2397215750966,0.0,0.0,0.0,34635.324203715296
2018-05-24,36266.99259559741,27264.598276772,39843.58239756514,36266.99259559741,36266.99259559741,0.0,0.0,0.0,0.0,0.0,0.0,0.0,0.0,0.0,0.0,0.0,0.0,0.0,0.0,0.0,0.0,0.0,0.0,0.0,0.0,0.0,0.0,0.0,0.0,0.0,0.0,0.0,0.0,0.0,0.0,0.0,0.0,0.0,0.0,0.0,0.0,-2895.1907689586415,-2895.1907689586415,-2895.1907689586415,0.0,0.0,0.0,-1741.43383365282,-1741.43383365282,-1741.43383365282,1219.935787349851,1219.935787349851,1219.935787349851,-2373.6927226556722,-2373.6927226556722,-2373.6927226556722,0.0,0.0,0.0,33371.801826638766
2018-05-25,36303.06904429459,24436.312637322397,37712.2563307628,36303.06904429459,36303.06904429459,0.0,0.0,0.0,0.0,0.0,0.0,0.0,0.0,0.0,0.0,0.0,0.0,0.0,0.0,0.0,0.0,0.0,0.0,0.0,0.0,0.0,0.0,0.0,0.0,0.0,0.0,0.0,0.0,0.0,0.0,0.0,0.0,0.0,0.0,0.0,0.0,-5247.9452064579045,-5247.9452064579045,-5247.9452064579045,0.0,0.0,0.0,-1427.326752684091,-1427.326752684091,-1427.326752684091,-965.6856366761446,-965.6856366761446,-965.6856366761446,-2854.9328170976687,-2854.9328170976687,-2854.9328170976687,0.0,0.0,0.0,31055.123837836687
2018-05-26,36339.14549299178,18932.02495733161,31817.290300467415,36339.14549299178,36339.14549299178,0.0,0.0,0.0,0.0,0.0,0.0,0.0,0.0,0.0,0.0,0.0,0.0,0.0,0.0,0.0,0.0,0.0,0.0,0.0,0.0,0.0,0.0,0.0,0.0,0.0,0.0,0.0,0.0,0.0,0.0,0.0,0.0,0.0,0.0,0.0,0.0,-10815.578753814852,-10815.578753814852,-10815.578753814852,0.0,0.0,0.0,-1589.090574793167,-1589.090574793167,-1589.090574793167,-5946.296305796181,-5946.296305796181,-5946.296305796181,-3280.1918732255067,-3280.1918732255067,-3280.1918732255067,0.0,0.0,0.0,25523.56673917693
2018-05-27,36375.221941688964,19915.61948730775,32525.62801026946,36375.221941688964,36375.221941688964,0.0,0.0,0.0,0.0,0.0,0.0,0.0,0.0,0.0,0.0,0.0,0.0,0.0,0.0,0.0,0.0,0.0,0.0,0.0,0.0,0.0,0.0,0.0,0.0,0.0,0.0,0.0,0.0,0.0,0.0,0.0,0.0,0.0,0.0,0.0,0.0,-9961.504160266366,-9961.504160266366,-9961.504160266366,0.0,0.0,0.0,-1980.5849502165165,-1980.5849502165165,-1980.5849502165165,-4335.859526204229,-4335.859526204229,-4335.859526204229,-3645.059683845621,-3645.059683845621,-3645.059683845621,0.0,0.0,0.0,26413.717781422598
2018-05-28,36411.298390386146,28100.868229662912,41725.57932859205,36411.298390386146,36411.298390386146,0.0,0.0,0.0,0.0,0.0,0.0,0.0,0.0,0.0,0.0,0.0,0.0,0.0,0.0,0.0,0.0,0.0,0.0,0.0,0.0,0.0,0.0,0.0,0.0,0.0,0.0,0.0,0.0,0.0,0.0,0.0,0.0,0.0,0.0,0.0,0.0,-1811.691758920197,-1811.691758920197,-1811.691758920197,0.0,0.0,0.0,-2068.653249637789,-2068.653249637789,-2068.653249637789,4203.539984508039,4203.539984508039,4203.539984508039,-3946.5784937904477,-3946.5784937904477,-3946.5784937904477,0.0,0.0,0.0,34599.60663146595
2018-05-29,36447.374839083335,27559.243962451565,40255.716841541376,36447.374839083335,36447.374839083335,0.0,0.0,0.0,0.0,0.0,0.0,0.0,0.0,0.0,0.0,0.0,0.0,0.0,0.0,0.0,0.0,0.0,0.0,0.0,0.0,0.0,0.0,0.0,0.0,0.0,0.0,0.0,0.0,0.0,0.0,0.0,0.0,0.0,0.0,0.0,0.0,-2369.2499108235193,-2369.2499108235193,-2369.2499108235193,0.0,0.0,0.0,-1533.845083663152,-1533.845083663152,-1533.845083663152,3347.897897524345,3347.897897524345,3347.897897524345,-4183.302724684711,-4183.302724684711,-4183.302724684711,0.0,0.0,0.0,34078.124928259815
2018-05-30,36483.45128778052,27400.080983267464,40905.19862224097,36483.45128778052,36483.45128778052,0.0,0.0,0.0,0.0,0.0,0.0,0.0,0.0,0.0,0.0,0.0,0.0,0.0,0.0,0.0,0.0,0.0,0.0,0.0,0.0,0.0,0.0,0.0,0.0,0.0,0.0,0.0,0.0,0.0,0.0,0.0,0.0,0.0,0.0,0.0,0.0,-2430.6468918342857,-2430.6468918342857,-2430.6468918342857,0.0,0.0,0.0,-551.7923798038347,-551.7923798038347,-551.7923798038347,2476.4677993037762,2476.4677993037762,2476.4677993037762,-4355.322311334227,-4355.322311334227,-4355.322311334227,0.0,0.0,0.0,34052.80439594623
2018-05-31,36519.5277364777,26738.806897150764,40426.11970918154,36519.5277364777,36519.5277364777,0.0,0.0,0.0,0.0,0.0,0.0,0.0,0.0,0.0,0.0,0.0,0.0,0.0,0.0,0.0,0.0,0.0,0.0,0.0,0.0,0.0,0.0,0.0,0.0,0.0,0.0,0.0,0.0,0.0,0.0,0.0,0.0,0.0,0.0,0.0,0.0,-2863.1745517600575,-2863.1745517600575,-2863.1745517600575,0.0,0.0,0.0,381.13861164140945,381.13861164140945,381.13861164140945,1219.9357873456113,1219.9357873456113,1219.9357873456113,-4464.248950747078,-4464.248950747078,-4464.248950747078,0.0,0.0,0.0,33656.35318471764
2018-06-01,36555.60418517488,24685.02715620402,38235.43643138245,36555.60418517488,36555.60418517488,0.0,0.0,0.0,0.0,0.0,0.0,0.0,0.0,0.0,0.0,0.0,0.0,0.0,0.0,0.0,0.0,0.0,0.0,0.0,0.0,0.0,0.0,0.0,0.0,0.0,0.0,0.0,0.0,0.0,0.0,0.0,0.0,0.0,0.0,0.0,0.0,-4591.480670058927,-4591.480670058927,-4591.480670058927,0.0,0.0,0.0,887.3704401840132,887.3704401840132,887.3704401840132,-965.6856366816038,-965.6856366816038,-965.6856366816038,-4513.165473561337,-4513.165473561337,-4513.165473561337,0.0,0.0,0.0,31964.123515115956
2018-06-02,36591.68063387207,20826.49458033212,33606.805614876794,36591.68063387207,36591.68063387207,0.0,0.0,0.0,0.0,0.0,0.0,0.0,0.0,0.0,0.0,0.0,0.0,0.0,0.0,0.0,0.0,0.0,0.0,0.0,0.0,0.0,0.0,0.0,0.0,0.0,0.0,0.0,0.0,0.0,0.0,0.0,0.0,0.0,0.0,0.0,0.0,-9458.473819610916,-9458.473819610916,-9458.473819610916,0.0,0.0,0.0,994.3619423539179,994.3619423539179,994.3619423539179,-5946.296305797642,-5946.296305797642,-5946.296305797642,-4506.53945616719,-4506.53945616719,-4506.53945616719,0.0,0.0,0.0,27133.206814261153
2018-06-03,36627.75708256925,22250.829726696873,35331.886432859275,36627.75708256925,36627.75708256925,0.0,0.0,0.0,0.0,0.0,0.0,0.0,0.0,0.0,0.0,0.0,0.0,0.0,0.0,0.0,0.0,0.0,0.0,0.0,0.0,0.0,0.0,0.0,0.0,0.0,0.0,0.0,0.0,0.0,0.0,0.0,0.0,0.0,0.0,0.0,0.0,-7764.154569057836,-7764.154569057836,-7764.154569057836,0.0,0.0,0.0,1021.8080344978288,1021.8080344978288,1021.8080344978288,-4335.859526209467,-4335.859526209467,-4335.859526209467,-4450.103077346199,-4450.103077346199,-4450.103077346199,0.0,0.0,0.0,28863.602513511418
2018-06-04,36663.833531266435,30842.1901862833,44329.52330470149,36663.833531266435,36663.833531266435,0.0,0.0,0.0,0.0,0.0,0.0,0.0,0.0,0.0,0.0,0.0,0.0,0.0,0.0,0.0,0.0,0.0,0.0,0.0,0.0,0.0,0.0,0.0,0.0,0.0,0.0,0.0,0.0,0.0,0.0,0.0,0.0,0.0,0.0,0.0,0.0,1067.596757226579,1067.596757226579,1067.596757226579,0.0,0.0,0.0,1214.7588362826089,1214.7588362826089,1214.7588362826089,4203.539984512236,4203.539984512236,4203.539984512236,-4350.702063568266,-4350.702063568266,-4350.702063568266,0.0,0.0,0.0,37731.430288493015
2018-06-05,36699.90997996362,31325.517315271663,43952.838937819346,36699.90997996362,36699.90997996362,0.0,0.0,0.0,0.0,0.0,0.0,0.0,0.0,0.0,0.0,0.0,0.0,0.0,0.0,0.0,0.0,0.0,0.0,0.0,0.0,0.0,0.0,0.0,0.0,0.0,0.0,0.0,0.0,0.0,0.0,0.0,0.0,0.0,0.0,0.0,0.0,628.101711758214,628.101711758214,628.101711758214,0.0,0.0,0.0,1496.321155385379,1496.321155385379,1496.321155385379,3347.8978975226173,3347.8978975226173,3347.8978975226173,-4216.117341149782,-4216.117341149782,-4216.117341149782,0.0,0.0,0.0,37328.01169172183
2018-06-06,36735.986428660806,30383.46068256163,43184.61916645411,36735.986428660806,36735.986428660806,0.0,0.0,0.0,0.0,0.0,0.0,0.0,0.0,0.0,0.0,0.0,0.0,0.0,0.0,0.0,0.0,0.0,0.0,0.0,0.0,0.0,0.0,0.0,0.0,0.0,0.0,0.0,0.0,0.0,0.0,0.0,0.0,0.0,0.0,0.0,0.0,-7.077483578473782,-7.077483578473782,-7.077483578473782,0.0,0.0,0.0,1571.3184185704138,1571.3184185704138,1571.3184185704138,2476.4677992989673,2476.4677992989673,2476.4677992989673,-4054.863701447855,-4054.863701447855,-4054.863701447855,0.0,0.0,0.0,36728.90894508233
2018-06-07,36772.06287735798,29170.49663521413,41419.455624331626,36772.06287735798,36772.06287735798,0.0,0.0,0.0,0.0,0.0,0.0,0.0,0.0,0.0,0.0,0.0,0.0,0.0,0.0,0.0,0.0,0.0,0.0,0.0,0.0,0.0,0.0,0.0,0.0,0.0,0.0,0.0,0.0,0.0,0.0,0.0,0.0,0.0,0.0,0.0,0.0,-1401.2631934458668,-1401.2631934458668,-1401.2631934458668,0.0,0.0,0.0,1254.7713890687646,1254.7713890687646,1254.7713890687646,1219.935787352764,1219.935787352764,1219.935787352764,-3875.9703698673957,-3875.9703698673957,-3875.9703698673957,0.0,0.0,0.0,35370.79968391211
2018-06-08,36808.13932605517,26111.853576035388,39459.022201391985,36808.13932605517,36808.13932605517,0.0,0.0,0.0,0.0,0.0,0.0,0.0,0.0,0.0,0.0,0.0,0.0,0.0,0.0,0.0,0.0,0.0,0.0,0.0,0.0,0.0,0.0,0.0,0.0,0.0,0.0,0.0,0.0,0.0,0.0,0.0,0.0,0.0,0.0,0.0,0.0,-3970.8459926050373,-3970.8459926050373,-3970.8459926050373,0.0,0.0,0.0,683.5884794628522,683.5884794628522,683.5884794628522,-965.6856366696641,-965.6856366696641,-965.6856366696641,-3688.7488353982258,-3688.7488353982258,-3688.7488353982258,0.0,0.0,0.0,32837.293333450136
2018-06-09,36844.21577475235,26336.27772772412,39242.153241054824,36844.21577475235,36844.21577475235,0.0,0.0,0.0,0.0,0.0,0.0,0.0,0.0,0.0,0.0,0.0,0.0,0.0,0.0,0.0,0.0,0.0,0.0,0.0,0.0,0.0,0.0,0.0,0.0,4950.159000713919,4950.159000713919,4950.159000713919,0.0,0.0,0.0,0.0,0.0,0.0,0.0,0.0,0.0,-4296.994221840872,-4296.994221840872,-4296.994221840872,4950.159000713919,4950.159000713919,4950.159000713919,201.69671595487057,201.69671595487057,201.69671595487057,-5946.2963057981115,-5946.2963057981115,-5946.2963057981115,-3502.5536327115515,-3502.5536327115515,-3502.5536327115515,0.0,0.0,0.0,32547.22155291148
2018-06-10,36880.29222344954,22862.41785927779,36055.340207632435,36880.29222344954,36880.29222344954,0.0,0.0,0.0,0.0,0.0,0.0,0.0,0.0,0.0,0.0,0.0,0.0,0.0,0.0,0.0,0.0,0.0,0.0,0.0,0.0,0.0,0.0,0.0,0.0,170.5888466982336,170.5888466982336,170.5888466982336,0.0,0.0,0.0,0.0,0.0,0.0,0.0,0.0,0.0,-7446.808115230896,-7446.808115230896,-7446.808115230896,170.5888466982336,170.5888466982336,170.5888466982336,45.00452877734319,45.00452877734319,45.00452877734319,-4335.859526200792,-4335.859526200792,-4335.859526200792,-3326.5419645056795,-3326.5419645056795,-3326.5419645056795,0.0,0.0,0.0,29433.484108218647
2018-06-11,36916.36867214672,42635.46072422175,55819.60117849564,36916.36867214672,36916.36867214672,0.0,0.0,0.0,0.0,0.0,0.0,0.0,0.0,0.0,0.0,0.0,0.0,0.0,0.0,0.0,0.0,0.0,0.0,0.0,0.0,0.0,0.0,0.0,0.0,11202.480269762878,11202.480269762878,11202.480269762878,0.0,0.0,0.0,0.0,0.0,0.0,0.0,0.0,0.0,12387.793288958312,12387.793288958312,12387.793288958312,11202.480269762878,11202.480269762878,11202.480269762878,151.2111371409462,151.2111371409462,151.2111371409462,4203.539984514103,4203.539984514103,4203.539984514103,-3169.438102459616,-3169.438102459616,-3169.438102459616,0.0,0.0,0.0,49304.16196110503
2018-06-12,36952.445120843906,33933.408810842026,46204.977865285786,36952.445120843906,36952.445120843906,0.0,0.0,0.0,0.0,0.0,0.0,0.0,0.0,0.0,0.0,0.0,0.0,0.0,0.0,0.0,0.0,0.0,0.0,0.0,0.0,0.0,0.0,0.0,0.0,2583.8768031731197,2583.8768031731197,2583.8768031731197,0.0,0.0,0.0,0.0,0.0,0.0,0.0,0.0,0.0,3175.2708084980504,3175.2708084980504,3175.2708084980504,2583.8768031731197,2583.8768031731197,2583.8768031731197,282.80451655039053,282.80451655039053,282.80451655039053,3347.8978975208897,3347.8978975208897,3347.8978975208897,-3039.3084087463494,-3039.3084087463494,-3039.3084087463494,0.0,0.0,0.0,40127.71592934195
2018-06-13,36988.52156954109,30280.80303336061,43162.080677202175,36988.52156954109,36988.52156954109,0.0,0.0,0.0,0.0,0.0,0.0,0.0,0.0,0.0,0.0,0.0,0.0,0.0,0.0,0.0,0.0,0.0,0.0,0.0,0.0,0.0,0.0,0.0,0.0,0.0,0.0,0.0,0.0,0.0,0.0,0.0,0.0,0.0,0.0,0.0,0.0,-144.87155974087085,-144.87155974087085,-144.87155974087085,0.0,0.0,0.0,322.01321965645735,322.01321965645735,322.01321965645735,2476.4677993029572,2476.4677993029572,2476.4677993029572,-2943.3525787002854,-2943.3525787002854,-2943.3525787002854,0.0,0.0,0.0,36843.650009800214
2018-06-14,37024.59801823828,28720.719846853222,42168.156130193594,37024.59801823828,37024.59801823828,0.0,0.0,0.0,0.0,0.0,0.0,0.0,0.0,0.0,0.0,0.0,0.0,0.0,0.0,0.0,0.0,0.0,0.0,0.0,0.0,0.0,0.0,0.0,0.0,0.0,0.0,0.0,0.0,0.0,0.0,0.0,0.0,0.0,0.0,0.0,0.0,-1255.3602283836317,-1255.3602283836317,-1255.3602283836317,0.0,0.0,0.0,412.4203082456034,412.4203082456034,412.4203082456034,1219.9357873485242,1219.9357873485242,1219.9357873485242,-2887.71632397776,-2887.71632397776,-2887.71632397776,0.0,0.0,0.0,35769.23778985465
2018-06-15,37060.67446693546,27308.63989527996,40560.19982677914,37060.67446693546,37060.67446693546,0.0,0.0,0.0,0.0,0.0,0.0,0.0,0.0,0.0,0.0,0.0,0.0,0.0,0.0,0.0,0.0,0.0,0.0,0.0,0.0,0.0,0.0,0.0,0.0,0.0,0.0,0.0,0.0,0.0,0.0,0.0,0.0,0.0,0.0,0.0,0.0,-3065.9451704368375,-3065.9451704368375,-3065.9451704368375,0.0,0.0,0.0,777.0706699858911,777.0706699858911,777.0706699858911,-965.6856366751223,-965.6856366751223,-965.6856366751223,-2877.330203747606,-2877.330203747606,-2877.330203747606,0.0,0.0,0.0,33994.72929649862
2018-06-16,37096.75091563265,23564.52831709224,36307.10324715868,37096.75091563265,37096.75091563265,0.0,0.0,0.0,0.0,0.0,0.0,0.0,0.0,0.0,0.0,0.0,0.0,0.0,0.0,0.0,0.0,0.0,0.0,0.0,0.0,0.0,0.0,0.0,0.0,0.0,0.0,0.0,0.0,0.0,0.0,0.0,0.0,0.0,0.0,0.0,0.0,-7474.675688734124,-7474.675688734124,-7474.675688734124,0.0,0.0,0.0,1387.3992980081791,1387.3992980081791,1387.3992980081791,-5946.296305798581,-5946.296305798581,-5946.296305798581,-2915.778680943722,-2915.778680943722,-2915.778680943722,0.0,0.0,0.0,29622.075226898523
2018-06-17,37132.82736432982,24745.345088814556,38209.773400404985,37132.82736432982,37132.82736432982,0.0,0.0,0.0,0.0,0.0,0.0,0.0,0.0,0.0,0.0,0.0,0.0,0.0,0.0,0.0,0.0,0.0,0.0,0.0,0.0,0.0,0.0,0.0,0.0,0.0,0.0,0.0,0.0,0.0,0.0,0.0,0.0,0.0,0.0,0.0,0.0,-5499.685546078249,-5499.685546078249,-5499.685546078249,0.0,0.0,0.0,1841.376727070859,1841.376727070859,1841.376727070859,-4335.859526201499,-4335.859526201499,-4335.859526201499,-3005.202746947609,-3005.202746947609,-3005.202746947609,0.0,0.0,0.0,31633.141818251574
2018-06-18,37168.90381302701,33324.7585318548,46181.68851123067,37168.90381302701,37168.90381302701,0.0,0.0,0.0,0.0,0.0,0.0,0.0,0.0,0.0,0.0,0.0,0.0,0.0,0.0,0.0,0.0,0.0,0.0,0.0,0.0,0.0,0.0,0.0,0.0,0.0,0.0,0.0,0.0,0.0,0.0,0.0,0.0,0.0,0.0,0.0,0.0,2688.529227654317,2688.529227654317,2688.529227654317,0.0,0.0,0.0,1631.2278820851832,1631.2278820851832,1631.2278820851832,4203.539984510534,4203.539984510534,4203.539984510534,-3146.2386389414005,-3146.2386389414005,-3146.2386389414005,0.0,0.0,0.0,39857.43304068133
2018-06-19,37204.980261724195,31711.179946549568,44233.88782259042,37204.980261724195,37204.980261724195,0.0,0.0,0.0,0.0,0.0,0.0,0.0,0.0,0.0,0.0,0.0,0.0,0.0,0.0,0.0,0.0,0.0,0.0,0.0,0.0,0.0,0.0,0.0,0.0,0.0,0.0,0.0,0.0,0.0,0.0,0.0,0.0,0.0,0.0,0.0,0.0,607.0896249128684,607.0896249128684,607.0896249128684,0.0,0.0,0.0,597.1860170994715,597.1860170994715,597.1860170994715,3347.8978975237355,3347.8978975237355,3347.8978975237355,-3337.994289710339,-3337.994289710339,-3337.994289710339,0.0,0.0,0.0,37812.069886637066
2018-06-20,37241.05671042138,28803.379726081195,41872.76058409981,37241.05671042138,37241.05671042138,0.0,0.0,0.0,0.0,0.0,0.0,0.0,0.0,0.0,0.0,0.0,0.0,0.0,0.0,0.0,0.0,0.0,0.0,0.0,0.0,0.0,0.0,0.0,0.0,0.0,0.0,0.0,0.0,0.0,0.0,0.0,0.0,0.0,0.0,0.0,0.0,-1954.314801203511,-1954.314801203511,-1954.314801203511,0.0,0.0,0.0,-852.7183789744911,-852.7183789744911,-852.7183789744911,2476.4677993013674,2476.4677993013674,2476.4677993013674,-3578.0642215303874,-3578.0642215303874,-3578.0642215303874,0.0,0.0,0.0,35286.74190921787
2018-06-21,37277.13315911856,26197.385981887473,39174.727849845396,37277.13315911856,37277.13315911856,0.0,0.0,0.0,0.0,0.0,0.0,0.0,0.0,0.0,0.0,0.0,0.0,0.0,0.0,0.0,0.0,0.0,0.0,0.0,0.0,0.0,0.0,0.0,0.0,0.0,0.0,0.0,0.0,0.0,0.0,0.0,0.0,0.0,0.0,0.0,0.0,-4639.998850486554,-4639.998850486554,-4639.998850486554,0.0,0.0,0.0,-1997.3519908535961,-1997.3519908535961,-1997.3519908535961,1219.93578734959,1219.93578734959,1219.93578734959,-3862.582646982547,-3862.582646982547,-3862.582646982547,0.0,0.0,0.0,32637.134308632005
2018-06-22,37313.20960781575,23287.268460523035,36430.67449301024,37313.20960781575,37313.20960781575,0.0,0.0,0.0,0.0,0.0,0.0,0.0,0.0,0.0,0.0,0.0,0.0,0.0,0.0,0.0,0.0,0.0,0.0,0.0,0.0,0.0,0.0,0.0,0.0,0.0,0.0,0.0,0.0,0.0,0.0,0.0,0.0,0.0,0.0,0.0,0.0,-7497.211938461641,-7497.211938461641,-7497.211938461641,0.0,0.0,0.0,-2345.2127083007676,-2345.2127083007676,-2345.2127083007676,-965.6856366742385,-965.6856366742385,-965.6856366742385,-4186.313593486636,-4186.313593486636,-4186.313593486636,0.0,0.0,0.0,29815.997669354107
2018-06-23,37349.28605651293,18648.80108995434,31024.41493874762,37349.28605651293,37349.28605651293,0.0,0.0,0.0,0.0,0.0,0.0,0.0,0.0,0.0,0.0,0.0,0.0,0.0,0.0,0.0,0.0,0.0,0.0,0.0,0.0,0.0,0.0,0.0,0.0,0.0,0.0,0.0,0.0,0.0,0.0,0.0,0.0,0.0,0.0,0.0,0.0,-12489.845863660967,-12489.845863660967,-12489.845863660967,0.0,0.0,0.0,-2000.7736094438867,-2000.7736094438867,-2000.7736094438867,-5946.29630579905,-5946.29630579905,-5946.29630579905,-4542.775948418029,-4542.775948418029,-4542.775948418029,0.0,0.0,0.0,24859.440192851966
2018-06-24,37385.36250521011,20207.45148884233,33321.6496322014,37385.36250521011,37385.36250521011,0.0,0.0,0.0,0.0,0.0,0.0,0.0,0.0,0.0,0.0,0.0,0.0,0.0,0.0,0.0,0.0,0.0,0.0,0.0,0.0,0.0,0.0,0.0,0.0,0.0,0.0,0.0,0.0,0.0,0.0,0.0,0.0,0.0,0.0,0.0,0.0,-10791.48684237796,-10791.48684237796,-10791.48684237796,0.0,0.0,0.0,-1531.2268650772116,-1531.2268650772116,-1531.2268650772116,-4335.859526230029,-4335.859526230029,-4335.859526230029,-4924.400451070719,-4924.400451070719,-4924.400451070719,0.0,0.0,0.0,26593.87566283215
2018-06-25,37421.438953907294,28284.584651435907,41411.75323214065,37421.438953907294,37421.438953907294,0.0,0.0,0.0,0.0,0.0,0.0,0.0,0.0,0.0,0.0,0.0,0.0,0.0,0.0,0.0,0.0,0.0,0.0,0.0,0.0,0.0,0.0,0.0,0.0,0.0,0.0,0.0,0.0,0.0,0.0,0.0,0.0,0.0,0.0,0.0,0.0,-2571.2626722172345,-2571.2626722172345,-2571.2626722172345,0.0,0.0,0.0,-1452.0877989603305,-1452.0877989603305,-1452.0877989603305,4203.5399845124,4203.5399845124,4203.5399845124,-5322.714857769305,-5322.714857769305,-5322.714857769305,0.0,0.0,0.0,34850.17628169006
2018-06-26,37457.515402604484,27493.335318175603,39953.488795002595,37457.515402604484,37457.515402604484,0.0,0.0,0.0,0.0,0.0,0.0,0.0,0.0,0.0,0.0,0.0,0.0,0.0,0.0,0.0,0.0,0.0,0.0,0.0,0.0,0.0,0.0,0.0,0.0,0.0,0.0,0.0,0.0,0.0,0.0,0.0,0.0,0.0,0.0,0.0,0.0,-4169.207481527817,-4169.207481527817,-4169.207481527817,0.0,0.0,0.0,-1788.5525815941505,-1788.5525815941505,-1788.5525815941505,3347.8978975220084,3347.8978975220084,3347.8978975220084,-5728.552797455676,-5728.552797455676,-5728.552797455676,0.0,0.0,0.0,33288.30792107667
2018-06-27,37493.591851301666,25413.456981497937,38667.22883966075,37493.591851301666,37493.591851301666,0.0,0.0,0.0,0.0,0.0,0.0,0.0,0.0,0.0,0.0,0.0,0.0,0.0,0.0,0.0,0.0,0.0,0.0,0.0,0.0,0.0,0.0,0.0,0.0,0.0,0.0,0.0,0.0,0.0,0.0,0.0,0.0,0.0,0.0,0.0,0.0,-5748.724098922677,-5748.724098922677,-5748.724098922677,0.0,0.0,0.0,-2092.9106634455566,-2092.9106634455566,-2092.9106634455566,2476.4677992997763,2476.4677992997763,2476.4677992997763,-6132.281234776895,-6132.281234776895,-6132.281234776895,0.0,0.0,0.0,31744.86775237899
2018-06-28,37529.66829999885,23196.772981244943,37001.460396125534,37529.66829999885,37529.66829999885,0.0,0.0,0.0,0.0,0.0,0.0,0.0,0.0,0.0,0.0,0.0,0.0,0.0,0.0,0.0,0.0,0.0,0.0,0.0,0.0,0.0,0.0,0.0,0.0,0.0,0.0,0.0,0.0,0.0,0.0,0.0,0.0,0.0,0.0,0.0,0.0,-7183.999625675972,-7183.999625675972,-7183.999625675972,0.0,0.0,0.0,-1879.8944318528754,-1879.8944318528754,-1879.8944318528754,1219.9357873506563,1219.9357873506563,1219.9357873506563,-6524.040981173752,-6524.040981173752,-6524.040981173752,0.0,0.0,0.0,30345.668674322875
2018-06-29,37565.74474869604,22268.966613644858,34991.97975078015,37565.74474869604,37565.74474869604,0.0,0.0,0.0,0.0,0.0,0.0,0.0,0.0,0.0,0.0,0.0,0.0,0.0,0.0,0.0,0.0,0.0,0.0,0.0,0.0,0.0,0.0,0.0,0.0,0.0,0.0,0.0,0.0,0.0,0.0,0.0,0.0,0.0,0.0,0.0,0.0,-8930.052643275872,-8930.052643275872,-8930.052643275872,0.0,0.0,0.0,-1070.372652648819,-1070.372652648819,-1070.372652648819,-965.6856366749838,-965.6856366749838,-965.6856366749838,-6893.994353952069,-6893.994353952069,-6893.994353952069,0.0,0.0,0.0,28635.692105420167
2018-06-30,37601.82119739322,18295.232965177485,30591.70957830001,37601.82119739322,37601.82119739322,0.0,0.0,0.0,0.0,0.0,0.0,0.0,0.0,0.0,0.0,0.0,0.0,0.0,0.0,0.0,0.0,0.0,0.0,0.0,0.0,0.0,0.0,0.0,0.0,0.0,0.0,0.0,0.0,0.0,0.0,0.0,0.0,0.0,0.0,0.0,0.0,-13226.582942956196,-13226.582942956196,-13226.582942956196,0.0,0.0,0.0,-47.71274970597987,-47.71274970597987,-47.71274970597987,-5946.296305800512,-5946.296305800512,-5946.296305800512,-7232.573887449705,-7232.573887449705,-7232.573887449705,0.0,0.0,0.0,24375.238254437023
2018-07-01,37637.8976460904,19212.523811818337,33177.21127163537,37637.8976460904,37637.8976460904,0.0,0.0,0.0,0.0,0.0,0.0,0.0,0.0,0.0,0.0,0.0,0.0,0.0,0.0,0.0,0.0,0.0,0.0,0.0,0.0,0.0,0.0,0.0,0.0,0.0,0.0,0.0,0.0,0.0,0.0,0.0,0.0,0.0,0.0,0.0,0.0,-11170.522493624734,-11170.522493624734,-11170.522493624734,0.0,0.0,0.0,696.0629871060263,696.0629871060263,696.0629871060263,-4335.859526221354,-4335.859526221354,-4335.859526221354,-7530.725954509405,-7530.725954509405,-7530.725954509405,0.0,0.0,0.0,26467.37515246567
2018-07-02,37673.97409478758,28670.078403431453,41710.40256865332,37673.97409478758,37673.97409478758,0.0,0.0,0.0,0.0,0.0,0.0,0.0,0.0,0.0,0.0,0.0,0.0,0.0,0.0,0.0,0.0,0.0,0.0,0.0,0.0,0.0,0.0,0.0,0.0,0.0,0.0,0.0,0.0,0.0,0.0,0.0,0.0,0.0,0.0,0.0,0.0,-2602.8812376736755,-2602.8812376736755,-2602.8812376736755,0.0,0.0,0.0,973.7220397019813,973.7220397019813,973.7220397019813,4203.539984516596,4203.539984516596,4203.539984516596,-7780.143261892254,-7780.143261892254,-7780.143261892254,0.0,0.0,0.0,35071.09285711391
2018-07-03,37710.05054348477,28015.424597914625,40768.68346555053,37710.05054348477,37710.05054348477,0.0,0.0,0.0,0.0,0.0,0.0,0.0,0.0,0.0,0.0,0.0,0.0,0.0,0.0,0.0,0.0,0.0,0.0,0.0,0.0,0.0,0.0,0.0,0.0,0.0,0.0,0.0,0.0,0.0,0.0,0.0,0.0,0.0,0.0,0.0,0.0,-3629.0133773434727,-3629.0133773434727,-3629.0133773434727,0.0,0.0,0.0,996.5691629590581,996.5691629590581,996.5691629590581,3347.897897519786,3347.897897519786,3347.897897519786,-7973.480437822316,-7973.480437822316,-7973.480437822316,0.0,0.0,0.0,34081.0371661413
2018-07-04,37746.126992181955,26783.64939575903,39917.50486147308,37746.126992181955,37746.126992181955,0.0,0.0,0.0,0.0,0.0,0.0,0.0,0.0,0.0,0.0,0.0,0.0,0.0,0.0,0.0,0.0,0.0,0.0,0.0,0.0,0.0,0.0,0.0,0.0,0.0,0.0,0.0,0.0,0.0,0.0,0.0,0.0,0.0,0.0,0.0,0.0,-4533.8080359893,-4533.8080359893,-4533.8080359893,0.0,0.0,0.0,1094.271492288084,1094.271492288084,1094.271492288084,2476.4677992981856,2476.4677992981856,2476.4677992981856,-8104.547327575569,-8104.547327575569,-8104.547327575569,0.0,0.0,0.0,33212.318956192656
2018-07-05,37782.20344087914,25688.248262853253,38909.62657166939,37782.20344087914,37782.20344087914,0.0,0.0,0.0,0.0,0.0,0.0,0.0,0.0,0.0,0.0,0.0,0.0,0.0,0.0,0.0,0.0,0.0,0.0,0.0,0.0,0.0,0.0,0.0,0.0,0.0,0.0,0.0,0.0,0.0,0.0,0.0,0.0,0.0,0.0,0.0,0.0,-5587.211369132581,-5587.211369132581,-5587.211369132581,0.0,0.0,0.0,1361.3279878897492,1361.3279878897492,1361.3279878897492,1219.9357873521126,1219.9357873521126,1219.9357873521126,-8168.475144374443,-8168.475144374443,-8168.475144374443,0.0,0.0,0.0,32194.992071746557
2018-07-06,37818.27988957632,24283.553916660363,36389.28979555474,37818.27988957632,37818.27988957632,0.0,0.0,0.0,0.0,0.0,0.0,0.0,0.0,0.0,0.0,0.0,0.0,0.0,0.0,0.0,0.0,0.0,0.0,0.0,0.0,0.0,0.0,0.0,0.0,0.0,0.0,0.0,0.0,0.0,0.0,0.0,0.0,0.0,0.0,0.0,0.0,-7549.863536604136,-7549.863536604136,-7549.863536604136,0.0,0.0,0.0,1577.6733750084436,1577.6733750084436,1577.6733750084436,-965.6856366741004,-965.6856366741004,-965.6856366741004,-8161.851274938479,-8161.851274938479,-8161.851274938479,0.0,0.0,0.0,30268.416352972185
2018-07-07,37854.35633827351,18890.244706441343,32112.320048025547,37854.35633827351,37854.35633827351,0.0,0.0,0.0,0.0,0.0,0.0,0.0,0.0,0.0,0.0,0.0,0.0,0.0,0.0,0.0,0.0,0.0,0.0,0.0,0.0,0.0,0.0,0.0,0.0,0.0,0.0,0.0,0.0,0.0,0.0,0.0,0.0,0.0,0.0,0.0,0.0,-12567.830636007526,-12567.830636007526,-12567.830636007526,0.0,0.0,0.0,1461.2849659426488,1461.2849659426488,1461.2849659426488,-5946.296305800981,-5946.296305800981,-5946.296305800981,-8082.819296149192,-8082.819296149192,-8082.819296149192,0.0,0.0,0.0,25286.525702265983
2018-07-08,37890.43278697068,20281.53940664914,33363.069256273586,37890.43278697068,37890.43278697068,0.0,0.0,0.0,0.0,0.0,0.0,0.0,0.0,0.0,0.0,0.0,0.0,0.0,0.0,0.0,0.0,0.0,0.0,0.0,0.0,0.0,0.0,0.0,0.0,0.0,0.0,0.0,0.0,0.0,0.0,0.0,0.0,0.0,0.0,0.0,0.0,-11286.101521393859,-11286.101521393859,-11286.101521393859,0.0,0.0,0.0,980.8996075570354,980.8996075570354,980.8996075570354,-4335.859526212678,-4335.859526212678,-4335.859526212678,-7931.141602738215,-7931.141602738215,-7931.141602738215,0.0,0.0,0.0,26604.331265576824
2018-07-09,37926.50923566787,28352.61491904951,41653.40764541634,37926.50923566787,37926.50923566787,0.0,0.0,0.0,0.0,0.0,0.0,0.0,0.0,0.0,0.0,0.0,0.0,0.0,0.0,0.0,0.0,0.0,0.0,0.0,0.0,0.0,0.0,0.0,0.0,0.0,0.0,0.0,0.0,0.0,0.0,0.0,0.0,0.0,0.0,0.0,0.0,-3094.100090934804,-3094.100090934804,-3094.100090934804,0.0,0.0,0.0,410.5828798348346,410.5828798348346,410.5828798348346,4203.539984520792,4203.539984520792,4203.539984520792,-7708.22295529043,-7708.22295529043,-7708.22295529043,0.0,0.0,0.0,34832.40914473307
2018-07-10,37962.585684365054,27836.987690469967,40593.67999026008,37962.585684365054,37962.585684365054,0.0,0.0,0.0,0.0,0.0,0.0,0.0,0.0,0.0,0.0,0.0,0.0,0.0,0.0,0.0,0.0,0.0,0.0,0.0,0.0,0.0,0.0,0.0,0.0,0.0,0.0,0.0,0.0,0.0,0.0,0.0,0.0,0.0,0.0,0.0,0.0,-3989.6917522710564,-3989.6917522710564,-3989.6917522710564,0.0,0.0,0.0,79.50456088436066,79.50456088436066,79.50456088436066,3347.8978975236187,3347.8978975236187,3347.8978975236187,-7417.094210679037,-7417.094210679037,-7417.094210679037,0.0,0.0,0.0,33972.893932094
2018-07-11,37998.662133062244,26963.69682264873,40598.91045304145,37998.662133062244,37998.662133062244,0.0,0.0,0.0,0.0,0.0,0.0,0.0,0.0,0.0,0.0,0.0,0.0,0.0,0.0,0.0,0.0,0.0,0.0,0.0,0.0,0.0,0.0,0.0,0.0,0.0,0.0,0.0,0.0,0.0,0.0,0.0,0.0,0.0,0.0,0.0,0.0,-4506.5169564583575,-4506.5169564583575,-4506.5169564583575,0.0,0.0,0.0,79.37171435425392,79.37171435425392,79.37171435425392,2476.4677993013215,2476.4677993013215,2476.4677993013215,-7062.356470113932,-7062.356470113932,-7062.356470113932,0.0,0.0,0.0,33492.14517660389
2018-07-12,38034.73858175942,26679.399231330302,39509.723447960816,38034.73858175942,38034.73858175942,0.0,0.0,0.0,0.0,0.0,0.0,0.0,0.0,0.0,0.0,0.0,0.0,0.0,0.0,0.0,0.0,0.0,0.0,0.0,0.0,0.0,0.0,0.0,0.0,0.0,0.0,0.0,0.0,0.0,0.0,0.0,0.0,0.0,0.0,0.0,0.0,-5202.981357403434,-5202.981357403434,-5202.981357403434,0.0,0.0,0.0,227.16970438922962,227.16970438922962,227.16970438922962,1219.9357873478727,1219.9357873478727,1219.9357873478727,-6650.086849140536,-6650.086849140536,-6650.086849140536,0.0,0.0,0.0,32831.757224355984
2018-07-13,38070.81503045661,24799.216248453286,38295.92811807288,38070.81503045661,38070.81503045661,0.0,0.0,0.0,0.0,0.0,0.0,0.0,0.0,0.0,0.0,0.0,0.0,0.0,0.0,0.0,0.0,0.0,0.0,0.0,0.0,0.0,0.0,0.0,0.0,0.0,0.0,0.0,0.0,0.0,0.0,0.0,0.0,0.0,0.0,0.0,0.0,-6842.894148195849,-6842.894148195849,-6842.894148195849,0.0,0.0,0.0,310.499504161997,310.499504161997,310.499504161997,-965.6856366795589,-965.6856366795589,-965.6856366795589,-6187.708015678288,-6187.708015678288,-6187.708015678288,0.0,0.0,0.0,31227.920882260758
2018-07-14,38106.89147915379,20568.22538723741,33632.798044285635,38106.89147915379,38106.89147915379,0.0,0.0,0.0,0.0,0.0,0.0,0.0,0.0,0.0,0.0,0.0,0.0,0.0,0.0,0.0,0.0,0.0,0.0,0.0,0.0,0.0,0.0,0.0,0.0,0.0,0.0,0.0,0.0,0.0,0.0,0.0,0.0,0.0,0.0,0.0,0.0,-11285.396833115374,-11285.396833115374,-11285.396833115374,0.0,0.0,0.0,344.7240055963282,344.7240055963282,344.7240055963282,-5946.296305807573,-5946.296305807573,-5946.296305807573,-5683.824532904128,-5683.824532904128,-5683.824532904128,0.0,0.0,0.0,26821.494646038416
2018-07-15,38142.96792785098,22995.307376438835,35728.58425846219,38142.96792785098,38142.96792785098,0.0,0.0,0.0,0.0,0.0,0.0,0.0,0.0,0.0,0.0,0.0,0.0,0.0,0.0,0.0,0.0,0.0,0.0,0.0,0.0,0.0,0.0,0.0,0.0,0.0,0.0,0.0,0.0,0.0,0.0,0.0,0.0,0.0,0.0,0.0,0.0,-8930.807522005794,-8930.807522005794,-8930.807522005794,0.0,0.0,0.0,553.0818662084297,553.0818662084297,553.0818662084297,-4335.859526222607,-4335.859526222607,-4335.859526222607,-5148.029861991618,-5148.029861991618,-5148.029861991618,0.0,0.0,0.0,29212.160405845185
2018-07-16,38179.04437654816,32421.628170649077,45045.25790862583,38179.04437654816,38179.04437654816,0.0,0.0,0.0,0.0,0.0,0.0,0.0,0.0,0.0,0.0,0.0,0.0,0.0,0.0,0.0,0.0,0.0,0.0,0.0,0.0,0.0,0.0,0.0,0.0,0.0,0.0,0.0,0.0,0.0,0.0,0.0,0.0,0.0,0.0,0.0,0.0,682.068261586556,682.068261586556,682.068261586556,0.0,0.0,0.0,1069.2168818322687,1069.2168818322687,1069.2168818322687,4203.539984514893,4203.539984514893,4203.539984514893,-4590.688604760606,-4590.688604760606,-4590.688604760606,0.0,0.0,0.0,38861.11263813472
2018-07-17,38215.12082524535,32981.55008048701,45446.81687677689,38215.12082524535,38215.12082524535,0.0,0.0,0.0,0.0,0.0,0.0,0.0,0.0,0.0,0.0,0.0,0.0,0.0,0.0,0.0,0.0,0.0,0.0,0.0,0.0,0.0,0.0,0.0,0.0,0.0,0.0,0.0,0.0,0.0,0.0,0.0,0.0,0.0,0.0,0.0,0.0,993.7894143299603,993.7894143299603,993.7894143299603,0.0,0.0,0.0,1668.5906975850903,1668.5906975850903,1668.5906975850903,3347.897897521398,3347.897897521398,3347.897897521398,-4022.6991807765276,-4022.6991807765276,-4022.6991807765276,0.0,0.0,0.0,39208.910239575314
2018-07-18,38251.197273942525,32977.3708707088,45673.93412688051,38251.197273942525,38251.197273942525,0.0,0.0,0.0,0.0,0.0,0.0,0.0,0.0,0.0,0.0,0.0,0.0,0.0,0.0,0.0,0.0,0.0,0.0,0.0,0.0,0.0,0.0,0.0,0.0,0.0,0.0,0.0,0.0,0.0,0.0,0.0,0.0,0.0,0.0,0.0,0.0,863.3974975955756,863.3974975955756,863.3974975955756,0.0,0.0,0.0,1842.1723199219462,1842.1723199219462,1842.1723199219462,2476.467799299731,2476.467799299731,2476.467799299731,-3455.2426216261,-3455.2426216261,-3455.2426216261,0.0,0.0,0.0,39114.594771538104
2018-07-19,38287.27372263971,31125.548298936075,44141.176333190284,38287.27372263971,38287.27372263971,0.0,0.0,0.0,0.0,0.0,0.0,0.0,0.0,0.0,0.0,0.0,0.0,0.0,0.0,0.0,0.0,0.0,0.0,0.0,0.0,0.0,0.0,0.0,0.0,0.0,0.0,0.0,0.0,0.0,0.0,0.0,0.0,0.0,0.0,0.0,0.0,-475.23218744983245,-475.23218744983245,-475.23218744983245,0.0,0.0,0.0,1204.3555406327348,1204.3555406327348,1204.3555406327348,1219.9357873436331,1219.9357873436331,1219.9357873436331,-2899.523515426201,-2899.523515426201,-2899.523515426201,0.0,0.0,0.0,37812.04153518988
2018-07-20,38323.3501713369,28368.76316615505,41253.68016897534,38323.3501713369,38323.3501713369,0.0,0.0,0.0,0.0,0.0,0.0,0.0,0.0,0.0,0.0,0.0,0.0,0.0,0.0,0.0,0.0,0.0,0.0,0.0,0.0,0.0,0.0,0.0,0.0,0.0,0.0,0.0,0.0,0.0,0.0,0.0,0.0,0.0,0.0,0.0,0.0,-3451.7014471577777,-3451.7014471577777,-3451.7014471577777,0.0,0.0,0.0,-119.50647245434034,-119.50647245434034,-119.50647245434034,-965.6856366850175,-965.6856366850175,-965.6856366850175,-2366.5093380184194,-2366.5093380184194,-2366.5093380184194,0.0,0.0,0.0,34871.64872417912
2018-07-21,38359.42662003408,22393.727801640023,35522.03227784011,38359.42662003408,38359.42662003408,0.0,0.0,0.0,0.0,0.0,0.0,0.0,0.0,0.0,0.0,0.0,0.0,0.0,0.0,0.0,0.0,0.0,0.0,0.0,0.0,0.0,0.0,0.0,0.0,0.0,0.0,0.0,0.0,0.0,0.0,0.0,0.0,0.0,0.0,0.0,0.0,-9318.600145483566,-9318.600145483566,-9318.600145483566,0.0,0.0,0.0,-1505.629380921684,-1505.629380921684,-1505.629380921684,-5946.296305785536,-5946.296305785536,-5946.296305785536,-1866.674458776347,-1866.674458776347,-1866.674458776347,0.0,0.0,0.0,29040.826474550515
2018-07-22,38395.50306873126,24136.473263044652,36570.8072129355,38395.50306873126,38395.50306873126,0.0,0.0,0.0,0.0,0.0,0.0,0.0,0.0,0.0,0.0,0.0,0.0,0.0,0.0,0.0,0.0,0.0,0.0,0.0,0.0,0.0,0.0,0.0,0.0,0.0,0.0,0.0,0.0,0.0,0.0,0.0,0.0,0.0,0.0,0.0,0.0,-8025.04702575638,-8025.04702575638,-8025.04702575638,0.0,0.0,0.0,-2279.4324922787805,-2279.4324922787805,-2279.4324922787805,-4335.859526218623,-4335.859526218623,-4335.859526218623,-1409.7550072589784,-1409.7550072589784,-1409.7550072589784,0.0,0.0,0.0,30370.45604297488
2018-07-23,38431.57951742845,33304.6639713691,46530.232730154254,38431.57951742845,38431.57951742845,0.0,0.0,0.0,0.0,0.0,0.0,0.0,0.0,0.0,0.0,0.0,0.0,0.0,0.0,0.0,0.0,0.0,0.0,0.0,0.0,0.0,0.0,0.0,0.0,0.0,0.0,0.0,0.0,0.0,0.0,0.0,0.0,0.0,0.0,0.0,0.0,969.1994293353929,969.1994293353929,969.1994293353929,0.0,0.0,0.0,-2229.8200209110455,-2229.8200209110455,-2229.8200209110455,4203.53998451676,4203.53998451676,4203.53998451676,-1004.5205342703206,-1004.5205342703206,-1004.5205342703206,0.0,0.0,0.0,39400.77894676384
2018-07-24,38467.65596612563,32843.41762760153,46039.527684968074,38467.65596612563,38467.65596612563,0.0,0.0,0.0,0.0,0.0,0.0,0.0,0.0,0.0,0.0,0.0,0.0,0.0,0.0,0.0,0.0,0.0,0.0,0.0,0.0,0.0,0.0,0.0,0.0,0.0,0.0,0.0,0.0,0.0,0.0,0.0,0.0,0.0,0.0,0.0,0.0,947.8960604300058,947.8960604300058,947.8960604300058,0.0,0.0,0.0,-1741.4338336529122,-1741.4338336529122,-1741.4338336529122,3347.8978975196706,3347.8978975196706,3347.8978975196706,-658.5680034367531,-658.5680034367531,-658.5680034367531,0.0,0.0,0.0,39415.55202655564
2018-07-25,38503.73241482282,32533.334993867484,45542.31985508273,38503.73241482282,38503.73241482282,0.0,0.0,0.0,0.0,0.0,0.0,0.0,0.0,0.0,0.0,0.0,0.0,0.0,0.0,0.0,0.0,0.0,0.0,0.0,0.0,0.0,0.0,0.0,0.0,0.0,0.0,0.0,0.0,0.0,0.0,0.0,0.0,0.0,0.0,0.0,0.0,670.9979297319879,670.9979297319879,670.9979297319879,0.0,0.0,0.0,-1427.3267526832428,-1427.3267526832428,-1427.3267526832428,2476.4677993013584,2476.4677993013584,2476.4677993013584,-378.1431168861281,-378.1431168861281,-378.1431168861281,0.0,0.0,0.0,39174.73034455481
2018-07-26,38539.80886352,31304.52066835426,44532.17776977203,38539.80886352,38539.80886352,0.0,0.0,0.0,0.0,0.0,0.0,0.0,0.0,0.0,0.0,0.0,0.0,0.0,0.0,0.0,0.0,0.0,0.0,0.0,0.0,0.0,0.0,0.0,0.0,0.0,0.0,0.0,0.0,0.0,0.0,0.0,0.0,0.0,0.0,0.0,0.0,-537.1481112351499,-537.1481112351499,-537.1481112351499,0.0,0.0,0.0,-1589.0905747923725,-1589.0905747923725,-1589.0905747923725,1219.9357873450897,1219.9357873450897,1219.9357873450897,-167.9933237878676,-167.9933237878676,-167.9933237878676,0.0,0.0,0.0,38002.66075228485
2018-07-27,38575.885312217186,29010.93612641497,41900.93091344685,38575.885312217186,38575.885312217186,0.0,0.0,0.0,0.0,0.0,0.0,0.0,0.0,0.0,0.0,0.0,0.0,0.0,0.0,0.0,0.0,0.0,0.0,0.0,0.0,0.0,0.0,0.0,0.0,0.0,0.0,0.0,0.0,0.0,0.0,0.0,0.0,0.0,0.0,0.0,0.0,-2977.526686427426,-2977.526686427426,-2977.526686427426,0.0,0.0,0.0,-1980.5849502162805,-1980.5849502162805,-1980.5849502162805,-965.6856366794207,-965.6856366794207,-965.6856366794207,-31.256099531726814,-31.256099531726814,-31.256099531726814,0.0,0.0,0.0,35598.35862578976
2018-07-28,38611.96176091437,23773.25581025565,36947.55996319753,38611.96176091437,38611.96176091437,0.0,0.0,0.0,0.0,0.0,0.0,0.0,0.0,0.0,0.0,0.0,0.0,0.0,0.0,0.0,0.0,0.0,0.0,0.0,0.0,0.0,0.0,0.0,0.0,0.0,0.0,0.0,0.0,0.0,0.0,0.0,0.0,0.0,0.0,0.0,0.0,-7984.334789982914,-7984.334789982914,-7984.334789982914,0.0,0.0,0.0,-2068.6532496379477,-2068.6532496379477,-2068.6532496379477,-5946.296305792128,-5946.296305792128,-5946.296305792128,30.61476544716106,30.61476544716106,30.61476544716106,0.0,0.0,0.0,30627.626970931455
2018-07-29,38648.03820961155,26129.658221235142,38831.370508096275,38648.03820961155,38648.03820961155,0.0,0.0,0.0,0.0,0.0,0.0,0.0,0.0,0.0,0.0,0.0,0.0,0.0,0.0,0.0,0.0,0.0,0.0,0.0,0.0,0.0,0.0,0.0,0.0,0.0,0.0,0.0,0.0,0.0,0.0,0.0,0.0,0.0,0.0,0.0,0.0,-5851.821565943877,-5851.821565943877,-5851.821565943877,0.0,0.0,0.0,-1533.8450836644683,-1533.8450836644683,-1533.8450836644683,-4335.859526214637,-4335.859526214637,-4335.859526214637,17.883043935229587,17.883043935229587,17.883043935229587,0.0,0.0,0.0,32796.21664366767
2018-07-30,38684.11465830873,35396.793570765934,48359.41659246826,38684.11465830873,38684.11465830873,0.0,0.0,0.0,0.0,0.0,0.0,0.0,0.0,0.0,0.0,0.0,0.0,0.0,0.0,0.0,0.0,0.0,0.0,0.0,0.0,0.0,0.0,0.0,0.0,0.0,0.0,0.0,0.0,0.0,0.0,0.0,0.0,0.0,0.0,0.0,0.0,3584.2708592464114,3584.2708592464114,3584.2708592464114,0.0,0.0,0.0,-551.7923798023816,-551.7923798023816,-551.7923798023816,4203.539984518627,4203.539984518627,4203.539984518627,-67.47674546983465,-67.47674546983465,-67.47674546983465,0.0,0.0,0.0,42268.38551755514
2018-07-31,38720.19110700592,36200.87684615387,48505.47087892389,38720.19110700592,38720.19110700592,0.0,0.0,0.0,0.0,0.0,0.0,0.0,0.0,0.0,0.0,0.0,0.0,0.0,0.0,0.0,0.0,0.0,0.0,0.0,0.0,0.0,0.0,0.0,0.0,0.0,0.0,0.0,0.0,0.0,0.0,0.0,0.0,0.0,0.0,0.0,0.0,3507.2097768091962,3507.2097768091962,3507.2097768091962,0.0,0.0,0.0,381.1386116415252,381.1386116415252,381.1386116415252,3347.8978975179425,3347.8978975179425,3347.8978975179425,-221.82673235027278,-221.82673235027278,-221.82673235027278,0.0,0.0,0.0,42227.40088381512
2018-08-01,38756.2675557031,35152.97745683067,47843.951731449255,38756.2675557031,38756.2675557031,0.0,0.0,0.0,0.0,0.0,0.0,0.0,0.0,0.0,0.0,0.0,0.0,0.0,0.0,0.0,0.0,0.0,0.0,0.0,0.0,0.0,0.0,0.0,0.0,0.0,0.0,0.0,0.0,0.0,0.0,0.0,0.0,0.0,0.0,0.0,0.0,2923.885672725445,2923.885672725445,2923.885672725445,0.0,0.0,0.0,887.3704401827716,887.3704401827716,887.3704401827716,2476.4677992989127,2476.4677992989127,2476.4677992989127,-439.952566756238,-439.952566756238,-439.952566756238,0.0,0.0,0.0,41680.15322842855
2018-08-02,38792.34400440029,33642.05560968931,47162.62048674927,38792.34400440029,38792.34400440029,0.0,0.0,0.0,0.0,0.0,0.0,0.0,0.0,0.0,0.0,0.0,0.0,0.0,0.0,0.0,0.0,0.0,0.0,0.0,0.0,0.0,0.0,0.0,0.0,0.0,0.0,0.0,0.0,0.0,0.0,0.0,0.0,0.0,0.0,0.0,0.0,1499.1100111783965,1499.1100111783965,1499.1100111783965,0.0,0.0,0.0,994.3619423555505,994.3619423555505,994.3619423555505,1219.9357873461556,1219.9357873461556,1219.9357873461556,-715.1877185233092,-715.1877185233092,-715.1877185233092,0.0,0.0,0.0,40291.45401557869
2018-08-03,38828.420453097475,31220.8306617459,44044.62667352417,38828.420453097475,38828.420453097475,0.0,0.0,0.0,0.0,0.0,0.0,0.0,0.0,0.0,0.0,0.0,0.0,0.0,0.0,0.0,0.0,0.0,0.0,0.0,0.0,0.0,0.0,0.0,0.0,0.0,0.0,0.0,0.0,0.0,0.0,0.0,0.0,0.0,0.0,0.0,0.0,-983.4498513064551,-983.4498513064551,-983.4498513064551,0.0,0.0,0.0,1021.8080344979683,1021.8080344979683,1021.8080344979683,-965.685636678536,-965.685636678536,-965.685636678536,-1039.5722491258869,-1039.5722491258869,-1039.5722491258869,0.0,0.0,0.0,37844.97060179102
2018-08-04,38864.49690179466,26171.83032589225,39231.19575600979,38864.49690179466,38864.49690179466,0.0,0.0,0.0,0.0,0.0,0.0,0.0,0.0,0.0,0.0,0.0,0.0,0.0,0.0,0.0,0.0,0.0,0.0,0.0,0.0,0.0,0.0,0.0,0.0,0.0,0.0,0.0,0.0,0.0,0.0,0.0,0.0,0.0,0.0,0.0,0.0,-6135.5797391153765,-6135.5797391153765,-6135.5797391153765,0.0,0.0,0.0,1214.7588362825504,1214.7588362825504,1214.7588362825504,-5946.296305792598,-5946.296305792598,-5946.296305792598,-1404.0422696053283,-1404.0422696053283,-1404.0422696053283,0.0,0.0,0.0,32728.91716267928
2018-08-05,38900.57335049184,28008.2541057278,40623.64453917535,38900.17575052829,38900.57335049184,0.0,0.0,0.0,0.0,0.0,0.0,0.0,0.0,0.0,0.0,0.0,0.0,0.0,0.0,0.0,0.0,0.0,0.0,0.0,0.0,0.0,0.0,0.0,0.0,0.0,0.0,0.0,0.0,0.0,0.0,0.0,0.0,0.0,0.0,0.0,0.0,-4638.183928838131,-4638.183928838131,-4638.183928838131,0.0,0.0,0.0,1496.3211553850174,1496.3211553850174,1496.3211553850174,-4335.859526205963,-4335.859526205963,-4335.859526205963,-1798.6455580171846,-1798.6455580171846,-1798.6455580171846,0.0,0.0,0.0,34262.38942165371
2018-08-06,38936.64979918902,35939.69932522373,49134.869860019004,38935.431254563235,38936.83046368117,0.0,0.0,0.0,0.0,0.0,0.0,0.0,0.0,0.0,0.0,0.0,0.0,0.0,0.0,0.0,0.0,0.0,0.0,0.0,0.0,0.0,0.0,0.0,0.0,0.0,0.0,0.0,0.0,0.0,0.0,0.0,0.0,0.0,0.0,0.0,0.0,3562.080224004665,3562.080224004665,3562.080224004665,0.0,0.0,0.0,1571.3184185705531,1571.3184185705531,1571.3184185705531,4203.5399845127295,4203.5399845127295,4203.5399845127295,-2212.778179078616,-2212.778179078616,-2212.778179078616,0.0,0.0,0.0,42498.73002319368
2018-08-07,38972.72624788621,34449.74297174359,47492.2390557045,38970.38153584069,38973.93105893801,0.0,0.0,0.0,0.0,0.0,0.0,0.0,0.0,0.0,0.0,0.0,0.0,0.0,0.0,0.0,0.0,0.0,0.0,0.0,0.0,0.0,0.0,0.0,0.0,0.0,0.0,0.0,0.0,0.0,0.0,0.0,0.0,0.0,0.0,0.0,0.0,1967.2328435985237,1967.2328435985237,1967.2328435985237,0.0,0.0,0.0,1254.7713890689542,1254.7713890689542,1254.7713890689542,3347.897897526349,3347.897897526349,3347.897897526349,-2635.436442996779,-2635.436442996779,-2635.436442996779,0.0,0.0,0.0,40939.959091484736
2018-08-08,39008.802696583385,32911.91978937428,45522.6339939565,39004.69009208648,39011.59717171412,0.0,0.0,0.0,0.0,0.0,0.0,0.0,0.0,0.0,0.0,0.0,0.0,0.0,0.0,0.0,0.0,0.0,0.0,0.0,0.0,0.0,0.0,0.0,0.0,0.0,0.0,0.0,0.0,0.0,0.0,0.0,0.0,0.0,0.0,0.0,0.0,104.57810724017064,104.57810724017064,104.57810724017064,0.0,0.0,0.0,683.5884794636203,683.5884794636203,683.5884794636203,2476.46779930054,2476.46779930054,2476.46779930054,-3055.478171523988,-3055.478171523988,-3055.478171523988,0.0,0.0,0.0,39113.38080382356
2018-08-09,39044.879145280574,30382.701787439866,43424.47109477526,39038.19002740419,39050.03413638362,0.0,0.0,0.0,0.0,0.0,0.0,0.0,0.0,0.0,0.0,0.0,0.0,0.0,0.0,0.0,0.0,0.0,0.0,0.0,0.0,0.0,0.0,0.0,0.0,0.0,0.0,0.0,0.0,0.0,0.0,0.0,0.0,0.0,0.0,0.0,0.0,-2040.2545130860535,-2040.2545130860535,-2040.2545130860535,0.0,0.0,0.0,201.6967159553108,201.6967159553108,201.6967159553108,1219.9357873472218,1219.9357873472218,1219.9357873472218,-3461.887016388585,-3461.887016388585,-3461.887016388585,0.0,0.0,0.0,37004.62463219452
2018-08-10,39080.955593977764,30837.486883995658,43478.46071969752,39072.07934386759,39087.87364731587,0.0,0.0,0.0,0.0,0.0,0.0,0.0,0.0,0.0,0.0,0.0,0.0,0.0,0.0,0.0,3185.59073414848,3185.59073414848,3185.59073414848,0.0,0.0,0.0,0.0,0.0,0.0,0.0,0.0,0.0,0.0,0.0,0.0,0.0,0.0,0.0,0.0,0.0,0.0,-1579.1238770518376,-1579.1238770518376,-1579.1238770518376,3185.59073414848,3185.59073414848,3185.59073414848,45.00452877833247,45.00452877833247,45.00452877833247,-965.6856366776527,-965.6856366776527,-965.6856366776527,-3844.0335033009974,-3844.0335033009974,-3844.0335033009974,0.0,0.0,0.0,37501.831716925924
2018-08-11,39117.032042674946,24133.52577593084,37066.5249290461,39105.22826033364,39125.29128669292,0.0,0.0,0.0,0.0,0.0,0.0,0.0,0.0,0.0,0.0,0.0,0.0,0.0,0.0,0.0,1278.729281596704,1278.729281596704,1278.729281596704,0.0,0.0,0.0,0.0,0.0,0.0,0.0,0.0,0.0,0.0,0.0,0.0,0.0,0.0,0.0,0.0,0.0,0.0,-8708.28244282453,-8708.28244282453,-8708.28244282453,1278.729281596704,1278.729281596704,1278.729281596704,151.2111371417012,151.2111371417012,151.2111371417012,-5946.296305794059,-5946.296305794059,-5946.296305794059,-4191.926555768875,-4191.926555768875,-4191.926555768875,0.0,0.0,0.0,30408.749599850416
2018-08-12,39153.10849137212,23712.743107440914,36885.73045739626,39138.656631688194,39163.48855564996,0.0,0.0,0.0,0.0,0.0,0.0,0.0,0.0,0.0,0.0,0.0,0.0,0.0,0.0,0.0,-581.4111325731519,-581.4111325731519,-581.4111325731519,0.0,0.0,0.0,0.0,0.0,0.0,0.0,0.0,0.0,0.0,0.0,0.0,0.0,0.0,0.0,0.0,0.0,0.0,-9130.915626577696,-9130.915626577696,-9130.915626577696,-581.4111325731519,-581.4111325731519,-581.4111325731519,282.80451655041304,282.80451655041304,282.80451655041304,-4335.859526220582,-4335.859526220582,-4335.859526220582,-4496.449484334375,-4496.449484334375,-4496.449484334375,0.0,0.0,0.0,30022.192864794422
2018-08-13,39189.18494006931,32521.585318071324,45961.92565238267,39172.204545965025,39201.78065520795,0.0,0.0,0.0,0.0,0.0,0.0,0.0,0.0,0.0,0.0,0.0,0.0,0.0,0.0,0.0,0.0,0.0,0.0,0.0,0.0,0.0,0.0,0.0,0.0,0.0,0.0,0.0,0.0,0.0,0.0,0.0,0.0,0.0,0.0,0.0,0.0,-224.02159928196016,-224.02159928196016,-224.02159928196016,0.0,0.0,0.0,322.0132196567561,322.0132196567561,322.0132196567561,4203.539984516925,4203.539984516925,4203.539984516925,-4749.574803455641,-4749.574803455641,-4749.574803455641,0.0,0.0,0.0,38965.16334078735
2018-08-14,39225.26138876649,31178.151176621894,44090.80828247472,39205.39911297976,39239.945330712166,0.0,0.0,0.0,0.0,0.0,0.0,0.0,0.0,0.0,0.0,0.0,0.0,0.0,0.0,0.0,0.0,0.0,0.0,0.0,0.0,0.0,0.0,0.0,0.0,0.0,0.0,0.0,0.0,0.0,0.0,0.0,0.0,0.0,0.0,0.0,0.0,-1184.2345445539866,-1184.2345445539866,-1184.2345445539866,0.0,0.0,0.0,412.42030824592416,412.42030824592416,412.42030824592416,3347.897897524621,3347.897897524621,3347.897897524621,-4944.552750324532,-4944.552750324532,-4944.552750324532,0.0,0.0,0.0,38041.02684421251
2018-08-15,39261.33783746368,31096.79138604856,44198.04724178078,39237.509575236225,39278.673637005064,0.0,0.0,0.0,0.0,0.0,0.0,0.0,0.0,0.0,0.0,0.0,0.0,0.0,0.0,0.0,0.0,0.0,0.0,0.0,0.0,0.0,0.0,0.0,0.0,0.0,0.0,0.0,0.0,0.0,0.0,0.0,0.0,0.0,0.0,0.0,0.0,-1822.5305459338174,-1822.5305459338174,-1822.5305459338174,0.0,0.0,0.0,777.0706699854242,777.0706699854242,777.0706699854242,2476.4677992989486,2476.4677992989486,2476.4677992989486,-5076.0690152181905,-5076.0690152181905,-5076.0690152181905,0.0,0.0,0.0,37438.80729152986
2018-08-16,39297.41428616086,30198.29234299731,43375.263530740354,39269.70293193101,39318.334338857196,0.0,0.0,0.0,0.0,0.0,0.0,0.0,0.0,0.0,0.0,0.0,0.0,0.0,0.0,0.0,0.0,0.0,0.0,0.0,0.0,0.0,0.0,0.0,0.0,0.0,0.0,0.0,0.0,0.0,0.0,0.0,0.0,0.0,0.0,0.0,0.0,-2533.0328505953676,-2533.0328505953676,-2533.0328505953676,0.0,0.0,0.0,1387.3992980079447,1387.3992980079447,1387.3992980079447,1219.935787342982,1219.935787342982,1219.935787342982,-5140.367935946294,-5140.367935946294,-5140.367935946294,0.0,0.0,0.0,36764.3814355655
2018-08-17,39333.49073485805,28739.96872176106,41291.01592814684,39303.25828296149,39358.760212771005,0.0,0.0,0.0,0.0,0.0,0.0,0.0,0.0,0.0,0.0,0.0,0.0,0.0,0.0,0.0,0.0,0.0,0.0,0.0,0.0,0.0,0.0,0.0,0.0,0.0,0.0,0.0,0.0,0.0,0.0,0.0,0.0,0.0,0.0,0.0,0.0,-4259.647151188447,-4259.647151188447,-4259.647151188447,0.0,0.0,0.0,1841.3767270705634,1841.3767270705634,1841.3767270705634,-965.6856366720557,-965.6856366720557,-965.6856366720557,-5135.3382415869555,-5135.3382415869555,-5135.3382415869555,0.0,0.0,0.0,35073.84358366961
2018-08-18,39369.56718355523,23802.852225781153,36684.20166898707,39334.3597119133,39397.87941457376,0.0,0.0,0.0,0.0,0.0,0.0,0.0,0.0,0.0,0.0,0.0,0.0,0.0,0.0,0.0,0.0,0.0,0.0,0.0,0.0,0.0,0.0,0.0,0.0,0.0,0.0,0.0,0.0,0.0,0.0,0.0,0.0,0.0,0.0,0.0,0.0,-9375.627756400916,-9375.627756400916,-9375.627756400916,0.0,0.0,0.0,1631.2278820845384,1631.2278820845384,1631.2278820845384,-5946.29630579453,-5946.29630579453,-5946.29630579453,-5060.559332690925,-5060.559332690925,-5060.559332690925,0.0,0.0,0.0,29993.939427154313
2018-08-19,39405.64363225242,24107.760486154322,37438.5446870077,39367.013084961145,39437.62351980716,0.0,0.0,0.0,0.0,0.0,0.0,0.0,0.0,0.0,0.0,0.0,0.0,0.0,0.0,0.0,0.0,0.0,0.0,0.0,0.0,0.0,0.0,0.0,0.0,0.0,0.0,0.0,0.0,0.0,0.0,0.0,0.0,0.0,0.0,0.0,0.0,-8655.980543939726,-8655.980543939726,-8655.980543939726,0.0,0.0,0.0,597.1860170986056,597.1860170986056,597.1860170986056,-4335.859526211906,-4335.859526211906,-4335.859526211906,-4917.3070348264255,-4917.3070348264255,-4917.3070348264255,0.0,0.0,0.0,30749.663088312693
2018-08-20,39441.7200809496,31643.898211984146,44120.67021736936,39397.8819300598,39477.82483315515,0.0,0.0,0.0,0.0,0.0,0.0,0.0,0.0,0.0,0.0,0.0,0.0,0.0,0.0,0.0,0.0,0.0,0.0,0.0,0.0,0.0,0.0,0.0,0.0,0.0,0.0,0.0,0.0,0.0,0.0,0.0,0.0,0.0,0.0,0.0,0.0,-1357.6971310531187,-1357.6971310531187,-1357.6971310531187,0.0,0.0,0.0,-852.718378974138,-852.718378974138,-852.718378974138,4203.5399845211205,4203.5399845211205,4203.5399845211205,-4708.518736600101,-4708.518736600101,-4708.518736600101,0.0,0.0,0.0,38084.02294989648
2018-08-21,39477.79652964678,30221.377296029208,42954.67556148173,39430.06828726101,39520.40143360341,0.0,0.0,0.0,0.0,0.0,0.0,0.0,0.0,0.0,0.0,0.0,0.0,0.0,0.0,0.0,0.0,0.0,0.0,0.0,0.0,0.0,0.0,0.0,0.0,0.0,0.0,0.0,0.0,0.0,0.0,0.0,0.0,0.0,0.0,0.0,0.0,-3088.172892097223,-3088.172892097223,-3088.172892097223,0.0,0.0,0.0,-1997.3519908534222,-1997.3519908534222,-1997.3519908534222,3347.8978975228933,3347.8978975228933,3347.8978975228933,-4438.718798766694,-4438.718798766694,-4438.718798766694,0.0,0.0,0.0,36389.62363754956
2018-08-22,39513.87297834396,29560.36090706807,42476.664625063575,39462.63719432329,39560.37099584532,0.0,0.0,0.0,0.0,0.0,0.0,0.0,0.0,0.0,0.0,0.0,0.0,0.0,0.0,0.0,0.0,0.0,0.0,0.0,0.0,0.0,0.0,0.0,0.0,0.0,0.0,0.0,0.0,0.0,0.0,0.0,0.0,0.0,0.0,0.0,0.0,-3982.650983201153,-3982.650983201153,-3982.650983201153,0.0,0.0,0.0,-2345.212708301077,-2345.212708301077,-2345.212708301077,2476.4677993029395,2476.4677993029395,2476.4677993029395,-4113.906074203018,-4113.906074203018,-4113.906074203018,0.0,0.0,0.0,35531.22199514281
2018-08-23,39549.94942704115,28950.820308789807,41563.5359601939,39494.81066599042,39600.70580635492,0.0,0.0,0.0,0.0,0.0,0.0,0.0,0.0,0.0,0.0,0.0,0.0,0.0,0.0,0.0,0.0,0.0,0.0,0.0,0.0,0.0,0.0,0.0,0.0,0.0,0.0,0.0,0.0,0.0,0.0,0.0,0.0,0.0,0.0,0.0,0.0,-4522.244108537094,-4522.244108537094,-4522.244108537094,0.0,0.0,0.0,-2000.7736094448785,-2000.7736094448785,-2000.7736094448785,1219.935787349744,1219.935787349744,1219.935787349744,-3741.406286441961,-3741.406286441961,-3741.406286441961,0.0,0.0,0.0,35027.70531850406
2018-08-24,39586.025875738334,27582.72179007534,39764.58546910186,39524.54780137087,39642.221494100624,0.0,0.0,0.0,0.0,0.0,0.0,0.0,0.0,0.0,0.0,0.0,0.0,0.0,0.0,0.0,0.0,0.0,0.0,0.0,0.0,0.0,0.0,0.0,0.0,0.0,0.0,0.0,0.0,0.0,0.0,0.0,0.0,0.0,0.0,0.0,0.0,-5826.605357166874,-5826.605357166874,-5826.605357166874,0.0,0.0,0.0,-1531.2268650778742,-1531.2268650778742,-1531.2268650778742,-965.6856366791435,-965.6856366791435,-965.6856366791435,-3329.692855409855,-3329.692855409855,-3329.692855409855,0.0,0.0,0.0,33759.42051857146
2018-08-25,39622.10232443552,22780.560985453645,35373.290965756874,39555.20537428917,39683.45077237483,0.0,0.0,0.0,0.0,0.0,0.0,0.0,0.0,0.0,0.0,0.0,0.0,0.0,0.0,0.0,0.0,0.0,0.0,0.0,0.0,0.0,0.0,0.0,0.0,0.0,0.0,0.0,0.0,0.0,0.0,0.0,0.0,0.0,0.0,0.0,0.0,-10286.564617621085,-10286.564617621085,-10286.564617621085,0.0,0.0,0.0,-1452.0877989596124,-1452.0877989596124,-1452.0877989596124,-5946.296305794997,-5946.296305794997,-5946.296305794997,-2888.1805128664732,-2888.1805128664732,-2888.1805128664732,0.0,0.0,0.0,29335.53770681443
2018-08-26,39658.1787731327,24155.85472881333,37413.88639639396,39588.075861381614,39725.353641988026,0.0,0.0,0.0,0.0,0.0,0.0,0.0,0.0,0.0,0.0,0.0,0.0,0.0,0.0,0.0,0.0,0.0,0.0,0.0,0.0,0.0,0.0,0.0,0.0,0.0,0.0,0.0,0.0,0.0,0.0,0.0,0.0,0.0,0.0,0.0,0.0,-8551.408806640173,-8551.408806640173,-8551.408806640173,0.0,0.0,0.0,-1788.5525815938047,-1788.5525815938047,-1788.5525815938047,-4335.859526207922,-4335.859526207922,-4335.859526207922,-2426.9966988384485,-2426.9966988384485,-2426.9966988384485,0.0,0.0,0.0,31106.769966492524
2018-08-27,39694.25522182989,32891.32491612032,45504.26162872196,39618.43189433291,39766.49966239118,0.0,0.0,0.0,0.0,0.0,0.0,0.0,0.0,0.0,0.0,0.0,0.0,0.0,0.0,0.0,0.0,0.0,0.0,0.0,0.0,0.0,0.0,0.0,0.0,0.0,0.0,0.0,0.0,0.0,0.0,0.0,0.0,0.0,0.0,0.0,0.0,153.89306251152357,153.89306251152357,153.89306251152357,0.0,0.0,0.0,-2092.9106634456843,-2092.9106634456843,-2092.9106634456843,4203.539984522987,4203.539984522987,4203.539984522987,-1956.736258565777,-1956.736258565777,-1956.736258565777,0.0,0.0,0.0,39848.14828434141
2018-08-28,39730.33167052707,33087.14092013185,46295.26807365691,39649.80942054564,39807.34047354915,0.0,0.0,0.0,0.0,0.0,0.0,0.0,0.0,0.0,0.0,0.0,0.0,0.0,0.0,0.0,0.0,0.0,0.0,0.0,0.0,0.0,0.0,0.0,0.0,0.0,0.0,0.0,0.0,0.0,0.0,0.0,0.0,0.0,0.0,0.0,0.0,-20.201889110947622,-20.201889110947622,-20.201889110947622,0.0,0.0,0.0,-1879.8944318528545,-1879.8944318528545,-1879.8944318528545,3347.8978975257387,3347.8978975257387,3347.8978975257387,-1488.2053547838327,-1488.2053547838327,-1488.2053547838327,0.0,0.0,0.0,39710.12978141612
2018-08-29,39766.40811922426,33557.44869867271,46539.796714948374,39679.35038129811,39847.581630341745,0.0,0.0,0.0,0.0,0.0,0.0,0.0,0.0,0.0,0.0,0.0,0.0,0.0,0.0,0.0,0.0,0.0,0.0,0.0,0.0,0.0,0.0,0.0,0.0,0.0,0.0,0.0,0.0,0.0,0.0,0.0,0.0,0.0,0.0,0.0,0.0,373.9343835511549,373.9343835511549,373.9343835511549,0.0,0.0,0.0,-1070.3726526467594,-1070.3726526467594,-1070.3726526467594,2476.467799301349,2476.467799301349,2476.467799301349,-1032.1607631034349,-1032.1607631034349,-1032.1607631034349,0.0,0.0,0.0,40140.34250277541
2018-08-30,39802.484567921434,33662.60047376744,46961.76027383884,39709.39158630943,39890.565027105826,0.0,0.0,0.0,0.0,0.0,0.0,0.0,0.0,0.0,0.0,0.0,0.0,0.0,0.0,0.0,0.0,0.0,0.0,0.0,0.0,0.0,0.0,0.0,0.0,0.0,0.0,0.0,0.0,0.0,0.0,0.0,0.0,0.0,0.0,0.0,0.0,573.1722144920659,573.1722144920659,573.1722144920659,0.0,0.0,0.0,-47.71274970569764,-47.71274970569764,-47.71274970569764,1219.9357873455044,1219.9357873455044,1219.9357873455044,-599.05082314774,-599.05082314774,-599.05082314774,0.0,0.0,0.0,40375.6567824135
2018-08-31,39838.56101661862,33067.4168150781,45965.31482997482,39740.78938063535,39932.527486709936,0.0,0.0,0.0,0.0,0.0,0.0,0.0,0.0,0.0,0.0,0.0,0.0,0.0,0.0,0.0,0.0,0.0,0.0,0.0,0.0,0.0,0.0,0.0,0.0,0.0,0.0,0.0,0.0,0.0,0.0,0.0,0.0,0.0,0.0,0.0,0.0,-468.38692197879686,-468.38692197879686,-468.38692197879686,0.0,0.0,0.0,696.0629871053771,696.0629871053771,696.0629871053771,-965.6856366782594,-965.6856366782594,-965.6856366782594,-198.7642724059143,-198.7642724059143,-198.7642724059143,0.0,0.0,0.0,39370.17409463983
2018-09-01,39874.637465315805,28604.982051936116,41358.94462616302,39770.332872091494,39974.86285204034,0.0,0.0,0.0,0.0,0.0,0.0,0.0,0.0,0.0,0.0,0.0,0.0,0.0,0.0,0.0,0.0,0.0,0.0,0.0,0.0,0.0,0.0,0.0,0.0,0.0,0.0,0.0,0.0,0.0,0.0,0.0,0.0,0.0,0.0,0.0,0.0,-4812.9672611961905,-4812.9672611961905,-4812.9672611961905,0.0,0.0,0.0,973.7220397020504,973.7220397020504,973.7220397020504,-5946.296305795467,-5946.296305795467,-5946.296305795467,159.60700489722495,159.60700489722495,159.60700489722495,0.0,0.0,0.0,35061.67020411961
2018-09-02,39910.713914012995,30625.465526560725,43789.43720172623,39798.75334175239,40014.48082735137,0.0,0.0,0.0,0.0,0.0,0.0,0.0,0.0,0.0,0.0,0.0,0.0,0.0,0.0,0.0,0.0,0.0,0.0,0.0,0.0,0.0,0.0,0.0,0.0,0.0,0.0,0.0,0.0,0.0,0.0,0.0,0.0,0.0,0.0,0.0,0.0,-2871.3047425708073,-2871.3047425708073,-2871.3047425708073,0.0,0.0,0.0,996.5691629587664,996.5691629587664,996.5691629587664,-4335.859526213159,-4335.859526213159,-4335.859526213159,467.9856206835856,467.9856206835856,467.9856206835856,0.0,0.0,0.0,37039.40917144219
2018-09-03,39946.79036271018,39364.42431748567,52454.727309614536,39830.43846483036,40056.87088578221,0.0,0.0,0.0,0.0,0.0,0.0,0.0,0.0,0.0,0.0,0.0,0.0,0.0,0.0,0.0,0.0,0.0,0.0,0.0,0.0,0.0,0.0,0.0,0.0,0.0,0.0,0.0,0.0,0.0,0.0,0.0,0.0,0.0,0.0,0.0,0.0,6017.312976206919,6017.312976206919,6017.312976206919,0.0,0.0,0.0,1094.2714922879086,1094.2714922879086,1094.2714922879086,4203.539984509324,4203.539984509324,4203.539984509324,719.5014994096878,719.5014994096878,719.5014994096878,0.0,0.0,0.0,45964.1033389171
2018-09-04,39982.86681140735,38514.77619186744,52189.21695131133,39859.38622363242,40097.60765665019,0.0,0.0,0.0,0.0,0.0,0.0,0.0,0.0,0.0,0.0,0.0,0.0,0.0,0.0,0.0,0.0,0.0,0.0,0.0,0.0,0.0,0.0,0.0,0.0,0.0,0.0,0.0,0.0,0.0,0.0,0.0,0.0,0.0,0.0,0.0,0.0,5617.881134502721,5617.881134502721,5617.881134502721,0.0,0.0,0.0,1361.3279878888338,1361.3279878888338,1361.3279878888338,3347.8978975245045,3347.8978975245045,3347.8978975245045,908.6552490893811,908.6552490893811,908.6552490893811,0.0,0.0,0.0,45600.74794591007
2018-09-05,40018.94326010454,38701.481075398166,51620.87962898351,39890.51759310439,40137.412607164595,0.0,0.0,0.0,0.0,0.0,0.0,0.0,0.0,0.0,0.0,0.0,0.0,0.0,0.0,0.0,0.0,0.0,0.0,0.0,0.0,0.0,0.0,0.0,0.0,0.0,0.0,0.0,0.0,0.0,0.0,0.0,0.0,0.0,0.0,0.0,0.0,5085.58935184454,5085.58935184454,5085.58935184454,0.0,0.0,0.0,1577.6733750083945,1577.6733750083945,1577.6733750083945,2476.467799299758,2476.467799299758,2476.467799299758,1031.448177536387,1031.448177536387,1031.448177536387,0.0,0.0,0.0,45104.53261194908
2018-09-06,40055.01970880172,37168.89003554479,50353.3969978038,39921.90449605944,40177.55117054762,0.0,0.0,0.0,0.0,0.0,0.0,0.0,0.0,0.0,0.0,0.0,0.0,0.0,0.0,0.0,0.0,0.0,0.0,0.0,0.0,0.0,0.0,0.0,0.0,0.0,0.0,0.0,0.0,0.0,0.0,0.0,0.0,0.0,0.0,0.0,0.0,3766.696599927953,3766.696599927953,3766.696599927953,0.0,0.0,0.0,1461.2849659427768,1461.2849659427768,1461.2849659427768,1219.9357873465704,1219.9357873465704,1219.9357873465704,1085.4758466386056,1085.4758466386056,1085.4758466386056,0.0,0.0,0.0,43821.71630872968
2018-09-07,40091.09615749891,26663.356525857776,39718.62892176024,39952.39161214082,40217.77954082977,0.0,0.0,0.0,0.0,0.0,0.0,0.0,0.0,0.0,0.0,0.0,0.0,0.0,0.0,0.0,0.0,0.0,0.0,-8035.19299968224,-8035.19299968224,-8035.19299968224,0.0,0.0,0.0,0.0,0.0,0.0,0.0,0.0,0.0,0.0,0.0,0.0,0.0,0.0,0.0,-6949.996095313721,-6949.996095313721,-6949.996095313721,-8035.19299968224,-8035.19299968224,-8035.19299968224,980.8996075556392,980.8996075556392,980.8996075556392,-965.6856366663209,-965.6856366663209,-965.6856366663209,1069.9829334792007,1069.9829334792007,1069.9829334792007,0.0,0.0,0.0,33141.10006218519
2018-09-08,40127.17260619609,28837.094632570766,41827.24696325704,39982.08295242614,40257.828297313645,0.0,0.0,0.0,0.0,0.0,0.0,0.0,0.0,0.0,0.0,0.0,0.0,0.0,0.0,0.0,0.0,0.0,0.0,0.0,0.0,0.0,0.0,0.0,0.0,0.0,0.0,0.0,0.0,0.0,0.0,0.0,0.0,0.0,0.0,0.0,0.0,-4549.83533017949,-4549.83533017949,-4549.83533017949,0.0,0.0,0.0,410.58287983395127,410.58287983395127,410.58287983395127,-5946.296305796929,-5946.296305796929,-5946.296305796929,985.878095783489,985.878095783489,985.878095783489,0.0,0.0,0.0,35577.337276016595
2018-09-09,40163.24905489328,30298.78123662609,43646.63614279601,40012.405232512516,40298.71935755731,0.0,0.0,0.0,0.0,0.0,0.0,0.0,0.0,0.0,0.0,0.0,0.0,0.0,0.0,0.0,0.0,0.0,0.0,0.0,0.0,0.0,0.0,0.0,0.0,0.0,0.0,0.0,0.0,0.0,0.0,0.0,0.0,0.0,0.0,0.0,0.0,-3420.6464669390252,-3420.6464669390252,-3420.6464669390252,0.0,0.0,0.0,79.504560884793,79.504560884793,79.504560884793,-4335.859526209174,-4335.859526209174,-4335.859526209174,835.7084983853564,835.7084983853564,835.7084983853564,0.0,0.0,0.0,36742.60258795425
2018-09-10,40199.325503590466,38471.140246425966,51637.88332878164,40043.4265356482,40341.388958618794,0.0,0.0,0.0,0.0,0.0,0.0,0.0,0.0,0.0,0.0,0.0,0.0,0.0,0.0,0.0,0.0,0.0,0.0,0.0,0.0,0.0,0.0,0.0,0.0,0.0,0.0,0.0,0.0,0.0,0.0,0.0,0.0,0.0,0.0,0.0,0.0,4906.5063232816165,4906.5063232816165,4906.5063232816165,0.0,0.0,0.0,79.37171435346768,79.37171435346768,79.37171435346768,4203.539984511191,4203.539984511191,4203.539984511191,623.594624416958,623.594624416958,623.594624416958,0.0,0.0,0.0,45105.83182687208
2018-09-11,40235.40195228765,38070.233855051694,50437.56676217174,40072.188318599925,40386.428237978245,0.0,0.0,0.0,0.0,0.0,0.0,0.0,0.0,0.0,0.0,0.0,0.0,0.0,0.0,0.0,0.0,0.0,0.0,0.0,0.0,0.0,0.0,0.0,0.0,0.0,0.0,0.0,0.0,0.0,0.0,0.0,0.0,0.0,0.0,0.0,0.0,3930.1945484850758,3930.1945484850758,3930.1945484850758,0.0,0.0,0.0,227.16970438909598,227.16970438909598,227.16970438909598,3347.8978975222844,3347.8978975222844,3347.8978975222844,355.1269465736959,355.1269465736959,355.1269465736959,0.0,0.0,0.0,44165.59650077272
2018-09-12,40271.47840098482,36589.69837372976,49824.51241678224,40102.16421672904,40427.51624399334,0.0,0.0,0.0,0.0,0.0,0.0,0.0,0.0,0.0,0.0,0.0,0.0,0.0,0.0,0.0,0.0,0.0,0.0,0.0,0.0,0.0,0.0,0.0,0.0,0.0,0.0,0.0,0.0,0.0,0.0,0.0,0.0,0.0,0.0,0.0,0.0,2824.194251200641,2824.194251200641,2824.194251200641,0.0,0.0,0.0,310.49950416273714,310.49950416273714,310.49950416273714,2476.4677992981674,2476.4677992981674,2476.4677992981674,37.22694773973641,37.22694773973641,37.22694773973641,0.0,0.0,0.0,43095.672652185465
2018-09-13,40307.55484968201,35293.35319871236,48258.15386606471,40136.287995395964,40468.949332224736,0.0,0.0,0.0,0.0,0.0,0.0,0.0,0.0,0.0,0.0,0.0,0.0,0.0,0.0,0.0,0.0,0.0,0.0,0.0,0.0,0.0,0.0,0.0,0.0,0.0,0.0,0.0,0.0,0.0,0.0,0.0,0.0,0.0,0.0,0.0,0.0,1242.6356275925828,1242.6356275925828,1242.6356275925828,0.0,0.0,0.0,344.7240055966784,344.7240055966784,344.7240055966784,1219.9357873427211,1219.9357873427211,1219.9357873427211,-322.0241653468168,-322.0241653468168,-322.0241653468168,0.0,0.0,0.0,41550.19047727459
2018-09-14,40343.6312983792,32921.597743443184,45684.473694733766,40167.188625823146,40509.786913210846,0.0,0.0,0.0,0.0,0.0,0.0,0.0,0.0,0.0,0.0,0.0,0.0,0.0,0.0,0.0,0.0,0.0,0.0,0.0,0.0,0.0,0.0,0.0,0.0,0.0,0.0,0.0,0.0,0.0,0.0,0.0,0.0,0.0,0.0,0.0,0.0,-1126.1887073540488,-1126.1887073540488,-1126.1887073540488,0.0,0.0,0.0,553.0818662086466,553.0818662086466,553.0818662086466,-965.6856366717791,-965.6856366717791,-965.6856366717791,-713.5849368909156,-713.5849368909156,-713.5849368909156,0.0,0.0,0.0,39217.44259102515
2018-09-15,40379.70774707638,28019.325177635703,41535.463373612074,40197.343844654984,40550.72954607086,0.0,0.0,0.0,0.0,0.0,0.0,0.0,0.0,0.0,0.0,0.0,0.0,0.0,0.0,0.0,0.0,0.0,0.0,0.0,0.0,0.0,0.0,0.0,0.0,0.0,0.0,0.0,0.0,0.0,0.0,0.0,0.0,0.0,0.0,0.0,0.0,-6004.75595388884,-6004.75595388884,-6004.75595388884,0.0,0.0,0.0,1069.2168818321688,1069.2168818321688,1069.2168818321688,-5946.296305791276,-5946.296305791276,-5946.296305791276,-1127.676529929734,-1127.676529929734,-1127.676529929734,0.0,0.0,0.0,34374.951793187545
2018-09-16,40415.784195773565,29768.94868245834,42707.83871711961,40225.35272664685,40591.67217893088,0.0,0.0,0.0,0.0,0.0,0.0,0.0,0.0,0.0,0.0,0.0,0.0,0.0,0.0,0.0,0.0,0.0,0.0,0.0,0.0,0.0,0.0,0.0,0.0,0.0,0.0,0.0,0.0,0.0,0.0,0.0,0.0,0.0,0.0,0.0,0.0,-4221.292457480454,-4221.292457480454,-4221.292457480454,0.0,0.0,0.0,1668.5906975833836,1668.5906975833836,1668.5906975833836,-4335.8595262051895,-4335.8595262051895,-4335.8595262051895,-1554.0236288586477,-1554.0236288586477,-1554.0236288586477,0.0,0.0,0.0,36194.49173829311
2018-09-17,40451.86064447075,38411.74982883332,51108.14308059589,40251.561440965364,40632.61481179088,0.0,0.0,0.0,0.0,0.0,0.0,0.0,0.0,0.0,0.0,0.0,0.0,0.0,0.0,0.0,0.0,0.0,0.0,0.0,0.0,0.0,0.0,0.0,0.0,0.0,0.0,0.0,0.0,0.0,0.0,0.0,0.0,0.0,0.0,0.0,0.0,4063.604722290588,4063.604722290588,4063.604722290588,0.0,0.0,0.0,1842.1723199221767,1842.1723199221767,1842.1723199221767,4203.539984517716,4203.539984517716,4203.539984517716,-1982.1075821493048,-1982.1075821493048,-1982.1075821493048,0.0,0.0,0.0,44515.46536676134
2018-09-18,40487.93709316793,36544.25594581903,49147.942417909304,40279.939230186894,40676.007802642205,0.0,0.0,0.0,0.0,0.0,0.0,0.0,0.0,0.0,0.0,0.0,0.0,0.0,0.0,0.0,0.0,0.0,0.0,0.0,0.0,0.0,0.0,0.0,0.0,0.0,0.0,0.0,0.0,0.0,0.0,0.0,0.0,0.0,0.0,0.0,0.0,2150.827746152009,2150.827746152009,2150.827746152009,0.0,0.0,0.0,1204.3555406331059,1204.3555406331059,1204.3555406331059,3347.897897525129,3347.897897525129,3347.897897525129,-2401.425692006226,-2401.425692006226,-2401.425692006226,0.0,0.0,0.0,42638.76483931994
2018-09-19,40524.01354186512,33862.55161479247,46623.95951565367,40308.772700333975,40722.49756907041,0.0,0.0,0.0,0.0,0.0,0.0,0.0,0.0,0.0,0.0,0.0,0.0,0.0,0.0,0.0,0.0,0.0,0.0,0.0,0.0,0.0,0.0,0.0,0.0,0.0,0.0,0.0,0.0,0.0,0.0,0.0,0.0,0.0,0.0,0.0,0.0,-444.78907631893725,-444.78907631893725,-444.78907631893725,0.0,0.0,0.0,-119.50647245619436,-119.50647245619436,-119.50647245619436,2476.4677993021583,2476.4677993021583,2476.4677993021583,-2801.750403164901,-2801.750403164901,-2801.750403164901,0.0,0.0,0.0,40079.22446554618
2018-09-20,40560.0899905623,30603.48228023546,43653.944579308816,40339.50403902417,40766.47147281014,0.0,0.0,0.0,0.0,0.0,0.0,0.0,0.0,0.0,0.0,0.0,0.0,0.0,0.0,0.0,0.0,0.0,0.0,0.0,0.0,0.0,0.0,0.0,0.0,0.0,0.0,0.0,0.0,0.0,0.0,0.0,0.0,0.0,0.0,0.0,0.0,-3459.075729823444,-3459.075729823444,-3459.075729823444,0.0,0.0,0.0,-1505.629380921791,-1505.629380921791,-1505.629380921791,1219.9357873494832,1219.9357873494832,1219.9357873494832,-3173.3821362511376,-3173.3821362511376,-3173.3821362511376,0.0,0.0,0.0,37101.014260738855
2018-09-21,40596.16643925948,26955.470925658592,40099.53530618043,40368.79744931218,40806.491514806,0.0,0.0,0.0,0.0,0.0,0.0,0.0,0.0,0.0,0.0,0.0,0.0,0.0,0.0,0.0,0.0,0.0,0.0,0.0,0.0,0.0,0.0,0.0,0.0,0.0,0.0,0.0,0.0,0.0,0.0,0.0,0.0,0.0,0.0,0.0,0.0,-6752.507781136721,-6752.507781136721,-6752.507781136721,0.0,0.0,0.0,-2279.432492278741,-2279.432492278741,-2279.432492278741,-965.6856366708955,-965.6856366708955,-965.6856366708955,-3507.3896521870847,-3507.3896521870847,-3507.3896521870847,0.0,0.0,0.0,33843.65865812276
2018-09-22,40632.242887956665,22328.545547666952,35741.450671095634,40395.03556174407,40848.24760589768,0.0,0.0,0.0,0.0,0.0,0.0,0.0,0.0,0.0,0.0,0.0,0.0,0.0,0.0,0.0,0.0,0.0,0.0,0.0,0.0,0.0,0.0,0.0,0.0,0.0,0.0,0.0,0.0,0.0,0.0,0.0,0.0,0.0,0.0,0.0,0.0,-11971.948446466524,-11971.948446466524,-11971.948446466524,0.0,0.0,0.0,-2229.8200209116417,-2229.8200209116417,-2229.8200209116417,-5946.296305797868,-5946.296305797868,-5946.296305797868,-3795.832119757017,-3795.832119757017,-3795.832119757017,0.0,0.0,0.0,28660.294441490143
2018-09-23,40668.31933665385,24675.626480018764,37246.37986759811,40422.967428821205,40893.06298648311,0.0,0.0,0.0,0.0,0.0,0.0,0.0,0.0,0.0,0.0,0.0,0.0,0.0,0.0,0.0,0.0,0.0,0.0,0.0,0.0,0.0,0.0,0.0,0.0,0.0,0.0,0.0,0.0,0.0,0.0,0.0,0.0,0.0,0.0,0.0,0.0,-10109.250841686684,-10109.250841686684,-10109.250841686684,0.0,0.0,0.0,-1741.4338336530045,-1741.4338336530045,-1741.4338336530045,-4335.859526201206,-4335.859526201206,-4335.859526201206,-4031.9574818324736,-4031.9574818324736,-4031.9574818324736,0.0,0.0,0.0,30559.068494967163
2018-09-24,40704.39578535104,32456.693030860097,45649.841871624325,40452.79904746033,40931.860871921075,0.0,0.0,0.0,0.0,0.0,0.0,0.0,0.0,0.0,0.0,0.0,0.0,0.0,0.0,0.0,0.0,0.0,0.0,0.0,0.0,0.0,0.0,0.0,0.0,0.0,0.0,0.0,0.0,0.0,0.0,0.0,0.0,0.0,0.0,0.0,0.0,-1434.1590351605528,-1434.1590351605528,-1434.1590351605528,0.0,0.0,0.0,-1427.3267526837303,-1427.3267526837303,-1427.3267526837303,4203.539984509488,4203.539984509488,4203.539984509488,-4210.37226698631,-4210.37226698631,-4210.37226698631,0.0,0.0,0.0,39270.23675019048
2018-09-25,40740.472234048226,31704.783138645405,44771.59910985625,40483.081384388846,40976.17682687272,0.0,0.0,0.0,0.0,0.0,0.0,0.0,0.0,0.0,0.0,0.0,0.0,0.0,0.0,0.0,0.0,0.0,0.0,0.0,0.0,0.0,0.0,0.0,0.0,0.0,0.0,0.0,0.0,0.0,0.0,0.0,0.0,0.0,0.0,0.0,0.0,-2568.371336703565,-2568.371336703565,-2568.371336703565,0.0,0.0,0.0,-1589.0905747924328,-1589.0905747924328,-1589.0905747924328,3347.8978975234018,3347.8978975234018,3347.8978975234018,-4327.178659434533,-4327.178659434533,-4327.178659434533,0.0,0.0,0.0,38172.10089734466
2018-09-26,40776.5486827454,30651.736102930954,43516.763184068994,40513.54045061809,41016.51802784601,0.0,0.0,0.0,0.0,0.0,0.0,0.0,0.0,0.0,0.0,0.0,0.0,0.0,0.0,0.0,0.0,0.0,0.0,0.0,0.0,0.0,0.0,0.0,0.0,0.0,0.0,0.0,0.0,0.0,0.0,0.0,0.0,0.0,0.0,0.0,0.0,-3884.192556718011,-3884.192556718011,-3884.192556718011,0.0,0.0,0.0,-1980.5849502173564,-1980.5849502173564,-1980.5849502173564,2476.467799297349,2476.467799297349,2476.467799297349,-4380.075405798004,-4380.075405798004,-4380.075405798004,0.0,0.0,0.0,36892.35612602739
2018-09-27,40812.62513144259,29030.121568228427,42277.0499506704,40537.9939753741,41062.858519791625,0.0,0.0,0.0,0.0,0.0,0.0,0.0,0.0,0.0,0.0,0.0,0.0,0.0,0.0,0.0,0.0,0.0,0.0,0.0,0.0,0.0,0.0,0.0,0.0,0.0,0.0,0.0,0.0,0.0,0.0,0.0,0.0,0.0,0.0,0.0,0.0,-5217.137446646481,-5217.137446646481,-5217.137446646481,0.0,0.0,0.0,-2068.653249637947,-2068.653249637947,-2068.653249637947,1219.9357873505494,1219.9357873505494,1219.9357873505494,-4368.419984359083,-4368.419984359083,-4368.419984359083,0.0,0.0,0.0,35595.487684796106
2018-09-28,40848.70158013977,27383.124304224613,40787.68620916455,40560.99703859964,41106.2955322533,0.0,0.0,0.0,0.0,0.0,0.0,0.0,0.0,0.0,0.0,0.0,0.0,0.0,0.0,0.0,0.0,0.0,0.0,0.0,0.0,0.0,0.0,0.0,0.0,0.0,0.0,0.0,0.0,0.0,0.0,0.0,0.0,0.0,0.0,0.0,0.0,-6792.781091738425,-6792.781091738425,-6792.781091738425,0.0,0.0,0.0,-1533.8450836621287,-1533.8450836621287,-1533.8450836621287,-965.6856366826959,-965.6856366826959,-965.6856366826959,-4293.250371393599,-4293.250371393599,-4293.250371393599,0.0,0.0,0.0,34055.920488401345
2018-09-29,40884.778028836954,23747.51216082886,37343.125517330096,40586.75955703747,41148.540367764916,0.0,0.0,0.0,0.0,0.0,0.0,0.0,0.0,0.0,0.0,0.0,0.0,0.0,0.0,0.0,0.0,0.0,0.0,0.0,0.0,0.0,0.0,0.0,0.0,0.0,0.0,0.0,0.0,0.0,0.0,0.0,0.0,0.0,0.0,0.0,0.0,-10655.354374526913,-10655.354374526913,-10655.354374526913,0.0,0.0,0.0,-551.7923798029361,-551.7923798029361,-551.7923798029361,-5946.296305799329,-5946.296305799329,-5946.296305799329,-4157.265688924647,-4157.265688924647,-4157.265688924647,0.0,0.0,0.0,30229.42365431004
2018-09-30,40920.854477534136,26803.86748428112,39722.92947804237,40619.487561190545,41191.18167345947,0.0,0.0,0.0,0.0,0.0,0.0,0.0,0.0,0.0,0.0,0.0,0.0,0.0,0.0,0.0,0.0,0.0,0.0,0.0,0.0,0.0,0.0,0.0,0.0,0.0,0.0,0.0,0.0,0.0,0.0,0.0,0.0,0.0,0.0,0.0,0.0,-7919.486901104588,-7919.486901104588,-7919.486901104588,0.0,0.0,0.0,381.13861164080845,381.13861164080845,381.13861164080845,-4335.859526206443,-4335.859526206443,-4335.859526206443,-3964.7659865389523,-3964.7659865389523,-3964.7659865389523,0.0,0.0,0.0,33001.36757642955
